Customer_ID,Current_Net_Worth,Savings_Rate(%),Goal_Amount(₹),Primary_Financial_Goal,cluster,cluster_label
CUST200000,949585.0,22.13,5497227.0,Retirement,3,Mid NW • Retirement
CUST200001,9004814.0,41.86,17765667.0,Retirement,1,High NW • Wealth (large goals)
CUST200002,-165545.0,2.95,388154.0,Emergency_Fund,2,Low NW • Education
CUST200003,147411.0,2.65,434977.0,Emergency_Fund,2,Low NW • Education
CUST200004,2805939.0,11.87,1978416.0,Retirement,3,Mid NW • Retirement
CUST200005,6211650.0,13.1,527259.0,House,0,Mid NW • House
CUST200006,3629224.0,13.21,2671057.0,House,0,Mid NW • House
CUST200007,28532018.0,47.82,11619274.0,Wealth,4,High NW • Wealth (modest goals)
CUST200008,26237564.0,44.56,2420615.0,Wealth,4,High NW • Wealth (modest goals)
CUST200009,-186495.0,2.91,472219.0,Education,2,Low NW • Education
CUST200010,1747642.0,10.88,1497932.0,Retirement,3,Mid NW • Retirement
CUST200011,2158876.0,10.06,3382236.0,House,0,Mid NW • House
CUST200012,2423014.0,22.72,4092947.0,Retirement,3,Mid NW • Retirement
CUST200013,3100683.0,19.43,4249839.0,House,0,Mid NW • House
CUST200014,3831186.0,22.37,1289089.0,House,0,Mid NW • House
CUST200015,47810.0,28.47,4726504.0,Retirement,3,Mid NW • Retirement
CUST200016,-236716.0,23.38,3533809.0,House,0,Mid NW • House
CUST200017,25768742.0,49.17,19365696.0,Wealth,1,High NW • Wealth (large goals)
CUST200018,-40815.0,7.5,531400.0,Emergency_Fund,2,Low NW • Education
CUST200019,45135837.0,57.14,24278427.0,Wealth,4,High NW • Wealth (modest goals)
CUST200020,11680781.0,23.39,3185392.0,Retirement,3,Mid NW • Retirement
CUST200021,5145984.0,15.22,4499901.0,House,0,Mid NW • House
CUST200022,4109230.0,19.76,4433547.0,House,0,Mid NW • House
CUST200023,7840236.0,21.88,4395264.0,House,0,Mid NW • House
CUST200024,24480195.0,48.78,22941413.0,Wealth,1,High NW • Wealth (large goals)
CUST200025,3580338.0,21.17,5082815.0,Education,2,Low NW • Education
CUST200026,1625537.0,29.44,3819084.0,House,0,Mid NW • House
CUST200027,2846907.0,25.6,1407447.0,Retirement,3,Mid NW • Retirement
CUST200028,24412361.0,41.24,3271629.0,Wealth,4,High NW • Wealth (modest goals)
CUST200029,5155427.0,11.94,868564.0,Education,2,Low NW • Education
CUST200030,3201846.0,27.27,1710571.0,Retirement,3,Mid NW • Retirement
CUST200031,470292.0,19.4,1574928.0,Education,2,Low NW • Education
CUST200032,4213770.0,15.08,4967707.0,Retirement,3,Mid NW • Retirement
CUST200033,5627594.0,21.88,2726222.0,Education,2,Low NW • Education
CUST200034,11592185.0,23.49,1036840.0,Retirement,3,Mid NW • Retirement
CUST200035,5029648.0,28.67,2660218.0,House,0,Mid NW • House
CUST200036,3121108.0,15.69,5750022.0,House,0,Mid NW • House
CUST200037,2630081.0,17.78,3864062.0,House,0,Mid NW • House
CUST200038,-85307.0,3.08,368331.0,Emergency_Fund,2,Low NW • Education
CUST200039,6827062.0,21.4,2635224.0,House,0,Mid NW • House
CUST200040,1633113.0,14.32,1902356.0,House,0,Mid NW • House
CUST200041,32814029.0,49.67,8486502.0,House,4,High NW • Wealth (modest goals)
CUST200042,2361296.0,25.11,2486914.0,Retirement,3,Mid NW • Retirement
CUST200043,573503.0,28.72,1296529.0,Education,2,Low NW • Education
CUST200044,60382901.0,39.17,9463892.0,Retirement,4,High NW • Wealth (modest goals)
CUST200045,2888277.0,14.02,2072153.0,Retirement,3,Mid NW • Retirement
CUST200046,1495927.0,19.78,1680845.0,Retirement,3,Mid NW • Retirement
CUST200047,2019705.0,14.02,2864606.0,House,0,Mid NW • House
CUST200048,768819.0,14.2,5224389.0,Retirement,3,Mid NW • Retirement
CUST200049,3109600.0,15.53,1765745.0,House,0,Mid NW • House
CUST200050,20863567.0,51.02,14705271.0,Wealth,1,High NW • Wealth (large goals)
CUST200051,1448154.0,19.09,3595711.0,Education,2,Low NW • Education
CUST200052,1912214.0,18.06,1311821.0,Retirement,3,Mid NW • Retirement
CUST200053,45906961.0,57.8,19966219.0,Retirement,4,High NW • Wealth (modest goals)
CUST200054,8858548.0,41.12,29606855.0,Wealth,1,High NW • Wealth (large goals)
CUST200055,1373347.0,10.2,1833258.0,Retirement,3,Mid NW • Retirement
CUST200056,1473313.0,14.79,3501566.0,House,0,Mid NW • House
CUST200057,1187289.0,15.48,5704827.0,House,0,Mid NW • House
CUST200058,4782735.0,11.66,669848.0,Retirement,3,Mid NW • Retirement
CUST200059,13322256.0,30.0,5782526.0,House,0,Mid NW • House
CUST200060,6734294.0,15.61,5318309.0,Retirement,3,Mid NW • Retirement
CUST200061,78675.0,20.57,3302640.0,Retirement,3,Mid NW • Retirement
CUST200062,1413772.0,25.6,1991927.0,Retirement,3,Mid NW • Retirement
CUST200063,4689625.0,17.9,2830801.0,Retirement,3,Mid NW • Retirement
CUST200064,-534396.0,29.39,1501212.0,House,0,Mid NW • House
CUST200065,2084046.0,16.13,5300630.0,Education,2,Low NW • Education
CUST200066,4888801.0,22.76,3109920.0,Retirement,3,Mid NW • Retirement
CUST200067,3469402.0,23.8,4929714.0,Retirement,3,Mid NW • Retirement
CUST200068,7664878.0,23.65,1631164.0,House,0,Mid NW • House
CUST200069,1614903.0,26.17,2601124.0,Retirement,3,Mid NW • Retirement
CUST200070,11185667.0,20.09,5786485.0,Retirement,3,Mid NW • Retirement
CUST200071,17386817.0,35.54,13620854.0,Wealth,1,High NW • Wealth (large goals)
CUST200072,3800652.0,20.29,2970642.0,House,0,Mid NW • House
CUST200073,3297683.0,19.21,1865686.0,Retirement,3,Mid NW • Retirement
CUST200074,15618860.0,25.28,5244814.0,Retirement,3,Mid NW • Retirement
CUST200075,45268404.0,40.34,21923189.0,Retirement,4,High NW • Wealth (modest goals)
CUST200076,2156476.0,40.84,7459830.0,House,0,Mid NW • House
CUST200077,625922.0,21.64,5791468.0,House,0,Mid NW • House
CUST200078,680125.0,17.36,5642373.0,Retirement,3,Mid NW • Retirement
CUST200079,1016185.0,14.53,791725.0,House,0,Mid NW • House
CUST200080,2129804.0,29.59,575061.0,Education,2,Low NW • Education
CUST200081,3758294.0,19.77,4641406.0,House,0,Mid NW • House
CUST200082,49128835.0,48.88,13699866.0,Retirement,4,High NW • Wealth (modest goals)
CUST200083,1436936.0,16.21,3301817.0,House,0,Mid NW • House
CUST200084,-91164.0,22.16,3701543.0,House,0,Mid NW • House
CUST200085,3165157.0,29.5,5586492.0,House,0,Mid NW • House
CUST200086,46531.0,15.01,5782718.0,Education,2,Low NW • Education
CUST200087,1170328.0,25.84,4211010.0,House,0,Mid NW • House
CUST200088,2800801.0,18.02,5325296.0,House,0,Mid NW • House
CUST200089,22553603.0,30.54,7625765.0,Retirement,3,Mid NW • Retirement
CUST200090,3682594.0,20.09,4043282.0,Education,2,Low NW • Education
CUST200091,-446003.0,21.68,4796537.0,Retirement,3,Mid NW • Retirement
CUST200092,1213306.0,10.28,724432.0,Retirement,3,Mid NW • Retirement
CUST200093,8612812.0,20.25,5265876.0,Retirement,3,Mid NW • Retirement
CUST200094,4048820.0,27.86,5804815.0,Retirement,3,Mid NW • Retirement
CUST200095,78421.0,16.3,906398.0,Retirement,3,Mid NW • Retirement
CUST200096,2349732.0,15.12,3158207.0,Retirement,3,Mid NW • Retirement
CUST200097,34433363.0,40.55,12585036.0,House,4,High NW • Wealth (modest goals)
CUST200098,153778.0,14.32,1235045.0,House,0,Mid NW • House
CUST200099,15483523.0,40.28,2553355.0,House,0,Mid NW • House
CUST200100,970030.0,10.5,1226157.0,Retirement,3,Mid NW • Retirement
CUST200101,275032.0,7.34,490247.0,Emergency_Fund,2,Low NW • Education
CUST200102,27064963.0,40.45,4334294.0,Retirement,4,High NW • Wealth (modest goals)
CUST200103,4269964.0,28.33,882786.0,House,0,Mid NW • House
CUST200104,5982330.0,11.05,5302274.0,Retirement,3,Mid NW • Retirement
CUST200105,9529562.0,49.17,29301037.0,Wealth,1,High NW • Wealth (large goals)
CUST200106,391060.0,10.85,4479416.0,House,0,Mid NW • House
CUST200107,3144662.0,20.71,2076783.0,Retirement,3,Mid NW • Retirement
CUST200108,10449924.0,29.05,3177655.0,Retirement,3,Mid NW • Retirement
CUST200109,9258363.0,29.0,895393.0,Retirement,3,Mid NW • Retirement
CUST200110,6049633.0,25.51,1022796.0,Education,2,Low NW • Education
CUST200111,7510132.0,22.24,757454.0,Retirement,3,Mid NW • Retirement
CUST200112,13586814.0,34.46,28042332.0,Retirement,1,High NW • Wealth (large goals)
CUST200113,64802.0,28.86,542560.0,Education,2,Low NW • Education
CUST200114,4265243.0,28.75,4207284.0,House,0,Mid NW • House
CUST200115,1924098.0,28.08,5912983.0,Education,2,Low NW • Education
CUST200116,15954164.0,27.89,1505098.0,House,0,Mid NW • House
CUST200117,84301.0,19.58,5220139.0,Retirement,3,Mid NW • Retirement
CUST200118,8011170.0,25.3,5156642.0,House,0,Mid NW • House
CUST200119,3424417.0,25.41,5095331.0,House,0,Mid NW • House
CUST200120,10796552.0,27.55,5534018.0,House,0,Mid NW • House
CUST200121,9627302.0,20.81,4118277.0,Education,2,Low NW • Education
CUST200122,587009.0,14.39,4791397.0,House,0,Mid NW • House
CUST200123,519258.0,10.77,737055.0,Education,2,Low NW • Education
CUST200124,-205407.0,17.38,2149821.0,House,0,Mid NW • House
CUST200125,5748443.0,26.19,3243688.0,Retirement,3,Mid NW • Retirement
CUST200126,6936281.0,14.76,5502410.0,House,0,Mid NW • House
CUST200127,335064.0,7.66,347487.0,Emergency_Fund,2,Low NW • Education
CUST200128,4498760.0,24.79,2048453.0,Retirement,3,Mid NW • Retirement
CUST200129,915246.0,11.55,3786720.0,Retirement,3,Mid NW • Retirement
CUST200130,147776.0,6.15,582458.0,Emergency_Fund,2,Low NW • Education
CUST200131,1766280.0,24.33,5701658.0,House,0,Mid NW • House
CUST200132,131261.0,22.32,4168444.0,Retirement,3,Mid NW • Retirement
CUST200133,2424270.0,25.66,1481883.0,Retirement,3,Mid NW • Retirement
CUST200134,2003476.0,15.41,3242632.0,Education,2,Low NW • Education
CUST200135,9862745.0,25.61,1694990.0,House,0,Mid NW • House
CUST200136,-220771.0,12.03,1018567.0,House,0,Mid NW • House
CUST200137,1672009.0,11.97,5748724.0,House,0,Mid NW • House
CUST200138,1458981.0,17.99,1613672.0,Retirement,3,Mid NW • Retirement
CUST200139,10375417.0,25.58,4557272.0,Education,2,Low NW • Education
CUST200140,299184.0,20.16,1294507.0,Retirement,3,Mid NW • Retirement
CUST200141,342194.0,23.15,3690184.0,Retirement,3,Mid NW • Retirement
CUST200142,7651052.0,18.52,5679883.0,Retirement,3,Mid NW • Retirement
CUST200143,2284828.0,13.92,5277666.0,Education,2,Low NW • Education
CUST200144,1948829.0,27.67,2606489.0,Retirement,3,Mid NW • Retirement
CUST200145,4822500.0,27.73,3059354.0,House,0,Mid NW • House
CUST200146,571596.0,29.89,4103373.0,House,0,Mid NW • House
CUST200147,16925217.0,42.92,19739025.0,Wealth,1,High NW • Wealth (large goals)
CUST200148,8429997.0,14.54,1293787.0,Retirement,3,Mid NW • Retirement
CUST200149,9777124.0,54.51,9054525.0,Wealth,1,High NW • Wealth (large goals)
CUST200150,1965875.0,22.9,1056348.0,House,0,Mid NW • House
CUST200151,9347273.0,22.84,1837665.0,Retirement,3,Mid NW • Retirement
CUST200152,73857.0,24.67,2479432.0,Retirement,3,Mid NW • Retirement
CUST200153,3480996.0,21.52,3805818.0,House,0,Mid NW • House
CUST200154,927846.0,22.04,5593263.0,House,0,Mid NW • House
CUST200155,9364332.0,20.48,5161825.0,House,0,Mid NW • House
CUST200156,5095379.0,15.01,2896186.0,Education,2,Low NW • Education
CUST200157,801662.0,10.27,5333142.0,Education,2,Low NW • Education
CUST200158,1619936.0,17.32,4908856.0,Retirement,3,Mid NW • Retirement
CUST200159,3461115.0,22.49,4883468.0,Retirement,3,Mid NW • Retirement
CUST200160,2259631.0,17.89,1006821.0,Retirement,3,Mid NW • Retirement
CUST200161,1306961.0,17.21,3933785.0,Retirement,3,Mid NW • Retirement
CUST200162,8380281.0,58.2,20870353.0,House,1,High NW • Wealth (large goals)
CUST200163,430009.0,26.8,2103994.0,Retirement,3,Mid NW • Retirement
CUST200164,12540618.0,22.86,1264282.0,Education,2,Low NW • Education
CUST200165,4966032.0,13.28,5250289.0,House,0,Mid NW • House
CUST200166,4562629.0,27.13,3825081.0,Retirement,3,Mid NW • Retirement
CUST200167,1082575.0,17.31,2586057.0,Retirement,3,Mid NW • Retirement
CUST200168,5555925.0,51.32,13258321.0,Wealth,1,High NW • Wealth (large goals)
CUST200169,7172868.0,28.07,940344.0,House,0,Mid NW • House
CUST200170,23851598.0,41.91,11962916.0,Wealth,4,High NW • Wealth (modest goals)
CUST200171,983803.0,29.56,4615727.0,Retirement,3,Mid NW • Retirement
CUST200172,235652.0,18.18,1544157.0,Education,2,Low NW • Education
CUST200173,7753370.0,32.01,22925870.0,Retirement,1,High NW • Wealth (large goals)
CUST200174,2019902.0,28.11,3298928.0,Education,2,Low NW • Education
CUST200175,13611472.0,39.39,27128136.0,Retirement,1,High NW • Wealth (large goals)
CUST200176,5557723.0,17.7,3828206.0,House,0,Mid NW • House
CUST200177,3189366.0,14.07,5100637.0,House,0,Mid NW • House
CUST200178,-336324.0,8.29,207532.0,Emergency_Fund,2,Low NW • Education
CUST200179,-396908.0,12.15,1151975.0,Retirement,3,Mid NW • Retirement
CUST200180,4053090.0,26.47,824556.0,Retirement,3,Mid NW • Retirement
CUST200181,1811475.0,20.22,4140367.0,Retirement,3,Mid NW • Retirement
CUST200182,8669807.0,20.68,3912160.0,Retirement,3,Mid NW • Retirement
CUST200183,4926220.0,11.81,4542795.0,House,0,Mid NW • House
CUST200184,3949250.0,18.91,1212159.0,House,0,Mid NW • House
CUST200185,4810539.0,17.14,2651727.0,Retirement,3,Mid NW • Retirement
CUST200186,52124039.0,52.97,15667528.0,Retirement,4,High NW • Wealth (modest goals)
CUST200187,-432984.0,29.82,4195583.0,Retirement,3,Mid NW • Retirement
CUST200188,46125.0,1.39,447176.0,Education,2,Low NW • Education
CUST200189,9496797.0,24.72,3808321.0,Education,2,Low NW • Education
CUST200190,5944922.0,28.62,4474055.0,House,0,Mid NW • House
CUST200191,8006725.0,23.66,4241776.0,Education,2,Low NW • Education
CUST200192,87360.0,23.74,1352563.0,House,0,Mid NW • House
CUST200193,1068707.0,27.15,3248792.0,Retirement,3,Mid NW • Retirement
CUST200194,1156264.0,16.48,2521060.0,House,0,Mid NW • House
CUST200195,1837355.0,20.64,5682836.0,Education,2,Low NW • Education
CUST200196,27437930.0,57.62,22272746.0,Retirement,1,High NW • Wealth (large goals)
CUST200197,-240814.0,1.69,477002.0,Emergency_Fund,2,Low NW • Education
CUST200198,11750.0,8.82,52099.0,Emergency_Fund,2,Low NW • Education
CUST200199,40348111.0,38.3,23326714.0,Retirement,4,High NW • Wealth (modest goals)
CUST200200,3536136.0,14.7,818955.0,Education,2,Low NW • Education
CUST200201,2563450.0,20.64,2802007.0,Retirement,3,Mid NW • Retirement
CUST200202,6769448.0,17.73,4297637.0,Education,2,Low NW • Education
CUST200203,3858768.0,24.33,4518224.0,Education,2,Low NW • Education
CUST200204,6940364.0,19.22,5859388.0,Retirement,3,Mid NW • Retirement
CUST200205,3305112.0,20.07,704762.0,House,0,Mid NW • House
CUST200206,4494423.0,12.79,5187057.0,House,0,Mid NW • House
CUST200207,1392814.0,15.43,4048761.0,Retirement,3,Mid NW • Retirement
CUST200208,-89823.0,10.24,1179733.0,Retirement,3,Mid NW • Retirement
CUST200209,34930894.0,57.18,3917171.0,Retirement,4,High NW • Wealth (modest goals)
CUST200210,17581035.0,47.09,4424386.0,House,0,Mid NW • House
CUST200211,149737.0,2.88,552376.0,Emergency_Fund,2,Low NW • Education
CUST200212,4759666.0,19.04,2875085.0,House,0,Mid NW • House
CUST200213,4753172.0,50.46,22719674.0,Wealth,1,High NW • Wealth (large goals)
CUST200214,72789.0,23.01,4473010.0,Retirement,3,Mid NW • Retirement
CUST200215,-25476.0,19.16,5110166.0,House,0,Mid NW • House
CUST200216,-323826.0,37.4,5883120.0,Retirement,3,Mid NW • Retirement
CUST200217,476686.0,20.53,4934911.0,Retirement,3,Mid NW • Retirement
CUST200218,3124331.0,24.21,2890721.0,House,0,Mid NW • House
CUST200219,5901836.0,19.58,1071070.0,House,0,Mid NW • House
CUST200220,1411307.0,22.16,1356166.0,Retirement,3,Mid NW • Retirement
CUST200221,27340577.0,35.0,15403479.0,Retirement,1,High NW • Wealth (large goals)
CUST200222,12281336.0,26.78,3986091.0,Education,2,Low NW • Education
CUST200223,89099.0,3.54,501103.0,Emergency_Fund,2,Low NW • Education
CUST200224,-239811.0,19.66,3710136.0,Retirement,3,Mid NW • Retirement
CUST200225,1418650.0,26.93,2692215.0,Education,2,Low NW • Education
CUST200226,2937998.0,16.05,2114482.0,Retirement,3,Mid NW • Retirement
CUST200227,2951363.0,14.05,1890857.0,Retirement,3,Mid NW • Retirement
CUST200228,2186119.0,17.96,1448652.0,House,0,Mid NW • House
CUST200229,-54765.0,10.47,4327927.0,Retirement,3,Mid NW • Retirement
CUST200230,2607822.0,24.08,4254522.0,House,0,Mid NW • House
CUST200231,5462723.0,27.68,5499074.0,House,0,Mid NW • House
CUST200232,52347.0,2.49,178806.0,Emergency_Fund,2,Low NW • Education
CUST200233,3703918.0,13.05,1162442.0,House,0,Mid NW • House
CUST200234,5417201.0,21.82,1610141.0,House,0,Mid NW • House
CUST200235,12407120.0,28.94,595679.0,Retirement,3,Mid NW • Retirement
CUST200236,4749668.0,21.35,5280452.0,House,0,Mid NW • House
CUST200237,-64764.0,7.65,525876.0,Emergency_Fund,2,Low NW • Education
CUST200238,46618586.0,57.31,29661943.0,Retirement,4,High NW • Wealth (modest goals)
CUST200239,-569876.0,49.61,13366854.0,Retirement,1,High NW • Wealth (large goals)
CUST200240,1060065.0,14.74,5197490.0,Education,2,Low NW • Education
CUST200241,11024124.0,22.23,3825177.0,House,0,Mid NW • House
CUST200242,-45287.0,10.45,5521125.0,Education,2,Low NW • Education
CUST200243,12068001.0,20.21,4447005.0,House,0,Mid NW • House
CUST200244,-484495.0,16.99,2013608.0,Retirement,3,Mid NW • Retirement
CUST200245,476063.0,12.1,2154133.0,Retirement,3,Mid NW • Retirement
CUST200246,-120957.0,25.78,3611494.0,Retirement,3,Mid NW • Retirement
CUST200247,-35367.0,17.39,1341809.0,Retirement,3,Mid NW • Retirement
CUST200248,9862204.0,23.89,3554937.0,House,0,Mid NW • House
CUST200249,2925327.0,23.64,1656443.0,Education,2,Low NW • Education
CUST200250,289986.0,16.45,1932056.0,Retirement,3,Mid NW • Retirement
CUST200251,7700703.0,23.54,3981836.0,Retirement,3,Mid NW • Retirement
CUST200252,20819549.0,32.99,16919463.0,Wealth,1,High NW • Wealth (large goals)
CUST200253,768047.0,26.39,5615155.0,Retirement,3,Mid NW • Retirement
CUST200254,1006536.0,22.77,4088326.0,House,0,Mid NW • House
CUST200255,2375055.0,30.02,20040771.0,Retirement,1,High NW • Wealth (large goals)
CUST200256,1466057.0,18.78,5222738.0,Retirement,3,Mid NW • Retirement
CUST200257,596230.0,17.95,2603642.0,Retirement,3,Mid NW • Retirement
CUST200258,12774406.0,32.41,28357648.0,Retirement,1,High NW • Wealth (large goals)
CUST200259,1225271.0,10.54,4024647.0,House,0,Mid NW • House
CUST200260,1027690.0,17.32,4720190.0,House,0,Mid NW • House
CUST200261,-274280.0,24.72,3899908.0,Retirement,3,Mid NW • Retirement
CUST200262,4415170.0,29.01,1910150.0,Education,2,Low NW • Education
CUST200263,7444880.0,24.74,5426670.0,Retirement,3,Mid NW • Retirement
CUST200264,3685253.0,12.84,832768.0,Retirement,3,Mid NW • Retirement
CUST200265,3949414.0,18.3,1118639.0,Retirement,3,Mid NW • Retirement
CUST200266,1783701.0,24.7,5059459.0,Education,2,Low NW • Education
CUST200267,1772262.0,24.1,3257521.0,Retirement,3,Mid NW • Retirement
CUST200268,954488.0,16.12,3224697.0,Retirement,3,Mid NW • Retirement
CUST200269,13119663.0,53.59,6891379.0,Retirement,1,High NW • Wealth (large goals)
CUST200270,-482048.0,46.08,17825336.0,Wealth,1,High NW • Wealth (large goals)
CUST200271,4640776.0,54.81,9571403.0,Wealth,1,High NW • Wealth (large goals)
CUST200272,-22437.0,10.98,1159959.0,Retirement,3,Mid NW • Retirement
CUST200273,23845825.0,40.11,3184348.0,Retirement,4,High NW • Wealth (modest goals)
CUST200274,-43845.0,19.13,5020243.0,Retirement,3,Mid NW • Retirement
CUST200275,2867796.0,17.95,1619845.0,Retirement,3,Mid NW • Retirement
CUST200276,1086808.0,29.9,3380379.0,Retirement,3,Mid NW • Retirement
CUST200277,4589509.0,18.64,4448317.0,Retirement,3,Mid NW • Retirement
CUST200278,14706694.0,50.3,9085090.0,Retirement,1,High NW • Wealth (large goals)
CUST200279,16277998.0,30.72,5162499.0,Wealth,0,Mid NW • House
CUST200280,314432.0,11.99,4094893.0,Retirement,3,Mid NW • Retirement
CUST200281,82635.0,24.77,5951794.0,Retirement,3,Mid NW • Retirement
CUST200282,960993.0,18.22,2734450.0,Education,2,Low NW • Education
CUST200283,19845718.0,56.67,17925057.0,Retirement,1,High NW • Wealth (large goals)
CUST200284,-97258.0,42.88,22193662.0,Wealth,1,High NW • Wealth (large goals)
CUST200285,44330710.0,49.67,23641277.0,Retirement,4,High NW • Wealth (modest goals)
CUST200286,-104340.0,25.59,5458228.0,Retirement,3,Mid NW • Retirement
CUST200287,82111.0,25.99,3271571.0,Retirement,3,Mid NW • Retirement
CUST200288,399773.0,14.28,2587029.0,House,0,Mid NW • House
CUST200289,33271405.0,50.84,15754356.0,Wealth,4,High NW • Wealth (modest goals)
CUST200290,-185476.0,7.46,592608.0,Education,2,Low NW • Education
CUST200291,-153187.0,6.55,567704.0,Emergency_Fund,2,Low NW • Education
CUST200292,-246698.0,12.17,1807574.0,House,0,Mid NW • House
CUST200293,514519.0,10.74,4002722.0,Retirement,3,Mid NW • Retirement
CUST200294,10165797.0,34.85,21078875.0,Wealth,1,High NW • Wealth (large goals)
CUST200295,26391139.0,47.4,12796189.0,Retirement,4,High NW • Wealth (modest goals)
CUST200296,2442598.0,29.6,3624296.0,Retirement,3,Mid NW • Retirement
CUST200297,17407930.0,39.97,28330104.0,Wealth,1,High NW • Wealth (large goals)
CUST200298,-355903.0,8.26,345683.0,Emergency_Fund,2,Low NW • Education
CUST200299,608717.0,25.04,5058938.0,Retirement,3,Mid NW • Retirement
CUST200300,3135577.0,11.4,4548103.0,House,0,Mid NW • House
CUST200301,-69215.0,5.97,116019.0,Emergency_Fund,2,Low NW • Education
CUST200302,-131752.0,2.04,124208.0,Emergency_Fund,2,Low NW • Education
CUST200303,3878937.0,27.65,4678588.0,Education,2,Low NW • Education
CUST200304,2448230.0,26.24,5926451.0,Education,2,Low NW • Education
CUST200305,530792.0,10.0,638400.0,Retirement,3,Mid NW • Retirement
CUST200306,12980732.0,41.33,12572792.0,House,1,High NW • Wealth (large goals)
CUST200307,2391321.0,14.15,4037083.0,House,0,Mid NW • House
CUST200308,51993893.0,46.22,15928316.0,Wealth,4,High NW • Wealth (modest goals)
CUST200309,2407590.0,14.12,962322.0,House,0,Mid NW • House
CUST200310,14630300.0,28.94,5214996.0,House,0,Mid NW • House
CUST200311,8416529.0,15.78,4837597.0,House,0,Mid NW • House
CUST200312,1634032.0,24.76,841158.0,Education,2,Low NW • Education
CUST200313,7957944.0,28.33,1229268.0,Retirement,3,Mid NW • Retirement
CUST200314,1687085.0,20.74,3884631.0,Retirement,3,Mid NW • Retirement
CUST200315,25801621.0,39.33,16613222.0,Wealth,1,High NW • Wealth (large goals)
CUST200316,1319270.0,28.31,4235027.0,Education,2,Low NW • Education
CUST200317,5586047.0,17.99,5028331.0,House,0,Mid NW • House
CUST200318,10669790.0,24.08,3145137.0,House,0,Mid NW • House
CUST200319,31071326.0,47.12,6353809.0,Retirement,4,High NW • Wealth (modest goals)
CUST200320,33982.0,4.53,135776.0,Emergency_Fund,2,Low NW • Education
CUST200321,11840645.0,30.39,7829564.0,House,0,Mid NW • House
CUST200322,2372338.0,26.43,5195227.0,House,0,Mid NW • House
CUST200323,-174460.0,14.13,4839478.0,Education,2,Low NW • Education
CUST200324,9226440.0,25.25,3888369.0,House,0,Mid NW • House
CUST200325,5339947.0,47.52,6044696.0,Wealth,1,High NW • Wealth (large goals)
CUST200326,3738072.0,25.58,3299354.0,House,0,Mid NW • House
CUST200327,8946356.0,17.08,4940995.0,Retirement,3,Mid NW • Retirement
CUST200328,36264.0,16.31,1686414.0,House,0,Mid NW • House
CUST200329,13690387.0,26.99,4734716.0,House,0,Mid NW • House
CUST200330,3524295.0,28.03,2161893.0,Education,2,Low NW • Education
CUST200331,2163519.0,27.36,5481533.0,Retirement,3,Mid NW • Retirement
CUST200332,26602776.0,58.32,5594480.0,Wealth,4,High NW • Wealth (modest goals)
CUST200333,38915.0,19.14,1467690.0,Retirement,3,Mid NW • Retirement
CUST200334,54114625.0,52.98,4946852.0,Wealth,4,High NW • Wealth (modest goals)
CUST200335,19285471.0,32.13,10109884.0,Wealth,1,High NW • Wealth (large goals)
CUST200336,7688470.0,27.04,5438481.0,House,0,Mid NW • House
CUST200337,3792374.0,24.57,798366.0,Education,2,Low NW • Education
CUST200338,6111904.0,30.77,29581351.0,Wealth,1,High NW • Wealth (large goals)
CUST200339,4104514.0,19.82,1776240.0,Retirement,3,Mid NW • Retirement
CUST200340,604600.0,15.9,1195917.0,Education,2,Low NW • Education
CUST200341,10413939.0,24.75,5425050.0,House,0,Mid NW • House
CUST200342,13648707.0,36.79,10503594.0,Retirement,1,High NW • Wealth (large goals)
CUST200343,12615556.0,29.48,1666798.0,Education,2,Low NW • Education
CUST200344,3521515.0,15.37,2603112.0,Retirement,3,Mid NW • Retirement
CUST200345,7797597.0,29.49,4767225.0,House,0,Mid NW • House
CUST200346,962833.0,24.88,916324.0,Retirement,3,Mid NW • Retirement
CUST200347,-564755.0,13.48,2513167.0,Education,2,Low NW • Education
CUST200348,5911829.0,17.35,3403597.0,House,0,Mid NW • House
CUST200349,21059153.0,40.77,20663764.0,Retirement,1,High NW • Wealth (large goals)
CUST200350,-214307.0,20.89,871794.0,Education,2,Low NW • Education
CUST200351,8442319.0,27.63,4713778.0,Retirement,3,Mid NW • Retirement
CUST200352,4552811.0,18.05,3631837.0,Retirement,3,Mid NW • Retirement
CUST200353,14168092.0,38.92,16380249.0,Retirement,1,High NW • Wealth (large goals)
CUST200354,1010872.0,58.82,22744596.0,Retirement,1,High NW • Wealth (large goals)
CUST200355,330383.0,25.27,5082542.0,Retirement,3,Mid NW • Retirement
CUST200356,2092307.0,26.7,3397366.0,House,0,Mid NW • House
CUST200357,47884.0,28.73,2614358.0,Education,2,Low NW • Education
CUST200358,716714.0,10.58,4464760.0,House,0,Mid NW • House
CUST200359,19800094.0,57.22,18926366.0,House,1,High NW • Wealth (large goals)
CUST200360,1315598.0,12.19,5215757.0,Retirement,3,Mid NW • Retirement
CUST200361,6161965.0,37.6,13320491.0,Wealth,1,High NW • Wealth (large goals)
CUST200362,21453553.0,35.21,24126854.0,Wealth,1,High NW • Wealth (large goals)
CUST200363,9297846.0,29.74,767537.0,Education,2,Low NW • Education
CUST200364,22944725.0,53.38,27757127.0,Retirement,1,High NW • Wealth (large goals)
CUST200365,11042260.0,25.97,1472634.0,Retirement,3,Mid NW • Retirement
CUST200366,-309094.0,47.46,10954609.0,Retirement,1,High NW • Wealth (large goals)
CUST200367,3005958.0,23.85,1580533.0,Retirement,3,Mid NW • Retirement
CUST200368,889650.0,27.4,5819098.0,House,0,Mid NW • House
CUST200369,8056095.0,25.65,844009.0,Education,2,Low NW • Education
CUST200370,380606.0,8.65,233430.0,Education,2,Low NW • Education
CUST200371,36775783.0,38.87,21078636.0,Retirement,4,High NW • Wealth (modest goals)
CUST200372,3700396.0,22.74,2377452.0,Retirement,3,Mid NW • Retirement
CUST200373,1725437.0,16.74,2618942.0,Education,2,Low NW • Education
CUST200374,177691.0,15.33,2876551.0,House,0,Mid NW • House
CUST200375,112092.0,20.37,1702140.0,Retirement,3,Mid NW • Retirement
CUST200376,1171523.0,18.07,4358110.0,Retirement,3,Mid NW • Retirement
CUST200377,3015470.0,28.15,2403917.0,Education,2,Low NW • Education
CUST200378,40085113.0,50.3,6562866.0,Wealth,4,High NW • Wealth (modest goals)
CUST200379,1468879.0,16.41,5502865.0,Education,2,Low NW • Education
CUST200380,54220.0,3.47,445531.0,Emergency_Fund,2,Low NW • Education
CUST200381,9296436.0,22.78,1458557.0,Retirement,3,Mid NW • Retirement
CUST200382,22784643.0,59.35,6286427.0,House,4,High NW • Wealth (modest goals)
CUST200383,-76512.0,25.07,2334466.0,Retirement,3,Mid NW • Retirement
CUST200384,5771288.0,25.85,2741512.0,Education,2,Low NW • Education
CUST200385,770006.0,17.78,5888110.0,House,0,Mid NW • House
CUST200386,3181525.0,20.51,2035410.0,Retirement,3,Mid NW • Retirement
CUST200387,3899637.0,36.48,17062442.0,Wealth,1,High NW • Wealth (large goals)
CUST200388,3498601.0,12.56,3161657.0,Education,2,Low NW • Education
CUST200389,8004997.0,28.3,5435083.0,Education,2,Low NW • Education
CUST200390,6510991.0,26.04,2661421.0,Education,2,Low NW • Education
CUST200391,20849207.0,46.04,15075541.0,House,1,High NW • Wealth (large goals)
CUST200392,357620.0,21.04,1847847.0,House,0,Mid NW • House
CUST200393,3737247.0,27.99,3154906.0,House,0,Mid NW • House
CUST200394,4658138.0,14.01,4146486.0,Retirement,3,Mid NW • Retirement
CUST200395,8899357.0,28.3,1005186.0,House,0,Mid NW • House
CUST200396,-261958.0,18.14,2837502.0,Education,2,Low NW • Education
CUST200397,577982.0,23.66,4434504.0,Education,2,Low NW • Education
CUST200398,3682601.0,18.76,2977794.0,Retirement,3,Mid NW • Retirement
CUST200399,3526572.0,28.92,5127511.0,Retirement,3,Mid NW • Retirement
CUST200400,10517525.0,24.83,611350.0,House,0,Mid NW • House
CUST200401,8198053.0,54.86,21611480.0,Wealth,1,High NW • Wealth (large goals)
CUST200402,2221779.0,14.01,3706282.0,Education,2,Low NW • Education
CUST200403,-176498.0,16.0,4715365.0,Education,2,Low NW • Education
CUST200404,2006499.0,24.86,3482558.0,Education,2,Low NW • Education
CUST200405,34728569.0,32.09,3657200.0,Wealth,4,High NW • Wealth (modest goals)
CUST200406,843983.0,13.92,2063921.0,Retirement,3,Mid NW • Retirement
CUST200407,816593.0,29.74,1212080.0,Education,2,Low NW • Education
CUST200408,10447029.0,21.88,2473299.0,Education,2,Low NW • Education
CUST200409,5387985.0,17.09,4523556.0,House,0,Mid NW • House
CUST200410,113779.0,28.8,962242.0,House,0,Mid NW • House
CUST200411,22243790.0,46.5,21624416.0,Retirement,1,High NW • Wealth (large goals)
CUST200412,12816610.0,25.71,963689.0,House,0,Mid NW • House
CUST200413,20680.0,6.29,181808.0,Emergency_Fund,2,Low NW • Education
CUST200414,257383.0,22.28,884136.0,Retirement,3,Mid NW • Retirement
CUST200415,2827176.0,18.35,4211322.0,Retirement,3,Mid NW • Retirement
CUST200416,10546045.0,49.64,13691927.0,Wealth,1,High NW • Wealth (large goals)
CUST200417,2325913.0,15.84,5706209.0,Education,2,Low NW • Education
CUST200418,68636345.0,56.14,15538438.0,Wealth,4,High NW • Wealth (modest goals)
CUST200419,38840696.0,56.73,17828619.0,House,4,High NW • Wealth (modest goals)
CUST200420,483595.0,27.53,2506541.0,Retirement,3,Mid NW • Retirement
CUST200421,475210.0,8.6,142712.0,Education,2,Low NW • Education
CUST200422,4814766.0,24.18,5061602.0,House,0,Mid NW • House
CUST200423,2539045.0,21.02,5138154.0,House,0,Mid NW • House
CUST200424,2425314.0,23.02,4601883.0,Retirement,3,Mid NW • Retirement
CUST200425,622276.0,14.52,3631340.0,Education,2,Low NW • Education
CUST200426,3731900.0,26.47,2450129.0,Retirement,3,Mid NW • Retirement
CUST200427,3289714.0,15.25,2556659.0,Retirement,3,Mid NW • Retirement
CUST200428,4407386.0,17.92,1194484.0,Retirement,3,Mid NW • Retirement
CUST200429,2201816.0,22.19,2624654.0,Retirement,3,Mid NW • Retirement
CUST200430,242896.0,18.62,5006675.0,Retirement,3,Mid NW • Retirement
CUST200431,4588858.0,25.36,5216338.0,Education,2,Low NW • Education
CUST200432,2669262.0,15.61,1792647.0,Retirement,3,Mid NW • Retirement
CUST200433,1421959.0,14.2,5907228.0,House,0,Mid NW • House
CUST200434,6971233.0,22.31,2512228.0,House,0,Mid NW • House
CUST200435,59643009.0,45.05,4973907.0,Wealth,4,High NW • Wealth (modest goals)
CUST200436,1162439.0,14.21,3879438.0,House,0,Mid NW • House
CUST200437,5681797.0,19.5,5212006.0,Education,2,Low NW • Education
CUST200438,5313037.0,23.85,3184286.0,Retirement,3,Mid NW • Retirement
CUST200439,-556824.0,29.58,785114.0,House,0,Mid NW • House
CUST200440,377535.0,12.47,1997088.0,House,0,Mid NW • House
CUST200441,1948015.0,10.57,5250907.0,House,0,Mid NW • House
CUST200442,10555731.0,23.46,4029097.0,Retirement,3,Mid NW • Retirement
CUST200443,3453198.0,12.46,543254.0,House,0,Mid NW • House
CUST200444,8836096.0,27.06,5665630.0,Retirement,3,Mid NW • Retirement
CUST200445,75513.0,4.97,291653.0,Emergency_Fund,2,Low NW • Education
CUST200446,5149025.0,29.8,2290786.0,Retirement,3,Mid NW • Retirement
CUST200447,2211448.0,26.95,5040972.0,Retirement,3,Mid NW • Retirement
CUST200448,4053300.0,13.3,995866.0,Retirement,3,Mid NW • Retirement
CUST200449,2816986.0,13.25,3504420.0,Retirement,3,Mid NW • Retirement
CUST200450,10537740.0,28.28,2622128.0,Retirement,3,Mid NW • Retirement
CUST200451,657261.0,20.25,4226993.0,Education,2,Low NW • Education
CUST200452,1715047.0,12.15,1407794.0,Retirement,3,Mid NW • Retirement
CUST200453,44365250.0,55.21,5091735.0,Retirement,4,High NW • Wealth (modest goals)
CUST200454,3200800.0,19.0,3298243.0,Retirement,3,Mid NW • Retirement
CUST200455,1471331.0,10.69,5228460.0,Education,2,Low NW • Education
CUST200456,175533.0,44.44,9237830.0,Wealth,1,High NW • Wealth (large goals)
CUST200457,8660599.0,18.1,4794892.0,House,0,Mid NW • House
CUST200458,1785789.0,26.74,5223720.0,Retirement,3,Mid NW • Retirement
CUST200459,31676465.0,43.39,29951749.0,Retirement,1,High NW • Wealth (large goals)
CUST200460,6318081.0,54.01,23485397.0,Wealth,1,High NW • Wealth (large goals)
CUST200461,3999398.0,23.36,3673632.0,House,0,Mid NW • House
CUST200462,849533.0,17.57,4677261.0,Retirement,3,Mid NW • Retirement
CUST200463,2323032.0,16.11,5364982.0,Retirement,3,Mid NW • Retirement
CUST200464,865695.0,11.69,2799349.0,Retirement,3,Mid NW • Retirement
CUST200465,2747750.0,16.91,5330887.0,House,0,Mid NW • House
CUST200466,-206189.0,22.0,4824258.0,Retirement,3,Mid NW • Retirement
CUST200467,3078250.0,45.45,9712465.0,Wealth,1,High NW • Wealth (large goals)
CUST200468,5192619.0,23.88,5267711.0,Retirement,3,Mid NW • Retirement
CUST200469,13666150.0,53.45,28520998.0,Wealth,1,High NW • Wealth (large goals)
CUST200470,16726436.0,35.85,5911872.0,Wealth,0,Mid NW • House
CUST200471,4530387.0,22.41,2819069.0,Retirement,3,Mid NW • Retirement
CUST200472,49338861.0,58.03,20891951.0,Wealth,4,High NW • Wealth (modest goals)
CUST200473,4095652.0,22.16,732398.0,House,0,Mid NW • House
CUST200474,4241691.0,25.86,1136372.0,Retirement,3,Mid NW • Retirement
CUST200475,-511876.0,10.54,5975858.0,Retirement,3,Mid NW • Retirement
CUST200476,174196.0,22.18,2009751.0,Retirement,3,Mid NW • Retirement
CUST200477,3754042.0,13.26,4761806.0,House,0,Mid NW • House
CUST200478,2089317.0,21.67,2784224.0,House,0,Mid NW • House
CUST200479,3454965.0,23.1,4490117.0,Retirement,3,Mid NW • Retirement
CUST200480,1571250.0,21.73,3252098.0,Retirement,3,Mid NW • Retirement
CUST200481,1298035.0,23.75,832841.0,Education,2,Low NW • Education
CUST200482,-15145.0,25.86,5588736.0,Retirement,3,Mid NW • Retirement
CUST200483,-439327.0,1.61,528350.0,Emergency_Fund,2,Low NW • Education
CUST200484,13688787.0,37.95,11615547.0,Wealth,1,High NW • Wealth (large goals)
CUST200485,5647376.0,21.92,4306507.0,House,0,Mid NW • House
CUST200486,7688073.0,24.72,4027856.0,House,0,Mid NW • House
CUST200487,2596936.0,26.97,1843542.0,House,0,Mid NW • House
CUST200488,35030853.0,35.56,12521825.0,Wealth,4,High NW • Wealth (modest goals)
CUST200489,1002306.0,26.86,5040014.0,House,0,Mid NW • House
CUST200490,4774757.0,11.87,5826391.0,Education,2,Low NW • Education
CUST200491,17701079.0,31.97,11633938.0,Retirement,1,High NW • Wealth (large goals)
CUST200492,4874745.0,20.78,3946919.0,House,0,Mid NW • House
CUST200493,1866159.0,26.0,627359.0,Education,2,Low NW • Education
CUST200494,4805731.0,11.54,5306204.0,Education,2,Low NW • Education
CUST200495,4726513.0,28.64,5262073.0,Retirement,3,Mid NW • Retirement
CUST200496,-514173.0,16.46,2990272.0,House,0,Mid NW • House
CUST200497,868999.0,14.28,4282888.0,Retirement,3,Mid NW • Retirement
CUST200498,21049176.0,32.12,14100841.0,Retirement,1,High NW • Wealth (large goals)
CUST200499,-292601.0,11.56,4096975.0,House,0,Mid NW • House
CUST200500,2802056.0,10.03,1834609.0,Education,2,Low NW • Education
CUST200501,48100.0,2.37,323130.0,Emergency_Fund,2,Low NW • Education
CUST200502,6664940.0,21.58,810713.0,Education,2,Low NW • Education
CUST200503,62645598.0,52.58,28041728.0,Wealth,4,High NW • Wealth (modest goals)
CUST200504,225178.0,8.58,149367.0,Emergency_Fund,2,Low NW • Education
CUST200505,2643811.0,28.39,2201523.0,Retirement,3,Mid NW • Retirement
CUST200506,175002.0,12.74,2753249.0,Retirement,3,Mid NW • Retirement
CUST200507,16213390.0,35.31,15923917.0,Retirement,1,High NW • Wealth (large goals)
CUST200508,1968915.0,24.02,3336402.0,House,0,Mid NW • House
CUST200509,16320903.0,29.48,3329898.0,House,0,Mid NW • House
CUST200510,13373417.0,25.68,4053324.0,Retirement,3,Mid NW • Retirement
CUST200511,14563309.0,27.01,839691.0,House,0,Mid NW • House
CUST200512,180115.0,10.33,5512768.0,Retirement,3,Mid NW • Retirement
CUST200513,1474606.0,17.39,4095847.0,Education,2,Low NW • Education
CUST200514,6680563.0,16.7,1742907.0,Retirement,3,Mid NW • Retirement
CUST200515,7297477.0,28.52,4375988.0,House,0,Mid NW • House
CUST200516,12119387.0,26.5,3498941.0,Education,2,Low NW • Education
CUST200517,4050813.0,18.34,2886278.0,Education,2,Low NW • Education
CUST200518,4899484.0,10.45,2357022.0,Retirement,3,Mid NW • Retirement
CUST200519,2497063.0,25.24,2583430.0,Retirement,3,Mid NW • Retirement
CUST200520,-95531.0,27.54,1292973.0,Retirement,3,Mid NW • Retirement
CUST200521,2432603.0,28.82,4723185.0,Retirement,3,Mid NW • Retirement
CUST200522,327452.0,25.13,5552310.0,Education,2,Low NW • Education
CUST200523,-302708.0,26.47,2299956.0,Education,2,Low NW • Education
CUST200524,24984832.0,49.35,8683415.0,Retirement,4,High NW • Wealth (modest goals)
CUST200525,7628584.0,25.26,4003215.0,Retirement,3,Mid NW • Retirement
CUST200526,3384881.0,24.28,4356727.0,Retirement,3,Mid NW • Retirement
CUST200527,5344587.0,29.93,1301734.0,House,0,Mid NW • House
CUST200528,8905123.0,48.69,10476611.0,Retirement,1,High NW • Wealth (large goals)
CUST200529,8906559.0,18.77,5469328.0,House,0,Mid NW • House
CUST200530,797027.0,11.95,1181314.0,Retirement,3,Mid NW • Retirement
CUST200531,16004861.0,51.34,29493232.0,Retirement,1,High NW • Wealth (large goals)
CUST200532,3226747.0,26.93,4646463.0,Education,2,Low NW • Education
CUST200533,-119710.0,2.32,561520.0,Education,2,Low NW • Education
CUST200534,5701135.0,20.44,5504413.0,House,0,Mid NW • House
CUST200535,18663392.0,39.89,18202496.0,House,1,High NW • Wealth (large goals)
CUST200536,965067.0,25.44,5684938.0,Education,2,Low NW • Education
CUST200537,-658703.0,35.76,22860893.0,House,1,High NW • Wealth (large goals)
CUST200538,9662653.0,49.67,12326984.0,Retirement,1,High NW • Wealth (large goals)
CUST200539,2283798.0,12.42,1455246.0,House,0,Mid NW • House
CUST200540,1237870.0,12.48,533249.0,Retirement,3,Mid NW • Retirement
CUST200541,12580220.0,40.64,7233949.0,Wealth,1,High NW • Wealth (large goals)
CUST200542,-832900.0,12.06,5805323.0,Retirement,3,Mid NW • Retirement
CUST200543,4360737.0,29.21,5273411.0,Retirement,3,Mid NW • Retirement
CUST200544,7250947.0,23.32,2088294.0,Education,2,Low NW • Education
CUST200545,11818035.0,56.35,3519073.0,Retirement,1,High NW • Wealth (large goals)
CUST200546,3302115.0,27.98,1262025.0,Retirement,3,Mid NW • Retirement
CUST200547,2109277.0,20.16,4317364.0,House,0,Mid NW • House
CUST200548,1181153.0,12.82,5269350.0,House,0,Mid NW • House
CUST200549,4469191.0,19.64,5984548.0,Education,2,Low NW • Education
CUST200550,627900.0,26.38,1523460.0,House,0,Mid NW • House
CUST200551,513618.0,29.84,1578317.0,Retirement,3,Mid NW • Retirement
CUST200552,967787.0,21.36,4140315.0,House,0,Mid NW • House
CUST200553,2946891.0,14.86,4218439.0,Retirement,3,Mid NW • Retirement
CUST200554,2007536.0,11.78,683642.0,House,0,Mid NW • House
CUST200555,-228746.0,10.69,4968252.0,Retirement,3,Mid NW • Retirement
CUST200556,19648618.0,58.28,8335937.0,Wealth,4,High NW • Wealth (modest goals)
CUST200557,19104340.0,44.0,24906751.0,Retirement,1,High NW • Wealth (large goals)
CUST200558,5142741.0,25.15,1201243.0,House,0,Mid NW • House
CUST200559,7247252.0,40.06,4804000.0,Retirement,3,Mid NW • Retirement
CUST200560,5170552.0,24.32,3830119.0,House,0,Mid NW • House
CUST200561,4675516.0,29.26,5893886.0,Retirement,3,Mid NW • Retirement
CUST200562,27202971.0,43.34,15240719.0,House,4,High NW • Wealth (modest goals)
CUST200563,2329563.0,29.48,5950613.0,House,0,Mid NW • House
CUST200564,582416.0,21.09,2601631.0,Education,2,Low NW • Education
CUST200565,2538820.0,11.51,1997798.0,Retirement,3,Mid NW • Retirement
CUST200566,5653954.0,10.97,2687762.0,Retirement,3,Mid NW • Retirement
CUST200567,3630480.0,10.84,1411391.0,Education,2,Low NW • Education
CUST200568,1543918.0,26.25,1907140.0,House,0,Mid NW • House
CUST200569,17181044.0,29.47,4689726.0,House,0,Mid NW • House
CUST200570,15637127.0,28.32,1226653.0,House,0,Mid NW • House
CUST200571,11214429.0,24.45,5083789.0,House,0,Mid NW • House
CUST200572,85282.0,21.17,808019.0,Retirement,3,Mid NW • Retirement
CUST200573,41069993.0,52.79,7651431.0,Wealth,4,High NW • Wealth (modest goals)
CUST200574,4596469.0,10.32,4142425.0,Retirement,3,Mid NW • Retirement
CUST200575,7135301.0,18.64,4632586.0,House,0,Mid NW • House
CUST200576,1188259.0,21.43,2347062.0,House,0,Mid NW • House
CUST200577,13649050.0,32.62,19305479.0,Wealth,1,High NW • Wealth (large goals)
CUST200578,6154755.0,21.95,5175380.0,House,0,Mid NW • House
CUST200579,19335804.0,35.93,2063594.0,Retirement,3,Mid NW • Retirement
CUST200580,926519.0,19.48,4109992.0,House,0,Mid NW • House
CUST200581,5473023.0,29.94,3870403.0,Education,2,Low NW • Education
CUST200582,2078677.0,23.54,4229933.0,Retirement,3,Mid NW • Retirement
CUST200583,274593.0,18.79,5052005.0,Retirement,3,Mid NW • Retirement
CUST200584,54133967.0,52.35,25379573.0,Wealth,4,High NW • Wealth (modest goals)
CUST200585,7776134.0,42.55,19027230.0,Retirement,1,High NW • Wealth (large goals)
CUST200586,25978337.0,38.83,6763195.0,Wealth,4,High NW • Wealth (modest goals)
CUST200587,3503611.0,20.29,4797611.0,House,0,Mid NW • House
CUST200588,6833890.0,16.74,1516372.0,House,0,Mid NW • House
CUST200589,45835.0,29.74,1841498.0,Retirement,3,Mid NW • Retirement
CUST200590,795636.0,21.74,1820270.0,House,0,Mid NW • House
CUST200591,238826.0,2.15,578370.0,Emergency_Fund,2,Low NW • Education
CUST200592,5239706.0,29.02,3505950.0,Retirement,3,Mid NW • Retirement
CUST200593,54706250.0,59.41,10886307.0,Retirement,4,High NW • Wealth (modest goals)
CUST200594,5500790.0,14.39,5997154.0,Retirement,3,Mid NW • Retirement
CUST200595,2783618.0,29.26,4491222.0,Education,2,Low NW • Education
CUST200596,612496.0,25.47,1138558.0,Education,2,Low NW • Education
CUST200597,-217680.0,15.03,3683095.0,Education,2,Low NW • Education
CUST200598,-304778.0,3.14,426682.0,Emergency_Fund,2,Low NW • Education
CUST200599,3904971.0,16.51,548781.0,House,0,Mid NW • House
CUST200600,10700704.0,25.45,2016829.0,Education,2,Low NW • Education
CUST200601,2553932.0,10.81,3685162.0,House,0,Mid NW • House
CUST200602,16898.0,17.98,1389513.0,Retirement,3,Mid NW • Retirement
CUST200603,770486.0,19.09,5937709.0,House,0,Mid NW • House
CUST200604,2438868.0,10.11,5026933.0,Education,2,Low NW • Education
CUST200605,-107975.0,3.58,403660.0,Emergency_Fund,2,Low NW • Education
CUST200606,383353.0,17.81,3194396.0,House,0,Mid NW • House
CUST200607,6287776.0,16.42,4858501.0,House,0,Mid NW • House
CUST200608,4930905.0,24.53,4939756.0,Retirement,3,Mid NW • Retirement
CUST200609,-16238.0,25.65,4397072.0,Retirement,3,Mid NW • Retirement
CUST200610,1631459.0,16.75,3584893.0,Retirement,3,Mid NW • Retirement
CUST200611,3814921.0,29.1,5867647.0,House,0,Mid NW • House
CUST200612,7707754.0,20.7,1380478.0,Retirement,3,Mid NW • Retirement
CUST200613,10511101.0,24.5,4673073.0,Retirement,3,Mid NW • Retirement
CUST200614,713257.0,12.56,3460073.0,Retirement,3,Mid NW • Retirement
CUST200615,10402123.0,27.26,2566621.0,Retirement,3,Mid NW • Retirement
CUST200616,-7343.0,2.07,311559.0,Education,2,Low NW • Education
CUST200617,10222298.0,28.15,4438043.0,Education,2,Low NW • Education
CUST200618,10139795.0,26.3,4669385.0,House,0,Mid NW • House
CUST200619,1077307.0,21.33,4829952.0,House,0,Mid NW • House
CUST200620,28304363.0,41.65,22328774.0,Wealth,1,High NW • Wealth (large goals)
CUST200621,1868871.0,24.42,5902324.0,Retirement,3,Mid NW • Retirement
CUST200622,5666685.0,22.45,5664158.0,Education,2,Low NW • Education
CUST200623,3562555.0,29.35,4221231.0,House,0,Mid NW • House
CUST200624,1710610.0,18.22,5276679.0,Retirement,3,Mid NW • Retirement
CUST200625,95784.0,19.97,4068063.0,Retirement,3,Mid NW • Retirement
CUST200626,-219652.0,11.41,2486213.0,Retirement,3,Mid NW • Retirement
CUST200627,1005723.0,23.68,2216837.0,Retirement,3,Mid NW • Retirement
CUST200628,8149442.0,23.08,3963847.0,Education,2,Low NW • Education
CUST200629,175350.0,5.24,404811.0,Emergency_Fund,2,Low NW • Education
CUST200630,438966.0,6.15,80395.0,Emergency_Fund,2,Low NW • Education
CUST200631,-73662.0,39.32,19065094.0,Retirement,1,High NW • Wealth (large goals)
CUST200632,2212608.0,26.0,5893732.0,House,0,Mid NW • House
CUST200633,7283119.0,51.14,8601528.0,Wealth,1,High NW • Wealth (large goals)
CUST200634,8882000.0,30.57,17376243.0,House,1,High NW • Wealth (large goals)
CUST200635,3457070.0,21.08,4962318.0,Education,2,Low NW • Education
CUST200636,-18559.0,2.44,494450.0,Education,2,Low NW • Education
CUST200637,18558012.0,50.52,18827468.0,House,1,High NW • Wealth (large goals)
CUST200638,-107214.0,45.23,10238296.0,House,1,High NW • Wealth (large goals)
CUST200639,-157663.0,13.09,3518450.0,House,0,Mid NW • House
CUST200640,6349124.0,21.5,3621515.0,Retirement,3,Mid NW • Retirement
CUST200641,10225606.0,38.11,29311500.0,House,1,High NW • Wealth (large goals)
CUST200642,202635.0,13.13,1415482.0,Retirement,3,Mid NW • Retirement
CUST200643,4243929.0,31.32,29165631.0,Wealth,1,High NW • Wealth (large goals)
CUST200644,8509373.0,16.1,2215303.0,Education,2,Low NW • Education
CUST200645,8612174.0,24.6,5464369.0,House,0,Mid NW • House
CUST200646,706631.0,18.94,4720702.0,House,0,Mid NW • House
CUST200647,960620.0,11.9,3626336.0,Retirement,3,Mid NW • Retirement
CUST200648,5655125.0,22.13,4928912.0,House,0,Mid NW • House
CUST200649,27619495.0,31.08,25876287.0,Wealth,1,High NW • Wealth (large goals)
CUST200650,-643786.0,13.21,5146236.0,House,0,Mid NW • House
CUST200651,6737798.0,19.1,3859233.0,Education,2,Low NW • Education
CUST200652,3739303.0,27.85,3592091.0,Retirement,3,Mid NW • Retirement
CUST200653,3747707.0,12.14,4237844.0,House,0,Mid NW • House
CUST200654,32987672.0,39.63,2334912.0,House,4,High NW • Wealth (modest goals)
CUST200655,2056733.0,21.91,2905612.0,House,0,Mid NW • House
CUST200656,455035.0,17.36,1428969.0,Retirement,3,Mid NW • Retirement
CUST200657,4061406.0,29.87,644426.0,Retirement,3,Mid NW • Retirement
CUST200658,3836435.0,10.35,4328128.0,House,0,Mid NW • House
CUST200659,47920629.0,49.41,5024593.0,Retirement,4,High NW • Wealth (modest goals)
CUST200660,74897426.0,59.93,13822104.0,Wealth,4,High NW • Wealth (modest goals)
CUST200661,3341384.0,12.14,1327677.0,House,0,Mid NW • House
CUST200662,3648578.0,18.38,4740954.0,House,0,Mid NW • House
CUST200663,2772404.0,11.96,5684388.0,Retirement,3,Mid NW • Retirement
CUST200664,2616055.0,20.63,5865989.0,House,0,Mid NW • House
CUST200665,2460819.0,16.64,1435184.0,House,0,Mid NW • House
CUST200666,-224609.0,8.44,224450.0,Emergency_Fund,2,Low NW • Education
CUST200667,3714400.0,21.97,4380221.0,Retirement,3,Mid NW • Retirement
CUST200668,3234719.0,19.98,1403071.0,Retirement,3,Mid NW • Retirement
CUST200669,3109065.0,15.42,5704621.0,Retirement,3,Mid NW • Retirement
CUST200670,131089.0,6.91,130143.0,Education,2,Low NW • Education
CUST200671,102300.0,4.9,452172.0,Emergency_Fund,2,Low NW • Education
CUST200672,1547993.0,17.22,4493750.0,House,0,Mid NW • House
CUST200673,218440.0,17.27,3527079.0,House,0,Mid NW • House
CUST200674,4561560.0,16.53,2254218.0,House,0,Mid NW • House
CUST200675,6878976.0,28.83,1534219.0,Retirement,3,Mid NW • Retirement
CUST200676,5524007.0,13.74,5147560.0,House,0,Mid NW • House
CUST200677,4579549.0,24.34,1629169.0,House,0,Mid NW • House
CUST200678,35767839.0,33.03,22598776.0,Retirement,4,High NW • Wealth (modest goals)
CUST200679,4747358.0,16.35,1250676.0,Retirement,3,Mid NW • Retirement
CUST200680,4791352.0,25.02,5876422.0,Retirement,3,Mid NW • Retirement
CUST200681,35385831.0,39.31,6741066.0,Wealth,4,High NW • Wealth (modest goals)
CUST200682,5421575.0,24.76,5225516.0,Retirement,3,Mid NW • Retirement
CUST200683,16246121.0,43.39,16599288.0,Wealth,1,High NW • Wealth (large goals)
CUST200684,-240628.0,14.93,2359671.0,House,0,Mid NW • House
CUST200685,88177.0,16.36,4359371.0,Education,2,Low NW • Education
CUST200686,43527.0,27.45,1588299.0,Retirement,3,Mid NW • Retirement
CUST200687,5674936.0,29.73,2557502.0,House,0,Mid NW • House
CUST200688,2166277.0,17.39,3543564.0,House,0,Mid NW • House
CUST200689,1725435.0,18.25,3537706.0,House,0,Mid NW • House
CUST200690,687464.0,16.72,2099502.0,Education,2,Low NW • Education
CUST200691,639690.0,15.31,4421778.0,Education,2,Low NW • Education
CUST200692,-109625.0,1.99,324202.0,Emergency_Fund,2,Low NW • Education
CUST200693,-530558.0,23.89,5389631.0,House,0,Mid NW • House
CUST200694,890644.0,11.04,2737807.0,Education,2,Low NW • Education
CUST200695,-69241.0,12.84,4352576.0,Retirement,3,Mid NW • Retirement
CUST200696,9231009.0,26.58,5276837.0,Education,2,Low NW • Education
CUST200697,371754.0,20.18,5354315.0,Retirement,3,Mid NW • Retirement
CUST200698,4032054.0,14.69,2073906.0,House,0,Mid NW • House
CUST200699,10254094.0,24.13,3048939.0,Retirement,3,Mid NW • Retirement
CUST200700,1429007.0,16.9,2371054.0,Education,2,Low NW • Education
CUST200701,2376418.0,28.21,4167482.0,Education,2,Low NW • Education
CUST200702,12377731.0,48.63,20120111.0,House,1,High NW • Wealth (large goals)
CUST200703,4578628.0,27.2,1241530.0,Education,2,Low NW • Education
CUST200704,507757.0,15.88,1468810.0,Retirement,3,Mid NW • Retirement
CUST200705,4511761.0,19.83,662503.0,House,0,Mid NW • House
CUST200706,262279.0,4.95,456408.0,Education,2,Low NW • Education
CUST200707,3515780.0,24.06,1048966.0,Education,2,Low NW • Education
CUST200708,665711.0,18.72,3480725.0,Education,2,Low NW • Education
CUST200709,5226304.0,14.09,1515603.0,Retirement,3,Mid NW • Retirement
CUST200710,3773702.0,11.88,650358.0,Education,2,Low NW • Education
CUST200711,7241288.0,44.58,29606737.0,Retirement,1,High NW • Wealth (large goals)
CUST200712,6728114.0,10.58,2094403.0,Retirement,3,Mid NW • Retirement
CUST200713,15024286.0,30.71,28308585.0,Retirement,1,High NW • Wealth (large goals)
CUST200714,17942579.0,49.03,27052977.0,Wealth,1,High NW • Wealth (large goals)
CUST200715,-167000.0,1.62,445486.0,Emergency_Fund,2,Low NW • Education
CUST200716,2319052.0,19.08,1721964.0,Retirement,3,Mid NW • Retirement
CUST200717,7200285.0,24.01,4633446.0,House,0,Mid NW • House
CUST200718,-189095.0,4.46,297406.0,Emergency_Fund,2,Low NW • Education
CUST200719,1601192.0,15.75,4344333.0,Education,2,Low NW • Education
CUST200720,84590.0,39.09,15300995.0,Wealth,1,High NW • Wealth (large goals)
CUST200721,17796990.0,57.57,18694512.0,House,1,High NW • Wealth (large goals)
CUST200722,26309866.0,37.0,7879166.0,Wealth,4,High NW • Wealth (modest goals)
CUST200723,40159346.0,49.16,17528477.0,Wealth,4,High NW • Wealth (modest goals)
CUST200724,5195154.0,44.01,14339928.0,House,1,High NW • Wealth (large goals)
CUST200725,893533.0,14.83,4961924.0,House,0,Mid NW • House
CUST200726,14680.0,8.09,225950.0,Emergency_Fund,2,Low NW • Education
CUST200727,1437995.0,14.47,4994609.0,Education,2,Low NW • Education
CUST200728,20995775.0,39.81,6470435.0,Wealth,4,High NW • Wealth (modest goals)
CUST200729,5661929.0,34.74,5872606.0,House,0,Mid NW • House
CUST200730,6843593.0,29.0,3933782.0,House,0,Mid NW • House
CUST200731,4369473.0,14.89,5360853.0,Education,2,Low NW • Education
CUST200732,10828302.0,25.57,4596036.0,Retirement,3,Mid NW • Retirement
CUST200733,802231.0,14.29,5219171.0,Retirement,3,Mid NW • Retirement
CUST200734,1529907.0,25.81,866790.0,House,0,Mid NW • House
CUST200735,23893531.0,42.67,17890893.0,Wealth,1,High NW • Wealth (large goals)
CUST200736,9946422.0,38.63,18502664.0,House,1,High NW • Wealth (large goals)
CUST200737,-57324.0,11.95,3765653.0,Education,2,Low NW • Education
CUST200738,641145.0,15.4,5314859.0,Retirement,3,Mid NW • Retirement
CUST200739,257869.0,11.74,1230638.0,Education,2,Low NW • Education
CUST200740,16596849.0,39.93,10077018.0,House,1,High NW • Wealth (large goals)
CUST200741,8062219.0,25.52,4073022.0,House,0,Mid NW • House
CUST200742,640109.0,14.27,5093689.0,Education,2,Low NW • Education
CUST200743,528275.0,13.49,1356290.0,Education,2,Low NW • Education
CUST200744,5303903.0,28.77,3478548.0,Education,2,Low NW • Education
CUST200745,10498634.0,25.21,2831894.0,House,0,Mid NW • House
CUST200746,8816087.0,19.62,3072892.0,Retirement,3,Mid NW • Retirement
CUST200747,1634318.0,10.36,903805.0,Education,2,Low NW • Education
CUST200748,4467000.0,27.0,3919853.0,Education,2,Low NW • Education
CUST200749,178171.0,29.37,4820641.0,Retirement,3,Mid NW • Retirement
CUST200750,42931873.0,44.34,21359281.0,Retirement,4,High NW • Wealth (modest goals)
CUST200751,1705886.0,16.37,4447630.0,Retirement,3,Mid NW • Retirement
CUST200752,10281399.0,27.27,1506481.0,Education,2,Low NW • Education
CUST200753,4864008.0,19.37,557155.0,Retirement,3,Mid NW • Retirement
CUST200754,18561051.0,43.49,6564952.0,Wealth,4,High NW • Wealth (modest goals)
CUST200755,6535679.0,29.24,4287948.0,Retirement,3,Mid NW • Retirement
CUST200756,2618471.0,26.85,972426.0,Education,2,Low NW • Education
CUST200757,6256164.0,19.84,4848738.0,Education,2,Low NW • Education
CUST200758,14400101.0,59.1,29777083.0,Retirement,1,High NW • Wealth (large goals)
CUST200759,703033.0,10.95,5029282.0,Retirement,3,Mid NW • Retirement
CUST200760,1236142.0,11.19,2066403.0,Education,2,Low NW • Education
CUST200761,41954037.0,51.81,14093208.0,Retirement,4,High NW • Wealth (modest goals)
CUST200762,9087128.0,22.17,2754539.0,Education,2,Low NW • Education
CUST200763,478380.0,11.98,5584393.0,Education,2,Low NW • Education
CUST200764,1635028.0,33.96,12145799.0,Wealth,1,High NW • Wealth (large goals)
CUST200765,5297966.0,25.37,2242659.0,Retirement,3,Mid NW • Retirement
CUST200766,6388994.0,11.73,1762883.0,House,0,Mid NW • House
CUST200767,5656381.0,19.6,553962.0,Education,2,Low NW • Education
CUST200768,12923978.0,37.57,19013898.0,House,1,High NW • Wealth (large goals)
CUST200769,2424077.0,19.91,4215174.0,House,0,Mid NW • House
CUST200770,2800581.0,28.5,1817730.0,Retirement,3,Mid NW • Retirement
CUST200771,9116778.0,27.81,3816904.0,Education,2,Low NW • Education
CUST200772,2190886.0,16.61,1785782.0,Education,2,Low NW • Education
CUST200773,5193699.0,13.95,5698828.0,Retirement,3,Mid NW • Retirement
CUST200774,32557549.0,45.49,16760325.0,House,4,High NW • Wealth (modest goals)
CUST200775,4005319.0,12.33,1496475.0,House,0,Mid NW • House
CUST200776,3115261.0,25.04,5345633.0,Retirement,3,Mid NW • Retirement
CUST200777,5739181.0,24.09,1432686.0,Retirement,3,Mid NW • Retirement
CUST200778,2000049.0,11.43,5922457.0,House,0,Mid NW • House
CUST200779,17677513.0,27.58,3234529.0,Retirement,3,Mid NW • Retirement
CUST200780,2575080.0,13.39,3719353.0,Retirement,3,Mid NW • Retirement
CUST200781,5928878.0,13.12,2735651.0,House,0,Mid NW • House
CUST200782,7341829.0,38.03,14793836.0,Retirement,1,High NW • Wealth (large goals)
CUST200783,3085981.0,23.18,5403046.0,Retirement,3,Mid NW • Retirement
CUST200784,4013254.0,29.08,5372264.0,Education,2,Low NW • Education
CUST200785,2408362.0,10.7,2743127.0,Retirement,3,Mid NW • Retirement
CUST200786,11153401.0,59.25,16114912.0,Retirement,1,High NW • Wealth (large goals)
CUST200787,5626776.0,23.45,3635587.0,Retirement,3,Mid NW • Retirement
CUST200788,2551308.0,21.93,2044068.0,Retirement,3,Mid NW • Retirement
CUST200789,2791808.0,14.62,1778629.0,Education,2,Low NW • Education
CUST200790,5554299.0,22.68,1073277.0,House,0,Mid NW • House
CUST200791,8527953.0,20.46,5292422.0,Retirement,3,Mid NW • Retirement
CUST200792,54565232.0,55.51,17277449.0,Wealth,4,High NW • Wealth (modest goals)
CUST200793,3862407.0,20.95,3850199.0,Retirement,3,Mid NW • Retirement
CUST200794,4045012.0,11.62,5348512.0,Retirement,3,Mid NW • Retirement
CUST200795,24258198.0,42.79,15440574.0,Wealth,1,High NW • Wealth (large goals)
CUST200796,3591484.0,28.82,5568405.0,Retirement,3,Mid NW • Retirement
CUST200797,29586709.0,36.26,2103721.0,Retirement,4,High NW • Wealth (modest goals)
CUST200798,25332034.0,43.66,15523291.0,Wealth,1,High NW • Wealth (large goals)
CUST200799,-86305.0,11.56,5980999.0,House,0,Mid NW • House
CUST200800,-289483.0,18.15,4312705.0,Retirement,3,Mid NW • Retirement
CUST200801,551570.0,12.14,5398740.0,Retirement,3,Mid NW • Retirement
CUST200802,867684.0,27.95,5554930.0,House,0,Mid NW • House
CUST200803,1434487.0,16.96,3947373.0,Retirement,3,Mid NW • Retirement
CUST200804,9702985.0,16.78,5456241.0,House,0,Mid NW • House
CUST200805,1846900.0,13.53,1028375.0,Retirement,3,Mid NW • Retirement
CUST200806,3621269.0,20.27,2001036.0,Retirement,3,Mid NW • Retirement
CUST200807,3532885.0,17.87,632368.0,House,0,Mid NW • House
CUST200808,323090.0,12.65,4367422.0,Retirement,3,Mid NW • Retirement
CUST200809,65602.0,15.63,4463663.0,Retirement,3,Mid NW • Retirement
CUST200810,5509858.0,26.93,653165.0,Retirement,3,Mid NW • Retirement
CUST200811,51890590.0,59.18,3111175.0,Wealth,4,High NW • Wealth (modest goals)
CUST200812,6410973.0,23.89,1134800.0,House,0,Mid NW • House
CUST200813,5952634.0,22.63,4048518.0,Education,2,Low NW • Education
CUST200814,33488067.0,41.9,8263790.0,House,4,High NW • Wealth (modest goals)
CUST200815,1176587.0,14.12,4618179.0,Education,2,Low NW • Education
CUST200816,6606996.0,21.61,1869956.0,Retirement,3,Mid NW • Retirement
CUST200817,2912627.0,16.29,5339367.0,Retirement,3,Mid NW • Retirement
CUST200818,14599499.0,39.0,20116568.0,Retirement,1,High NW • Wealth (large goals)
CUST200819,14212940.0,27.86,1219014.0,House,0,Mid NW • House
CUST200820,-340816.0,27.67,5732401.0,Education,2,Low NW • Education
CUST200821,523258.0,12.45,4602110.0,Education,2,Low NW • Education
CUST200822,808579.0,15.91,4581217.0,Education,2,Low NW • Education
CUST200823,16371324.0,28.65,5242282.0,Education,2,Low NW • Education
CUST200824,20821704.0,34.15,3987781.0,Retirement,3,Mid NW • Retirement
CUST200825,26976876.0,51.92,14742604.0,Retirement,4,High NW • Wealth (modest goals)
CUST200826,33710177.0,58.83,26057951.0,Wealth,4,High NW • Wealth (modest goals)
CUST200827,151992.0,13.86,4618171.0,House,0,Mid NW • House
CUST200828,3296168.0,24.89,3793995.0,House,0,Mid NW • House
CUST200829,-183848.0,23.51,2224640.0,Retirement,3,Mid NW • Retirement
CUST200830,3188519.0,19.98,800834.0,Retirement,3,Mid NW • Retirement
CUST200831,2158777.0,20.1,5997764.0,Education,2,Low NW • Education
CUST200832,9563516.0,21.34,683614.0,Education,2,Low NW • Education
CUST200833,446282.0,28.38,3575016.0,Retirement,3,Mid NW • Retirement
CUST200834,1086006.0,12.44,2914393.0,Retirement,3,Mid NW • Retirement
CUST200835,-952991.0,15.14,3195433.0,House,0,Mid NW • House
CUST200836,2689635.0,28.52,2000683.0,House,0,Mid NW • House
CUST200837,5682698.0,23.36,3446687.0,Retirement,3,Mid NW • Retirement
CUST200838,238502.0,17.02,5657235.0,Education,2,Low NW • Education
CUST200839,5710708.0,27.87,5079316.0,Retirement,3,Mid NW • Retirement
CUST200840,3209092.0,22.35,1256744.0,Retirement,3,Mid NW • Retirement
CUST200841,3948537.0,23.88,2956831.0,House,0,Mid NW • House
CUST200842,7129909.0,17.85,3164890.0,House,0,Mid NW • House
CUST200843,2743094.0,15.82,3030489.0,House,0,Mid NW • House
CUST200844,1166766.0,26.89,3116569.0,Retirement,3,Mid NW • Retirement
CUST200845,1408688.0,19.54,2253390.0,House,0,Mid NW • House
CUST200846,2558236.0,13.92,3858171.0,House,0,Mid NW • House
CUST200847,-345269.0,29.48,2323485.0,Education,2,Low NW • Education
CUST200848,-87728.0,14.2,3352440.0,House,0,Mid NW • House
CUST200849,-65521.0,13.35,5633941.0,Education,2,Low NW • Education
CUST200850,4763213.0,29.17,3155100.0,House,0,Mid NW • House
CUST200851,998670.0,10.14,4051680.0,Education,2,Low NW • Education
CUST200852,38752500.0,56.16,9398327.0,House,4,High NW • Wealth (modest goals)
CUST200853,7442188.0,29.88,3770877.0,Retirement,3,Mid NW • Retirement
CUST200854,107171.0,21.12,2083955.0,House,0,Mid NW • House
CUST200855,766307.0,8.66,249962.0,Emergency_Fund,2,Low NW • Education
CUST200856,3726447.0,42.52,5313213.0,Wealth,0,Mid NW • House
CUST200857,1114731.0,11.52,5486415.0,Retirement,3,Mid NW • Retirement
CUST200858,3730390.0,26.79,3100516.0,House,0,Mid NW • House
CUST200859,15054.0,15.65,5225765.0,House,0,Mid NW • House
CUST200860,41982169.0,48.36,3243294.0,Retirement,4,High NW • Wealth (modest goals)
CUST200861,2256057.0,14.88,4699178.0,House,0,Mid NW • House
CUST200862,2038164.0,18.24,2915022.0,House,0,Mid NW • House
CUST200863,2631754.0,25.61,3003107.0,Education,2,Low NW • Education
CUST200864,32595.0,26.7,5056804.0,House,0,Mid NW • House
CUST200865,3139105.0,26.57,3242730.0,House,0,Mid NW • House
CUST200866,34252398.0,52.09,23936634.0,Wealth,4,High NW • Wealth (modest goals)
CUST200867,-135413.0,13.31,4734470.0,Education,2,Low NW • Education
CUST200868,-351799.0,11.98,5182930.0,Retirement,3,Mid NW • Retirement
CUST200869,5245584.0,16.34,3074288.0,Retirement,3,Mid NW • Retirement
CUST200870,3097060.0,11.57,4688756.0,Retirement,3,Mid NW • Retirement
CUST200871,4096496.0,26.39,1514265.0,Retirement,3,Mid NW • Retirement
CUST200872,3747467.0,14.76,2786143.0,Retirement,3,Mid NW • Retirement
CUST200873,19339945.0,29.22,1577228.0,House,0,Mid NW • House
CUST200874,13100453.0,35.58,21701646.0,Retirement,1,High NW • Wealth (large goals)
CUST200875,-1145389.0,17.56,4306887.0,Retirement,3,Mid NW • Retirement
CUST200876,5237980.0,16.15,1122255.0,Retirement,3,Mid NW • Retirement
CUST200877,13515050.0,37.63,14832717.0,Wealth,1,High NW • Wealth (large goals)
CUST200878,8905165.0,30.66,20123225.0,Wealth,1,High NW • Wealth (large goals)
CUST200879,1603948.0,11.91,4841901.0,House,0,Mid NW • House
CUST200880,2799782.0,21.76,1222524.0,Education,2,Low NW • Education
CUST200881,-142531.0,1.58,386690.0,Emergency_Fund,2,Low NW • Education
CUST200882,496103.0,18.21,5546882.0,Education,2,Low NW • Education
CUST200883,3667475.0,13.89,5124921.0,House,0,Mid NW • House
CUST200884,-179855.0,8.53,435992.0,Education,2,Low NW • Education
CUST200885,649126.0,18.94,3498008.0,Retirement,3,Mid NW • Retirement
CUST200886,7885817.0,14.01,2788202.0,Education,2,Low NW • Education
CUST200887,2104536.0,17.77,1127880.0,House,0,Mid NW • House
CUST200888,25011839.0,38.37,8647456.0,Retirement,4,High NW • Wealth (modest goals)
CUST200889,3473086.0,11.74,3086657.0,Retirement,3,Mid NW • Retirement
CUST200890,23725.0,7.7,428397.0,Education,2,Low NW • Education
CUST200891,2072228.0,20.23,645863.0,Education,2,Low NW • Education
CUST200892,238479.0,4.16,515766.0,Emergency_Fund,2,Low NW • Education
CUST200893,5110055.0,25.03,3367089.0,House,0,Mid NW • House
CUST200894,16703025.0,40.87,7585451.0,Retirement,1,High NW • Wealth (large goals)
CUST200895,1045932.0,11.73,1909347.0,Retirement,3,Mid NW • Retirement
CUST200896,5151165.0,20.27,1670783.0,House,0,Mid NW • House
CUST200897,2949160.0,39.09,26473559.0,Wealth,1,High NW • Wealth (large goals)
CUST200898,16162278.0,50.83,19893507.0,Wealth,1,High NW • Wealth (large goals)
CUST200899,-22613.0,18.17,2836782.0,House,0,Mid NW • House
CUST200900,3078264.0,16.71,1541230.0,Retirement,3,Mid NW • Retirement
CUST200901,3103050.0,29.11,2123021.0,Retirement,3,Mid NW • Retirement
CUST200902,11416583.0,27.13,1214597.0,Retirement,3,Mid NW • Retirement
CUST200903,3113310.0,21.24,5810904.0,Retirement,3,Mid NW • Retirement
CUST200904,4804147.0,22.22,2091719.0,House,0,Mid NW • House
CUST200905,2695391.0,19.22,5389396.0,Retirement,3,Mid NW • Retirement
CUST200906,11063473.0,24.18,5235201.0,Retirement,3,Mid NW • Retirement
CUST200907,5705351.0,15.76,3753948.0,House,0,Mid NW • House
CUST200908,644508.0,13.16,5020386.0,House,0,Mid NW • House
CUST200909,-2237.0,13.34,1662251.0,House,0,Mid NW • House
CUST200910,1361078.0,20.58,3115393.0,Retirement,3,Mid NW • Retirement
CUST200911,-575109.0,25.23,5689792.0,House,0,Mid NW • House
CUST200912,4431335.0,23.64,4488989.0,Retirement,3,Mid NW • Retirement
CUST200913,5785487.0,16.83,629527.0,House,0,Mid NW • House
CUST200914,4058639.0,14.45,4206829.0,Retirement,3,Mid NW • Retirement
CUST200915,16623081.0,31.28,21981071.0,Retirement,1,High NW • Wealth (large goals)
CUST200916,42389233.0,54.75,26958088.0,Retirement,4,High NW • Wealth (modest goals)
CUST200917,106850.0,26.65,3745495.0,House,0,Mid NW • House
CUST200918,277806.0,28.84,2760023.0,House,0,Mid NW • House
CUST200919,20629843.0,47.35,22133791.0,Retirement,1,High NW • Wealth (large goals)
CUST200920,28544728.0,44.58,6498256.0,Wealth,4,High NW • Wealth (modest goals)
CUST200921,5857943.0,52.6,11185718.0,Retirement,1,High NW • Wealth (large goals)
CUST200922,6567608.0,27.28,4386851.0,Retirement,3,Mid NW • Retirement
CUST200923,5853793.0,13.4,4162245.0,House,0,Mid NW • House
CUST200924,13302008.0,47.83,2205832.0,Retirement,3,Mid NW • Retirement
CUST200925,6793.0,21.03,1654016.0,Retirement,3,Mid NW • Retirement
CUST200926,243758.0,28.88,3999763.0,House,0,Mid NW • House
CUST200927,456120.0,17.03,5277016.0,House,0,Mid NW • House
CUST200928,2778584.0,16.98,2450137.0,House,0,Mid NW • House
CUST200929,1545627.0,14.19,2962547.0,Retirement,3,Mid NW • Retirement
CUST200930,5627753.0,16.63,1419375.0,Education,2,Low NW • Education
CUST200931,15858.0,29.38,623023.0,House,0,Mid NW • House
CUST200932,12180371.0,29.86,5541091.0,Retirement,3,Mid NW • Retirement
CUST200933,2983567.0,18.66,660672.0,Retirement,3,Mid NW • Retirement
CUST200934,154816.0,10.65,667046.0,Retirement,3,Mid NW • Retirement
CUST200935,5764017.0,20.81,835911.0,House,0,Mid NW • House
CUST200936,-78924.0,26.41,4937900.0,House,0,Mid NW • House
CUST200937,-236434.0,10.87,1706175.0,House,0,Mid NW • House
CUST200938,1354821.0,23.83,2028935.0,Education,2,Low NW • Education
CUST200939,13216745.0,28.56,2199838.0,Retirement,3,Mid NW • Retirement
CUST200940,2344772.0,22.03,2641582.0,House,0,Mid NW • House
CUST200941,1234575.0,24.77,3250252.0,House,0,Mid NW • House
CUST200942,9036443.0,17.61,690692.0,Retirement,3,Mid NW • Retirement
CUST200943,56492322.0,34.83,18125724.0,House,4,High NW • Wealth (modest goals)
CUST200944,10301448.0,29.68,2184323.0,Retirement,3,Mid NW • Retirement
CUST200945,3292281.0,23.13,1486822.0,House,0,Mid NW • House
CUST200946,7849737.0,26.69,1771091.0,House,0,Mid NW • House
CUST200947,4236388.0,14.8,3396809.0,Retirement,3,Mid NW • Retirement
CUST200948,7491343.0,26.78,1903590.0,Retirement,3,Mid NW • Retirement
CUST200949,26404032.0,55.7,27712284.0,Wealth,1,High NW • Wealth (large goals)
CUST200950,-212991.0,29.17,5203688.0,Retirement,3,Mid NW • Retirement
CUST200951,4910994.0,10.89,4995583.0,House,0,Mid NW • House
CUST200952,3803786.0,19.74,3090003.0,Retirement,3,Mid NW • Retirement
CUST200953,883712.0,10.75,3760001.0,Education,2,Low NW • Education
CUST200954,10465335.0,25.8,2570128.0,House,0,Mid NW • House
CUST200955,-56861.0,14.64,3633880.0,House,0,Mid NW • House
CUST200956,1730570.0,19.48,3100887.0,Retirement,3,Mid NW • Retirement
CUST200957,9875971.0,26.51,1049260.0,House,0,Mid NW • House
CUST200958,615892.0,17.91,1262555.0,House,0,Mid NW • House
CUST200959,4609056.0,22.38,1974474.0,Education,2,Low NW • Education
CUST200960,4586292.0,45.31,19347895.0,Retirement,1,High NW • Wealth (large goals)
CUST200961,-122859.0,4.16,208722.0,Emergency_Fund,2,Low NW • Education
CUST200962,5194583.0,23.63,5376809.0,Retirement,3,Mid NW • Retirement
CUST200963,11675243.0,28.0,2997180.0,Retirement,3,Mid NW • Retirement
CUST200964,2488860.0,18.4,3736828.0,House,0,Mid NW • House
CUST200965,32847.0,3.67,565918.0,Emergency_Fund,2,Low NW • Education
CUST200966,8234757.0,42.0,12894710.0,Retirement,1,High NW • Wealth (large goals)
CUST200967,278872.0,13.26,4565081.0,House,0,Mid NW • House
CUST200968,11564637.0,52.65,21638545.0,Wealth,1,High NW • Wealth (large goals)
CUST200969,32337915.0,47.48,24413021.0,Wealth,1,High NW • Wealth (large goals)
CUST200970,1117143.0,27.75,2675862.0,Retirement,3,Mid NW • Retirement
CUST200971,4984420.0,20.72,1718136.0,Retirement,3,Mid NW • Retirement
CUST200972,-731321.0,54.42,29403571.0,Wealth,1,High NW • Wealth (large goals)
CUST200973,528661.0,11.18,3212325.0,Retirement,3,Mid NW • Retirement
CUST200974,-40415.0,16.07,1195209.0,Education,2,Low NW • Education
CUST200975,2645630.0,10.99,5057830.0,Retirement,3,Mid NW • Retirement
CUST200976,-1102842.0,27.81,647193.0,House,0,Mid NW • House
CUST200977,410340.0,10.48,5326781.0,House,0,Mid NW • House
CUST200978,5488934.0,12.33,505537.0,Education,2,Low NW • Education
CUST200979,3987171.0,11.34,1217013.0,Retirement,3,Mid NW • Retirement
CUST200980,60281921.0,56.24,28603380.0,House,4,High NW • Wealth (modest goals)
CUST200981,489727.0,12.46,1198045.0,House,0,Mid NW • House
CUST200982,6190778.0,13.85,1901252.0,Retirement,3,Mid NW • Retirement
CUST200983,-885781.0,21.8,1582855.0,Education,2,Low NW • Education
CUST200984,8361275.0,21.96,1160627.0,Retirement,3,Mid NW • Retirement
CUST200985,-211841.0,7.25,563658.0,Emergency_Fund,2,Low NW • Education
CUST200986,2132266.0,18.64,4084215.0,Retirement,3,Mid NW • Retirement
CUST200987,28711564.0,35.66,8993271.0,Wealth,4,High NW • Wealth (modest goals)
CUST200988,-165011.0,1.58,227714.0,Education,2,Low NW • Education
CUST200989,1586610.0,15.99,5310646.0,Retirement,3,Mid NW • Retirement
CUST200990,2099573.0,19.54,1504075.0,House,0,Mid NW • House
CUST200991,3715425.0,24.01,1912885.0,Retirement,3,Mid NW • Retirement
CUST200992,23422969.0,38.97,9373175.0,Retirement,4,High NW • Wealth (modest goals)
CUST200993,1240767.0,21.82,3217756.0,Retirement,3,Mid NW • Retirement
CUST200994,4559453.0,22.75,4802244.0,Education,2,Low NW • Education
CUST200995,-943897.0,51.5,14151820.0,Retirement,1,High NW • Wealth (large goals)
CUST200996,925198.0,52.88,15933557.0,Wealth,1,High NW • Wealth (large goals)
CUST200997,132675.0,24.25,2498406.0,Education,2,Low NW • Education
CUST200998,5060802.0,13.72,5435344.0,House,0,Mid NW • House
CUST200999,4872228.0,12.53,1870047.0,Retirement,3,Mid NW • Retirement
CUST201000,4126817.0,18.21,5644656.0,House,0,Mid NW • House
CUST201001,5846456.0,23.88,809807.0,House,0,Mid NW • House
CUST201002,2352120.0,23.22,5691751.0,House,0,Mid NW • House
CUST201003,3972328.0,13.38,5133602.0,Retirement,3,Mid NW • Retirement
CUST201004,3424479.0,11.15,824199.0,House,0,Mid NW • House
CUST201005,392404.0,24.04,2819249.0,House,0,Mid NW • House
CUST201006,3425040.0,27.85,5573382.0,House,0,Mid NW • House
CUST201007,6177698.0,24.43,4735083.0,Retirement,3,Mid NW • Retirement
CUST201008,710795.0,17.45,4492306.0,House,0,Mid NW • House
CUST201009,-745059.0,34.89,29879189.0,Wealth,1,High NW • Wealth (large goals)
CUST201010,7332.0,11.76,5630571.0,Retirement,3,Mid NW • Retirement
CUST201011,348827.0,8.15,405470.0,Education,2,Low NW • Education
CUST201012,568231.0,16.26,1012577.0,House,0,Mid NW • House
CUST201013,4409452.0,29.58,2793932.0,Retirement,3,Mid NW • Retirement
CUST201014,51483077.0,51.99,28847428.0,Retirement,4,High NW • Wealth (modest goals)
CUST201015,188618.0,4.86,153085.0,Emergency_Fund,2,Low NW • Education
CUST201016,5515225.0,18.52,2887690.0,Retirement,3,Mid NW • Retirement
CUST201017,160463.0,26.88,1951007.0,House,0,Mid NW • House
CUST201018,-217398.0,14.38,1863637.0,Education,2,Low NW • Education
CUST201019,509708.0,17.13,4519661.0,House,0,Mid NW • House
CUST201020,3904998.0,11.79,4154023.0,House,0,Mid NW • House
CUST201021,3054847.0,12.21,2936899.0,Retirement,3,Mid NW • Retirement
CUST201022,2696944.0,21.05,3822241.0,House,0,Mid NW • House
CUST201023,2551042.0,28.47,3990415.0,House,0,Mid NW • House
CUST201024,19757611.0,39.36,7965176.0,Wealth,4,High NW • Wealth (modest goals)
CUST201025,4403358.0,34.24,21375204.0,Retirement,1,High NW • Wealth (large goals)
CUST201026,12966185.0,23.47,5916802.0,House,0,Mid NW • House
CUST201027,3590515.0,28.31,4375631.0,Retirement,3,Mid NW • Retirement
CUST201028,11615991.0,23.99,2087608.0,Education,2,Low NW • Education
CUST201029,598686.0,10.52,3320575.0,Retirement,3,Mid NW • Retirement
CUST201030,1743243.0,13.34,1541330.0,Retirement,3,Mid NW • Retirement
CUST201031,3050648.0,28.34,3797432.0,Retirement,3,Mid NW • Retirement
CUST201032,-184094.0,22.68,897982.0,Retirement,3,Mid NW • Retirement
CUST201033,7329179.0,23.37,1643395.0,Education,2,Low NW • Education
CUST201034,4720624.0,20.79,4820641.0,Retirement,3,Mid NW • Retirement
CUST201035,891165.0,18.78,1776160.0,House,0,Mid NW • House
CUST201036,329445.0,23.9,1681036.0,House,0,Mid NW • House
CUST201037,1111318.0,24.49,4197992.0,Retirement,3,Mid NW • Retirement
CUST201038,4269439.0,19.1,3391021.0,House,0,Mid NW • House
CUST201039,406567.0,13.3,1427978.0,Retirement,3,Mid NW • Retirement
CUST201040,9272796.0,28.1,2894505.0,House,0,Mid NW • House
CUST201041,3684933.0,29.02,3346457.0,Retirement,3,Mid NW • Retirement
CUST201042,15843188.0,49.26,5206830.0,Retirement,1,High NW • Wealth (large goals)
CUST201043,5610724.0,20.09,568445.0,Retirement,3,Mid NW • Retirement
CUST201044,2839115.0,26.58,3109215.0,Retirement,3,Mid NW • Retirement
CUST201045,23684462.0,45.02,23190543.0,Wealth,1,High NW • Wealth (large goals)
CUST201046,4681127.0,27.79,1887394.0,House,0,Mid NW • House
CUST201047,2464952.0,12.8,1272947.0,House,0,Mid NW • House
CUST201048,601585.0,8.11,236405.0,Education,2,Low NW • Education
CUST201049,9272005.0,22.34,5263234.0,House,0,Mid NW • House
CUST201050,62321.0,12.76,1953907.0,House,0,Mid NW • House
CUST201051,353379.0,15.72,2563122.0,House,0,Mid NW • House
CUST201052,6999477.0,56.5,10739044.0,House,1,High NW • Wealth (large goals)
CUST201053,3017171.0,27.38,3044806.0,Retirement,3,Mid NW • Retirement
CUST201054,1730734.0,20.27,5926187.0,Education,2,Low NW • Education
CUST201055,7824357.0,16.17,3837584.0,House,0,Mid NW • House
CUST201056,1836256.0,26.22,3443862.0,House,0,Mid NW • House
CUST201057,8870737.0,27.93,4446451.0,Education,2,Low NW • Education
CUST201058,3046841.0,34.04,26365241.0,House,1,High NW • Wealth (large goals)
CUST201059,16872181.0,31.95,11352071.0,House,1,High NW • Wealth (large goals)
CUST201060,43089173.0,59.47,3274945.0,Wealth,4,High NW • Wealth (modest goals)
CUST201061,11792630.0,27.55,5211123.0,Retirement,3,Mid NW • Retirement
CUST201062,11412497.0,22.35,627440.0,Education,2,Low NW • Education
CUST201063,2579867.0,13.93,1303657.0,Retirement,3,Mid NW • Retirement
CUST201064,42385617.0,43.37,27023952.0,Retirement,4,High NW • Wealth (modest goals)
CUST201065,1566417.0,18.04,2036826.0,Retirement,3,Mid NW • Retirement
CUST201066,1388496.0,27.25,5418135.0,Retirement,3,Mid NW • Retirement
CUST201067,5318487.0,24.54,5943088.0,Retirement,3,Mid NW • Retirement
CUST201068,34502012.0,35.38,3023114.0,Wealth,4,High NW • Wealth (modest goals)
CUST201069,1171244.0,18.99,4004533.0,Education,2,Low NW • Education
CUST201070,195231.0,28.85,2592060.0,Retirement,3,Mid NW • Retirement
CUST201071,-254319.0,18.52,2747265.0,Education,2,Low NW • Education
CUST201072,-233365.0,11.18,5402917.0,Retirement,3,Mid NW • Retirement
CUST201073,688051.0,16.83,3639399.0,House,0,Mid NW • House
CUST201074,12830117.0,37.52,14019932.0,Wealth,1,High NW • Wealth (large goals)
CUST201075,16853664.0,29.21,1093843.0,Retirement,3,Mid NW • Retirement
CUST201076,9448487.0,23.94,4562437.0,House,0,Mid NW • House
CUST201077,32429581.0,35.17,4057702.0,House,4,High NW • Wealth (modest goals)
CUST201078,45552780.0,56.72,27923855.0,Wealth,4,High NW • Wealth (modest goals)
CUST201079,3499896.0,19.08,4130465.0,House,0,Mid NW • House
CUST201080,86572.0,5.89,223736.0,Emergency_Fund,2,Low NW • Education
CUST201081,21742.0,8.63,301763.0,Emergency_Fund,2,Low NW • Education
CUST201082,3857942.0,27.82,5406624.0,House,0,Mid NW • House
CUST201083,7544788.0,18.29,3566858.0,Education,2,Low NW • Education
CUST201084,13828853.0,22.52,1513147.0,House,0,Mid NW • House
CUST201085,4110709.0,37.65,26885428.0,Retirement,1,High NW • Wealth (large goals)
CUST201086,9855297.0,29.11,3772643.0,Retirement,3,Mid NW • Retirement
CUST201087,26690464.0,46.08,24572725.0,Retirement,1,High NW • Wealth (large goals)
CUST201088,3106191.0,17.45,3205204.0,House,0,Mid NW • House
CUST201089,9814049.0,53.54,20370653.0,House,1,High NW • Wealth (large goals)
CUST201090,16650953.0,39.81,7412339.0,Wealth,1,High NW • Wealth (large goals)
CUST201091,124975.0,8.5,397561.0,Emergency_Fund,2,Low NW • Education
CUST201092,39490258.0,33.76,13284505.0,Retirement,4,High NW • Wealth (modest goals)
CUST201093,275733.0,2.96,55968.0,Education,2,Low NW • Education
CUST201094,3710982.0,18.56,5930716.0,House,0,Mid NW • House
CUST201095,3826526.0,26.49,1428754.0,House,0,Mid NW • House
CUST201096,110642.0,13.28,4869840.0,Retirement,3,Mid NW • Retirement
CUST201097,75601.0,5.05,480345.0,Emergency_Fund,2,Low NW • Education
CUST201098,2880261.0,13.35,3639005.0,Education,2,Low NW • Education
CUST201099,12554578.0,29.36,1527610.0,House,0,Mid NW • House
CUST201100,2151270.0,17.81,761112.0,Retirement,3,Mid NW • Retirement
CUST201101,28439820.0,57.97,18169383.0,Wealth,4,High NW • Wealth (modest goals)
CUST201102,1050669.0,17.36,2391667.0,House,0,Mid NW • House
CUST201103,9371020.0,25.21,3409611.0,Retirement,3,Mid NW • Retirement
CUST201104,5616818.0,22.04,3632364.0,Education,2,Low NW • Education
CUST201105,2602518.0,28.15,5733918.0,Education,2,Low NW • Education
CUST201106,1347845.0,18.2,1768374.0,Retirement,3,Mid NW • Retirement
CUST201107,10009856.0,18.37,1772999.0,House,0,Mid NW • House
CUST201108,3116038.0,17.24,2543575.0,House,0,Mid NW • House
CUST201109,28000488.0,35.42,14126830.0,Wealth,4,High NW • Wealth (modest goals)
CUST201110,10597764.0,25.63,2963654.0,Retirement,3,Mid NW • Retirement
CUST201111,19332682.0,53.48,27860652.0,Retirement,1,High NW • Wealth (large goals)
CUST201112,337938.0,18.57,3743247.0,Retirement,3,Mid NW • Retirement
CUST201113,2982720.0,14.39,4557971.0,Education,2,Low NW • Education
CUST201114,335847.0,7.04,500327.0,Education,2,Low NW • Education
CUST201115,-2160.0,19.57,3916340.0,Retirement,3,Mid NW • Retirement
CUST201116,240075.0,28.23,3813904.0,Education,2,Low NW • Education
CUST201117,6138083.0,26.27,5227131.0,Retirement,3,Mid NW • Retirement
CUST201118,452859.0,19.17,777983.0,Retirement,3,Mid NW • Retirement
CUST201119,2248666.0,11.16,3649647.0,House,0,Mid NW • House
CUST201120,2241490.0,28.25,2785984.0,Retirement,3,Mid NW • Retirement
CUST201121,8423907.0,17.55,5381639.0,House,0,Mid NW • House
CUST201122,49259019.0,44.11,19594975.0,Wealth,4,High NW • Wealth (modest goals)
CUST201123,824.0,2.37,337253.0,Education,2,Low NW • Education
CUST201124,3574313.0,22.37,1312219.0,House,0,Mid NW • House
CUST201125,57493.0,5.45,583567.0,Emergency_Fund,2,Low NW • Education
CUST201126,8813227.0,29.81,4227584.0,Retirement,3,Mid NW • Retirement
CUST201127,4728438.0,22.9,1962082.0,House,0,Mid NW • House
CUST201128,26659872.0,58.34,5291236.0,Wealth,4,High NW • Wealth (modest goals)
CUST201129,14001393.0,40.82,18137566.0,House,1,High NW • Wealth (large goals)
CUST201130,2150903.0,13.0,2348237.0,Education,2,Low NW • Education
CUST201131,294382.0,13.05,2811058.0,Education,2,Low NW • Education
CUST201132,22621250.0,29.08,4301400.0,Education,2,Low NW • Education
CUST201133,1820177.0,12.15,4509854.0,Retirement,3,Mid NW • Retirement
CUST201134,-262469.0,20.68,1868319.0,House,0,Mid NW • House
CUST201135,10042404.0,37.36,6733429.0,Wealth,0,Mid NW • House
CUST201136,4114578.0,23.96,2365630.0,Retirement,3,Mid NW • Retirement
CUST201137,3609095.0,24.49,3133630.0,Education,2,Low NW • Education
CUST201138,5926366.0,16.47,3991172.0,Education,2,Low NW • Education
CUST201139,1138722.0,29.69,3878211.0,Education,2,Low NW • Education
CUST201140,5898015.0,24.23,4407270.0,House,0,Mid NW • House
CUST201141,3231751.0,29.87,815929.0,Retirement,3,Mid NW • Retirement
CUST201142,2330876.0,29.23,2543332.0,Education,2,Low NW • Education
CUST201143,7085210.0,20.89,3985717.0,House,0,Mid NW • House
CUST201144,3949507.0,29.53,3304137.0,Retirement,3,Mid NW • Retirement
CUST201145,1271587.0,12.72,2757983.0,Education,2,Low NW • Education
CUST201146,18017.0,29.59,2315150.0,Retirement,3,Mid NW • Retirement
CUST201147,7261003.0,52.69,24836777.0,House,1,High NW • Wealth (large goals)
CUST201148,2792570.0,16.54,920286.0,Education,2,Low NW • Education
CUST201149,23749495.0,37.97,20698352.0,Retirement,1,High NW • Wealth (large goals)
CUST201150,14320315.0,30.96,22250028.0,Wealth,1,High NW • Wealth (large goals)
CUST201151,3719785.0,17.19,5662400.0,Retirement,3,Mid NW • Retirement
CUST201152,6091455.0,20.01,4609791.0,Education,2,Low NW • Education
CUST201153,6243627.0,24.75,5845401.0,Education,2,Low NW • Education
CUST201154,2661979.0,16.75,2900143.0,Education,2,Low NW • Education
CUST201155,123450.0,3.99,301342.0,Education,2,Low NW • Education
CUST201156,20280282.0,49.66,2834584.0,Retirement,4,High NW • Wealth (modest goals)
CUST201157,5080966.0,11.37,5718238.0,Retirement,3,Mid NW • Retirement
CUST201158,13617246.0,21.3,5031666.0,Retirement,3,Mid NW • Retirement
CUST201159,46381407.0,36.67,17098656.0,Wealth,4,High NW • Wealth (modest goals)
CUST201160,1635852.0,17.5,5180980.0,Retirement,3,Mid NW • Retirement
CUST201161,5326724.0,17.17,5529062.0,Retirement,3,Mid NW • Retirement
CUST201162,1829016.0,24.42,5559206.0,Retirement,3,Mid NW • Retirement
CUST201163,16059730.0,29.76,3993859.0,Retirement,3,Mid NW • Retirement
CUST201164,-128960.0,1.99,101786.0,Emergency_Fund,2,Low NW • Education
CUST201165,2772272.0,16.68,5264950.0,Education,2,Low NW • Education
CUST201166,9162990.0,21.91,1326258.0,Retirement,3,Mid NW • Retirement
CUST201167,2129752.0,15.9,1920555.0,Education,2,Low NW • Education
CUST201168,314868.0,11.43,4356522.0,Education,2,Low NW • Education
CUST201169,3909541.0,10.28,4779081.0,Education,2,Low NW • Education
CUST201170,2176938.0,16.36,3485143.0,Retirement,3,Mid NW • Retirement
CUST201171,2883806.0,18.92,4151084.0,House,0,Mid NW • House
CUST201172,5213119.0,18.35,5704652.0,Retirement,3,Mid NW • Retirement
CUST201173,317642.0,12.3,1902296.0,Retirement,3,Mid NW • Retirement
CUST201174,374014.0,10.54,2812538.0,Education,2,Low NW • Education
CUST201175,5595957.0,12.25,1191983.0,Retirement,3,Mid NW • Retirement
CUST201176,5774907.0,20.27,4262645.0,Retirement,3,Mid NW • Retirement
CUST201177,-288634.0,24.6,4405573.0,Education,2,Low NW • Education
CUST201178,4127944.0,17.26,536625.0,Education,2,Low NW • Education
CUST201179,739208.0,27.66,3224215.0,Retirement,3,Mid NW • Retirement
CUST201180,2360736.0,17.61,1722165.0,Retirement,3,Mid NW • Retirement
CUST201181,9236332.0,25.04,4201436.0,Retirement,3,Mid NW • Retirement
CUST201182,417968.0,12.43,4555092.0,Education,2,Low NW • Education
CUST201183,9345023.0,24.63,3816081.0,Retirement,3,Mid NW • Retirement
CUST201184,7729131.0,26.35,937177.0,Retirement,3,Mid NW • Retirement
CUST201185,8973800.0,24.27,3628187.0,Retirement,3,Mid NW • Retirement
CUST201186,52262663.0,51.49,22045111.0,House,4,High NW • Wealth (modest goals)
CUST201187,249915.0,28.66,1382565.0,Education,2,Low NW • Education
CUST201188,460160.0,15.29,3260561.0,Education,2,Low NW • Education
CUST201189,3977656.0,22.6,4064428.0,House,0,Mid NW • House
CUST201190,-553900.0,10.21,4081953.0,House,0,Mid NW • House
CUST201191,4539234.0,11.87,2757519.0,Retirement,3,Mid NW • Retirement
CUST201192,10493989.0,16.15,1567252.0,Retirement,3,Mid NW • Retirement
CUST201193,56123312.0,47.74,9097850.0,House,4,High NW • Wealth (modest goals)
CUST201194,4917055.0,12.61,4868691.0,Retirement,3,Mid NW • Retirement
CUST201195,393223.0,7.73,136843.0,Education,2,Low NW • Education
CUST201196,-715019.0,17.58,2332304.0,Retirement,3,Mid NW • Retirement
CUST201197,7905820.0,57.11,5961866.0,Wealth,1,High NW • Wealth (large goals)
CUST201198,195254.0,20.09,2548566.0,Education,2,Low NW • Education
CUST201199,17117913.0,44.54,15122917.0,Retirement,1,High NW • Wealth (large goals)
CUST201200,21824122.0,45.5,26270176.0,House,1,High NW • Wealth (large goals)
CUST201201,6493018.0,21.16,4971883.0,Retirement,3,Mid NW • Retirement
CUST201202,622368.0,24.95,4665182.0,Education,2,Low NW • Education
CUST201203,5392893.0,25.16,3702343.0,Retirement,3,Mid NW • Retirement
CUST201204,3392746.0,25.55,929208.0,House,0,Mid NW • House
CUST201205,2826752.0,19.12,5722570.0,Retirement,3,Mid NW • Retirement
CUST201206,5011290.0,23.28,2875307.0,Retirement,3,Mid NW • Retirement
CUST201207,-47253.0,4.05,412965.0,Emergency_Fund,2,Low NW • Education
CUST201208,7423029.0,53.02,17786939.0,Retirement,1,High NW • Wealth (large goals)
CUST201209,63573024.0,49.11,4796445.0,House,4,High NW • Wealth (modest goals)
CUST201210,-286958.0,25.41,4715921.0,House,0,Mid NW • House
CUST201211,3805598.0,17.73,3646182.0,House,0,Mid NW • House
CUST201212,5569428.0,59.71,17897481.0,Retirement,1,High NW • Wealth (large goals)
CUST201213,2675655.0,13.8,3793077.0,Retirement,3,Mid NW • Retirement
CUST201214,779569.0,22.13,1592009.0,Retirement,3,Mid NW • Retirement
CUST201215,2193504.0,10.61,2870491.0,House,0,Mid NW • House
CUST201216,136528.0,11.18,3771936.0,House,0,Mid NW • House
CUST201217,21736694.0,59.19,12106352.0,House,4,High NW • Wealth (modest goals)
CUST201218,623681.0,15.21,961220.0,Retirement,3,Mid NW • Retirement
CUST201219,8786309.0,57.95,5922676.0,Wealth,1,High NW • Wealth (large goals)
CUST201220,4931285.0,22.94,1464026.0,House,0,Mid NW • House
CUST201221,1037466.0,16.35,957311.0,House,0,Mid NW • House
CUST201222,5022084.0,26.57,2805655.0,House,0,Mid NW • House
CUST201223,1643183.0,24.65,4618697.0,Education,2,Low NW • Education
CUST201224,21549650.0,32.76,19885930.0,Wealth,1,High NW • Wealth (large goals)
CUST201225,19893594.0,51.43,2850777.0,Wealth,4,High NW • Wealth (modest goals)
CUST201226,2764761.0,10.49,4767802.0,Retirement,3,Mid NW • Retirement
CUST201227,1470990.0,13.19,656647.0,Education,2,Low NW • Education
CUST201228,3528058.0,29.81,4439138.0,Education,2,Low NW • Education
CUST201229,-269768.0,10.98,2529960.0,Retirement,3,Mid NW • Retirement
CUST201230,2823101.0,19.02,4999880.0,House,0,Mid NW • House
CUST201231,34879478.0,51.71,28985799.0,Retirement,1,High NW • Wealth (large goals)
CUST201232,8276295.0,21.12,5704961.0,House,0,Mid NW • House
CUST201233,35756803.0,32.62,7628054.0,House,4,High NW • Wealth (modest goals)
CUST201234,31223734.0,58.98,15282527.0,Wealth,4,High NW • Wealth (modest goals)
CUST201235,5801218.0,21.55,3034274.0,Retirement,3,Mid NW • Retirement
CUST201236,3693674.0,10.42,3337698.0,Retirement,3,Mid NW • Retirement
CUST201237,30855114.0,57.91,28482282.0,Wealth,1,High NW • Wealth (large goals)
CUST201238,3198906.0,12.89,2974190.0,House,0,Mid NW • House
CUST201239,-536532.0,6.54,143667.0,Emergency_Fund,2,Low NW • Education
CUST201240,-437022.0,7.74,399242.0,Education,2,Low NW • Education
CUST201241,1877733.0,10.53,4390670.0,Retirement,3,Mid NW • Retirement
CUST201242,10255013.0,27.45,5041960.0,Retirement,3,Mid NW • Retirement
CUST201243,6267369.0,29.61,2256382.0,Retirement,3,Mid NW • Retirement
CUST201244,6850761.0,25.36,3434135.0,Retirement,3,Mid NW • Retirement
CUST201245,934224.0,21.5,2480466.0,House,0,Mid NW • House
CUST201246,-291979.0,24.8,3347435.0,Retirement,3,Mid NW • Retirement
CUST201247,16897402.0,48.49,10282371.0,Retirement,1,High NW • Wealth (large goals)
CUST201248,1147414.0,12.87,578455.0,House,0,Mid NW • House
CUST201249,1967655.0,14.91,3442377.0,Retirement,3,Mid NW • Retirement
CUST201250,2739368.0,29.13,3890201.0,House,0,Mid NW • House
CUST201251,90931.0,19.32,943971.0,Retirement,3,Mid NW • Retirement
CUST201252,41101.0,6.18,202110.0,Emergency_Fund,2,Low NW • Education
CUST201253,18338358.0,59.46,12185352.0,House,1,High NW • Wealth (large goals)
CUST201254,559120.0,22.96,3239830.0,Retirement,3,Mid NW • Retirement
CUST201255,-190045.0,26.86,841326.0,Education,2,Low NW • Education
CUST201256,-460555.0,7.58,352451.0,Emergency_Fund,2,Low NW • Education
CUST201257,5579462.0,28.07,2306324.0,House,0,Mid NW • House
CUST201258,2070989.0,22.18,2747139.0,House,0,Mid NW • House
CUST201259,1234832.0,24.05,2944448.0,Education,2,Low NW • Education
CUST201260,1592549.0,29.89,4749016.0,House,0,Mid NW • House
CUST201261,93887.0,23.91,852887.0,Retirement,3,Mid NW • Retirement
CUST201262,13408877.0,20.49,869390.0,Education,2,Low NW • Education
CUST201263,4548683.0,28.21,2204593.0,Retirement,3,Mid NW • Retirement
CUST201264,-422232.0,28.17,5446513.0,House,0,Mid NW • House
CUST201265,1956020.0,15.08,1889213.0,Education,2,Low NW • Education
CUST201266,3014491.0,19.16,781183.0,House,0,Mid NW • House
CUST201267,6286847.0,24.92,3625614.0,House,0,Mid NW • House
CUST201268,-756189.0,22.04,5818628.0,Retirement,3,Mid NW • Retirement
CUST201269,3398466.0,15.53,5149759.0,Retirement,3,Mid NW • Retirement
CUST201270,2112698.0,16.75,4013517.0,Education,2,Low NW • Education
CUST201271,3343122.0,10.25,1560804.0,Retirement,3,Mid NW • Retirement
CUST201272,82773.0,27.96,3940857.0,Retirement,3,Mid NW • Retirement
CUST201273,1596999.0,13.91,1742106.0,Education,2,Low NW • Education
CUST201274,1725658.0,23.93,5792425.0,Retirement,3,Mid NW • Retirement
CUST201275,94400.0,22.86,4262704.0,Education,2,Low NW • Education
CUST201276,17325751.0,56.45,22027555.0,Retirement,1,High NW • Wealth (large goals)
CUST201277,40782278.0,55.12,9573240.0,Retirement,4,High NW • Wealth (modest goals)
CUST201278,4928383.0,25.08,4330170.0,House,0,Mid NW • House
CUST201279,316425.0,16.59,4852776.0,House,0,Mid NW • House
CUST201280,4403033.0,26.18,3960686.0,Retirement,3,Mid NW • Retirement
CUST201281,3048991.0,26.56,4058961.0,Retirement,3,Mid NW • Retirement
CUST201282,6089124.0,23.42,5753411.0,Education,2,Low NW • Education
CUST201283,41608166.0,41.1,6695887.0,Retirement,4,High NW • Wealth (modest goals)
CUST201284,13199963.0,40.26,12854569.0,Retirement,1,High NW • Wealth (large goals)
CUST201285,138219.0,24.07,1528978.0,Retirement,3,Mid NW • Retirement
CUST201286,36355057.0,58.74,25305291.0,Wealth,4,High NW • Wealth (modest goals)
CUST201287,16079626.0,32.4,18392374.0,Wealth,1,High NW • Wealth (large goals)
CUST201288,283106.0,14.85,1188546.0,House,0,Mid NW • House
CUST201289,1276825.0,27.4,4159825.0,House,0,Mid NW • House
CUST201290,1133377.0,14.89,1363249.0,House,0,Mid NW • House
CUST201291,35941130.0,54.66,8308895.0,Retirement,4,High NW • Wealth (modest goals)
CUST201292,6477550.0,18.99,4498465.0,House,0,Mid NW • House
CUST201293,33350446.0,46.86,6836356.0,Retirement,4,High NW • Wealth (modest goals)
CUST201294,4728155.0,15.26,1914698.0,Retirement,3,Mid NW • Retirement
CUST201295,4443355.0,48.61,2731320.0,House,0,Mid NW • House
CUST201296,8465096.0,54.72,15309859.0,Retirement,1,High NW • Wealth (large goals)
CUST201297,1023208.0,27.13,2023268.0,Retirement,3,Mid NW • Retirement
CUST201298,8566935.0,15.8,4389252.0,House,0,Mid NW • House
CUST201299,15478037.0,26.3,3769257.0,Retirement,3,Mid NW • Retirement
CUST201300,995355.0,10.01,1740536.0,Retirement,3,Mid NW • Retirement
CUST201301,1585604.0,19.47,5664360.0,House,0,Mid NW • House
CUST201302,4658222.0,13.34,3608406.0,Education,2,Low NW • Education
CUST201303,2667640.0,22.73,5859941.0,House,0,Mid NW • House
CUST201304,7965710.0,20.76,5815282.0,House,0,Mid NW • House
CUST201305,29553573.0,58.82,12760261.0,House,4,High NW • Wealth (modest goals)
CUST201306,-351514.0,12.51,585462.0,Education,2,Low NW • Education
CUST201307,1602804.0,18.62,4207233.0,House,0,Mid NW • House
CUST201308,3251989.0,23.61,2588304.0,Retirement,3,Mid NW • Retirement
CUST201309,1432979.0,27.15,1910521.0,Retirement,3,Mid NW • Retirement
CUST201310,1620007.0,31.32,18136852.0,Wealth,1,High NW • Wealth (large goals)
CUST201311,604956.0,10.36,864569.0,Retirement,3,Mid NW • Retirement
CUST201312,10056270.0,29.88,5081337.0,Retirement,3,Mid NW • Retirement
CUST201313,29075.0,2.06,300229.0,Emergency_Fund,2,Low NW • Education
CUST201314,7425540.0,21.28,758910.0,Retirement,3,Mid NW • Retirement
CUST201315,792818.0,12.9,5402016.0,Retirement,3,Mid NW • Retirement
CUST201316,20340792.0,31.92,5500791.0,Retirement,3,Mid NW • Retirement
CUST201317,3418586.0,21.68,4144869.0,House,0,Mid NW • House
CUST201318,144031.0,29.31,1746629.0,Retirement,3,Mid NW • Retirement
CUST201319,-12829.0,27.8,5583807.0,Retirement,3,Mid NW • Retirement
CUST201320,3831261.0,14.8,1517342.0,House,0,Mid NW • House
CUST201321,1125631.0,13.54,4465110.0,Retirement,3,Mid NW • Retirement
CUST201322,3181369.0,13.23,5544355.0,House,0,Mid NW • House
CUST201323,8926354.0,19.96,5344320.0,House,0,Mid NW • House
CUST201324,1829617.0,25.3,3126381.0,House,0,Mid NW • House
CUST201325,1205765.0,14.8,3508514.0,Retirement,3,Mid NW • Retirement
CUST201326,3623435.0,10.05,5979090.0,Education,2,Low NW • Education
CUST201327,10042279.0,25.81,2325556.0,Retirement,3,Mid NW • Retirement
CUST201328,36303.0,4.1,222162.0,Emergency_Fund,2,Low NW • Education
CUST201329,9600186.0,36.44,8723334.0,House,0,Mid NW • House
CUST201330,1423429.0,25.21,5072549.0,Retirement,3,Mid NW • Retirement
CUST201331,3990527.0,15.04,4905310.0,Retirement,3,Mid NW • Retirement
CUST201332,1322072.0,14.77,3781953.0,House,0,Mid NW • House
CUST201333,-205957.0,27.54,1367496.0,Retirement,3,Mid NW • Retirement
CUST201334,40549540.0,51.75,29789184.0,Wealth,4,High NW • Wealth (modest goals)
CUST201335,7314753.0,20.87,3385688.0,House,0,Mid NW • House
CUST201336,2107175.0,17.33,1443199.0,Retirement,3,Mid NW • Retirement
CUST201337,7032214.0,15.45,4792029.0,Retirement,3,Mid NW • Retirement
CUST201338,28198869.0,49.03,24737349.0,Wealth,1,High NW • Wealth (large goals)
CUST201339,4593694.0,17.65,3084470.0,Education,2,Low NW • Education
CUST201340,5832133.0,25.91,3737395.0,House,0,Mid NW • House
CUST201341,2128628.0,28.29,1393614.0,House,0,Mid NW • House
CUST201342,122676.0,17.17,4323703.0,House,0,Mid NW • House
CUST201343,1389955.0,11.54,1253351.0,Retirement,3,Mid NW • Retirement
CUST201344,2952411.0,20.78,3379171.0,Retirement,3,Mid NW • Retirement
CUST201345,15392650.0,47.97,8230650.0,Wealth,1,High NW • Wealth (large goals)
CUST201346,2596506.0,21.67,725493.0,Retirement,3,Mid NW • Retirement
CUST201347,11956807.0,25.26,2210516.0,Retirement,3,Mid NW • Retirement
CUST201348,8792368.0,32.59,27178405.0,House,1,High NW • Wealth (large goals)
CUST201349,13752150.0,38.36,6698909.0,Retirement,3,Mid NW • Retirement
CUST201350,7424353.0,24.49,1283084.0,Retirement,3,Mid NW • Retirement
CUST201351,4466181.0,17.09,5122618.0,Education,2,Low NW • Education
CUST201352,4040343.0,23.52,2689862.0,House,0,Mid NW • House
CUST201353,2748281.0,17.56,1677302.0,House,0,Mid NW • House
CUST201354,3957105.0,19.95,4033234.0,House,0,Mid NW • House
CUST201355,4307268.0,29.17,4926146.0,Education,2,Low NW • Education
CUST201356,141800.0,15.1,2775154.0,House,0,Mid NW • House
CUST201357,10770392.0,27.04,3214080.0,Education,2,Low NW • Education
CUST201358,6437463.0,20.14,2600359.0,Education,2,Low NW • Education
CUST201359,5607149.0,23.2,3889620.0,Retirement,3,Mid NW • Retirement
CUST201360,20337695.0,37.13,13024623.0,Retirement,1,High NW • Wealth (large goals)
CUST201361,110455.0,3.4,129004.0,Emergency_Fund,2,Low NW • Education
CUST201362,-59476.0,18.41,3247118.0,House,0,Mid NW • House
CUST201363,4534624.0,16.17,5716766.0,Retirement,3,Mid NW • Retirement
CUST201364,737334.0,15.17,835593.0,Education,2,Low NW • Education
CUST201365,3488947.0,22.45,4457502.0,Retirement,3,Mid NW • Retirement
CUST201366,4557480.0,22.63,4122478.0,House,0,Mid NW • House
CUST201367,5377571.0,20.37,2569544.0,Retirement,3,Mid NW • Retirement
CUST201368,64801.0,22.49,1770389.0,Education,2,Low NW • Education
CUST201369,10042328.0,18.43,2356813.0,Education,2,Low NW • Education
CUST201370,16564213.0,49.7,24561987.0,House,1,High NW • Wealth (large goals)
CUST201371,20280.0,3.21,78182.0,Education,2,Low NW • Education
CUST201372,1888508.0,25.0,518474.0,Retirement,3,Mid NW • Retirement
CUST201373,5133651.0,14.03,752279.0,Retirement,3,Mid NW • Retirement
CUST201374,8774046.0,18.03,1139547.0,Retirement,3,Mid NW • Retirement
CUST201375,1197687.0,12.05,883915.0,Retirement,3,Mid NW • Retirement
CUST201376,662479.0,25.65,4377131.0,Retirement,3,Mid NW • Retirement
CUST201377,6170216.0,21.3,3393669.0,Retirement,3,Mid NW • Retirement
CUST201378,353112.0,22.28,1775217.0,House,0,Mid NW • House
CUST201379,873918.0,15.59,5528105.0,Retirement,3,Mid NW • Retirement
CUST201380,66028614.0,60.0,17104150.0,Retirement,4,High NW • Wealth (modest goals)
CUST201381,3305064.0,16.28,5237174.0,Retirement,3,Mid NW • Retirement
CUST201382,324614.0,25.13,1371515.0,Education,2,Low NW • Education
CUST201383,3347556.0,25.8,3228433.0,House,0,Mid NW • House
CUST201384,5353312.0,21.15,745667.0,Retirement,3,Mid NW • Retirement
CUST201385,147326.0,21.02,1798712.0,Education,2,Low NW • Education
CUST201386,2824143.0,10.3,816562.0,Education,2,Low NW • Education
CUST201387,3065471.0,25.32,5537899.0,Retirement,3,Mid NW • Retirement
CUST201388,29298601.0,43.27,11487424.0,Wealth,4,High NW • Wealth (modest goals)
CUST201389,28328275.0,32.4,17017741.0,Wealth,1,High NW • Wealth (large goals)
CUST201390,35636419.0,57.97,8663230.0,Wealth,4,High NW • Wealth (modest goals)
CUST201391,4813912.0,28.12,1150019.0,Retirement,3,Mid NW • Retirement
CUST201392,6235240.0,26.13,5398972.0,House,0,Mid NW • House
CUST201393,2332512.0,29.03,1831554.0,Education,2,Low NW • Education
CUST201394,-75306.0,28.3,1687274.0,Retirement,3,Mid NW • Retirement
CUST201395,13930337.0,37.74,21052661.0,Retirement,1,High NW • Wealth (large goals)
CUST201396,1617377.0,21.6,2443530.0,Education,2,Low NW • Education
CUST201397,1275149.0,11.45,2070170.0,House,0,Mid NW • House
CUST201398,3531902.0,18.78,5173635.0,House,0,Mid NW • House
CUST201399,3687620.0,20.42,2783979.0,House,0,Mid NW • House
CUST201400,1983701.0,26.93,3257771.0,Retirement,3,Mid NW • Retirement
CUST201401,1843550.0,27.11,2391897.0,Retirement,3,Mid NW • Retirement
CUST201402,7385840.0,23.47,1825804.0,House,0,Mid NW • House
CUST201403,8343425.0,27.35,4023226.0,Retirement,3,Mid NW • Retirement
CUST201404,4423030.0,13.37,2799265.0,Retirement,3,Mid NW • Retirement
CUST201405,1032992.0,22.7,2554749.0,Retirement,3,Mid NW • Retirement
CUST201406,9381271.0,36.67,14534032.0,Retirement,1,High NW • Wealth (large goals)
CUST201407,2309824.0,25.16,3681649.0,Retirement,3,Mid NW • Retirement
CUST201408,1348617.0,25.44,3349019.0,Retirement,3,Mid NW • Retirement
CUST201409,1225476.0,11.35,2791782.0,Education,2,Low NW • Education
CUST201410,2400850.0,22.43,672192.0,Education,2,Low NW • Education
CUST201411,9695533.0,24.75,2468720.0,House,0,Mid NW • House
CUST201412,1071207.0,20.13,2459155.0,Retirement,3,Mid NW • Retirement
CUST201413,2127484.0,20.8,1979288.0,Retirement,3,Mid NW • Retirement
CUST201414,23960241.0,33.42,3802836.0,House,0,Mid NW • House
CUST201415,5316626.0,25.14,1237312.0,House,0,Mid NW • House
CUST201416,144731.0,1.01,272835.0,Education,2,Low NW • Education
CUST201417,3846399.0,20.47,1032466.0,House,0,Mid NW • House
CUST201418,1649633.0,13.1,5651951.0,Education,2,Low NW • Education
CUST201419,1511940.0,18.33,5652773.0,Retirement,3,Mid NW • Retirement
CUST201420,97210.0,19.85,1745327.0,Retirement,3,Mid NW • Retirement
CUST201421,2869081.0,28.29,3358716.0,House,0,Mid NW • House
CUST201422,950291.0,15.41,3969428.0,Retirement,3,Mid NW • Retirement
CUST201423,25047097.0,39.0,29834933.0,Retirement,1,High NW • Wealth (large goals)
CUST201424,17975183.0,38.15,14416296.0,Retirement,1,High NW • Wealth (large goals)
CUST201425,5131867.0,23.26,5854500.0,House,0,Mid NW • House
CUST201426,9765880.0,17.93,2955415.0,House,0,Mid NW • House
CUST201427,136766.0,10.99,4590665.0,Retirement,3,Mid NW • Retirement
CUST201428,259218.0,12.56,5661547.0,Retirement,3,Mid NW • Retirement
CUST201429,11988850.0,27.91,2457292.0,Retirement,3,Mid NW • Retirement
CUST201430,3163769.0,17.2,2815075.0,House,0,Mid NW • House
CUST201431,7393277.0,28.65,2042372.0,Retirement,3,Mid NW • Retirement
CUST201432,57344918.0,57.22,8041708.0,Retirement,4,High NW • Wealth (modest goals)
CUST201433,4179640.0,12.5,4909800.0,Retirement,3,Mid NW • Retirement
CUST201434,242919.0,13.46,5734100.0,House,0,Mid NW • House
CUST201435,167475.0,4.25,393601.0,Education,2,Low NW • Education
CUST201436,-83684.0,17.38,2099367.0,Education,2,Low NW • Education
CUST201437,2340607.0,16.77,890221.0,Retirement,3,Mid NW • Retirement
CUST201438,30242536.0,48.73,27530903.0,Wealth,1,High NW • Wealth (large goals)
CUST201439,4439534.0,14.3,3477883.0,House,0,Mid NW • House
CUST201440,8175672.0,28.86,3234349.0,House,0,Mid NW • House
CUST201441,6667310.0,19.68,3722773.0,Retirement,3,Mid NW • Retirement
CUST201442,3046808.0,10.24,1474603.0,House,0,Mid NW • House
CUST201443,1376656.0,28.79,4692057.0,House,0,Mid NW • House
CUST201444,552786.0,18.32,4294599.0,Education,2,Low NW • Education
CUST201445,35081438.0,33.48,18484519.0,House,4,High NW • Wealth (modest goals)
CUST201446,8599182.0,21.09,1658134.0,Retirement,3,Mid NW • Retirement
CUST201447,2142191.0,28.19,662658.0,Retirement,3,Mid NW • Retirement
CUST201448,5264309.0,23.62,4503202.0,House,0,Mid NW • House
CUST201449,19132614.0,36.68,28010659.0,Wealth,1,High NW • Wealth (large goals)
CUST201450,879613.0,16.38,4470497.0,House,0,Mid NW • House
CUST201451,26315126.0,57.88,20247865.0,Wealth,1,High NW • Wealth (large goals)
CUST201452,2015555.0,13.7,4850021.0,Retirement,3,Mid NW • Retirement
CUST201453,5339816.0,11.69,1890258.0,Retirement,3,Mid NW • Retirement
CUST201454,2971827.0,19.74,1724550.0,Retirement,3,Mid NW • Retirement
CUST201455,15478247.0,40.88,6095800.0,Wealth,1,High NW • Wealth (large goals)
CUST201456,623903.0,20.19,2724445.0,House,0,Mid NW • House
CUST201457,1550925.0,29.06,1115517.0,Education,2,Low NW • Education
CUST201458,37095633.0,49.02,19619512.0,Wealth,4,High NW • Wealth (modest goals)
CUST201459,3184567.0,25.85,2555393.0,Retirement,3,Mid NW • Retirement
CUST201460,19427139.0,40.66,8426019.0,Wealth,1,High NW • Wealth (large goals)
CUST201461,54664219.0,53.26,8130292.0,Wealth,4,High NW • Wealth (modest goals)
CUST201462,4168212.0,25.91,5471612.0,Retirement,3,Mid NW • Retirement
CUST201463,11084390.0,38.98,26753877.0,House,1,High NW • Wealth (large goals)
CUST201464,8119468.0,21.44,2921468.0,Retirement,3,Mid NW • Retirement
CUST201465,17129.0,15.62,598413.0,House,0,Mid NW • House
CUST201466,35507.0,10.91,586493.0,House,0,Mid NW • House
CUST201467,7867546.0,17.53,722717.0,Retirement,3,Mid NW • Retirement
CUST201468,3572516.0,17.2,2994842.0,Retirement,3,Mid NW • Retirement
CUST201469,2980005.0,17.25,3194394.0,House,0,Mid NW • House
CUST201470,-111862.0,11.94,1101591.0,Retirement,3,Mid NW • Retirement
CUST201471,2048718.0,16.36,1150230.0,Retirement,3,Mid NW • Retirement
CUST201472,6714375.0,33.01,21905083.0,Retirement,1,High NW • Wealth (large goals)
CUST201473,1086383.0,10.89,1838772.0,House,0,Mid NW • House
CUST201474,7587789.0,28.56,4821576.0,House,0,Mid NW • House
CUST201475,16328371.0,52.95,7803098.0,Retirement,1,High NW • Wealth (large goals)
CUST201476,-180098.0,4.46,404186.0,Emergency_Fund,2,Low NW • Education
CUST201477,12555352.0,28.28,1884162.0,Education,2,Low NW • Education
CUST201478,22860132.0,59.36,8838519.0,Wealth,4,High NW • Wealth (modest goals)
CUST201479,-2591.0,4.11,573841.0,Emergency_Fund,2,Low NW • Education
CUST201480,19220496.0,48.03,21574120.0,Wealth,1,High NW • Wealth (large goals)
CUST201481,1293247.0,13.83,5972259.0,House,0,Mid NW • House
CUST201482,2259333.0,19.41,4349508.0,House,0,Mid NW • House
CUST201483,220504.0,2.3,80515.0,Emergency_Fund,2,Low NW • Education
CUST201484,1990985.0,13.92,5579056.0,House,0,Mid NW • House
CUST201485,17943440.0,44.46,18332127.0,Wealth,1,High NW • Wealth (large goals)
CUST201486,16324196.0,56.96,19078188.0,House,1,High NW • Wealth (large goals)
CUST201487,1249649.0,10.21,2905580.0,House,0,Mid NW • House
CUST201488,2437156.0,26.95,5239498.0,House,0,Mid NW • House
CUST201489,24402610.0,55.88,29784882.0,Retirement,1,High NW • Wealth (large goals)
CUST201490,22789405.0,28.61,4334801.0,House,0,Mid NW • House
CUST201491,5969729.0,27.11,2133733.0,Retirement,3,Mid NW • Retirement
CUST201492,-39937.0,10.08,5118229.0,Retirement,3,Mid NW • Retirement
CUST201493,28094226.0,30.62,13061381.0,Wealth,4,High NW • Wealth (modest goals)
CUST201494,2301791.0,21.27,4853435.0,Education,2,Low NW • Education
CUST201495,-294442.0,3.31,397959.0,Emergency_Fund,2,Low NW • Education
CUST201496,2999268.0,13.36,1237738.0,Education,2,Low NW • Education
CUST201497,-86582.0,6.11,338314.0,Education,2,Low NW • Education
CUST201498,2280865.0,14.04,5163493.0,Retirement,3,Mid NW • Retirement
CUST201499,1482035.0,25.12,4214861.0,House,0,Mid NW • House
CUST201500,30036545.0,37.19,10478367.0,Wealth,4,High NW • Wealth (modest goals)
CUST201501,485505.0,14.16,4476510.0,Retirement,3,Mid NW • Retirement
CUST201502,444446.0,11.64,1247028.0,House,0,Mid NW • House
CUST201503,-169139.0,17.33,4842401.0,Education,2,Low NW • Education
CUST201504,1487789.0,16.93,5334415.0,House,0,Mid NW • House
CUST201505,1973925.0,18.96,2624596.0,House,0,Mid NW • House
CUST201506,331543.0,15.33,3857925.0,Retirement,3,Mid NW • Retirement
CUST201507,10281509.0,21.69,741067.0,Retirement,3,Mid NW • Retirement
CUST201508,4614984.0,16.66,4832483.0,House,0,Mid NW • House
CUST201509,9145176.0,32.91,6068288.0,Wealth,0,Mid NW • House
CUST201510,7085569.0,14.72,5210987.0,House,0,Mid NW • House
CUST201511,5263701.0,18.98,2230902.0,Education,2,Low NW • Education
CUST201512,7848716.0,21.75,4794488.0,Education,2,Low NW • Education
CUST201513,4050030.0,31.88,8757780.0,Wealth,0,Mid NW • House
CUST201514,41587396.0,51.18,17987633.0,House,4,High NW • Wealth (modest goals)
CUST201515,2584494.0,24.02,4076370.0,House,0,Mid NW • House
CUST201516,3200092.0,23.68,5374164.0,Retirement,3,Mid NW • Retirement
CUST201517,3844162.0,11.28,5833626.0,Retirement,3,Mid NW • Retirement
CUST201518,26505536.0,42.45,6825365.0,Retirement,4,High NW • Wealth (modest goals)
CUST201519,11012136.0,24.56,2508241.0,Retirement,3,Mid NW • Retirement
CUST201520,3168399.0,22.54,689415.0,Retirement,3,Mid NW • Retirement
CUST201521,10164573.0,25.73,5122365.0,House,0,Mid NW • House
CUST201522,3507887.0,10.81,1901355.0,Retirement,3,Mid NW • Retirement
CUST201523,463256.0,25.66,1412776.0,Retirement,3,Mid NW • Retirement
CUST201524,1058712.0,19.79,4496576.0,Education,2,Low NW • Education
CUST201525,1158350.0,14.92,4891705.0,Retirement,3,Mid NW • Retirement
CUST201526,12282040.0,38.06,25609604.0,Wealth,1,High NW • Wealth (large goals)
CUST201527,38997487.0,41.17,13467859.0,Wealth,4,High NW • Wealth (modest goals)
CUST201528,4157311.0,22.54,2077844.0,House,0,Mid NW • House
CUST201529,3935648.0,26.31,2765894.0,House,0,Mid NW • House
CUST201530,5249038.0,20.51,4256276.0,Education,2,Low NW • Education
CUST201531,549174.0,14.06,2098932.0,House,0,Mid NW • House
CUST201532,3402744.0,23.97,5281965.0,Retirement,3,Mid NW • Retirement
CUST201533,20594709.0,31.34,16150668.0,House,1,High NW • Wealth (large goals)
CUST201534,15578180.0,29.76,1072084.0,Retirement,3,Mid NW • Retirement
CUST201535,-183219.0,20.05,1152834.0,Retirement,3,Mid NW • Retirement
CUST201536,56508243.0,47.74,14844593.0,Wealth,4,High NW • Wealth (modest goals)
CUST201537,10462903.0,28.43,1374506.0,Retirement,3,Mid NW • Retirement
CUST201538,20638352.0,54.81,3171452.0,Wealth,4,High NW • Wealth (modest goals)
CUST201539,1516746.0,17.53,3822716.0,Retirement,3,Mid NW • Retirement
CUST201540,-15222.0,11.07,1020884.0,House,0,Mid NW • House
CUST201541,3361058.0,13.16,2697318.0,Retirement,3,Mid NW • Retirement
CUST201542,9652334.0,23.57,3118980.0,House,0,Mid NW • House
CUST201543,7258772.0,26.67,3548408.0,House,0,Mid NW • House
CUST201544,552182.0,6.39,144607.0,Emergency_Fund,2,Low NW • Education
CUST201545,1586712.0,25.54,2710397.0,Retirement,3,Mid NW • Retirement
CUST201546,4044908.0,28.64,1412698.0,House,0,Mid NW • House
CUST201547,23431161.0,31.53,2071184.0,House,0,Mid NW • House
CUST201548,835243.0,16.06,1110508.0,Retirement,3,Mid NW • Retirement
CUST201549,30018.0,24.96,5956249.0,Retirement,3,Mid NW • Retirement
CUST201550,1345640.0,13.54,850856.0,Education,2,Low NW • Education
CUST201551,1782301.0,12.05,3496737.0,Education,2,Low NW • Education
CUST201552,3072634.0,36.83,3552193.0,Retirement,3,Mid NW • Retirement
CUST201553,3044001.0,11.73,5038506.0,Retirement,3,Mid NW • Retirement
CUST201554,7540410.0,13.09,4459476.0,House,0,Mid NW • House
CUST201555,4141494.0,16.62,3553229.0,Retirement,3,Mid NW • Retirement
CUST201556,9594203.0,28.09,4653447.0,Retirement,3,Mid NW • Retirement
CUST201557,5716755.0,29.14,4824878.0,Retirement,3,Mid NW • Retirement
CUST201558,2593561.0,11.19,4323217.0,House,0,Mid NW • House
CUST201559,40276418.0,42.05,27280734.0,Wealth,4,High NW • Wealth (modest goals)
CUST201560,2219956.0,14.47,3321035.0,Retirement,3,Mid NW • Retirement
CUST201561,4972575.0,20.02,4554520.0,Retirement,3,Mid NW • Retirement
CUST201562,1718733.0,28.27,3213840.0,Retirement,3,Mid NW • Retirement
CUST201563,2207320.0,24.27,2585610.0,Retirement,3,Mid NW • Retirement
CUST201564,2002125.0,26.73,5876394.0,Education,2,Low NW • Education
CUST201565,3586337.0,24.33,5018620.0,Retirement,3,Mid NW • Retirement
CUST201566,27805243.0,51.9,11766469.0,House,4,High NW • Wealth (modest goals)
CUST201567,2348157.0,14.19,5930757.0,Retirement,3,Mid NW • Retirement
CUST201568,5993771.0,23.26,2188749.0,House,0,Mid NW • House
CUST201569,1046370.0,19.59,4457706.0,Retirement,3,Mid NW • Retirement
CUST201570,2004660.0,13.46,4420420.0,House,0,Mid NW • House
CUST201571,26051450.0,59.8,21209920.0,Wealth,1,High NW • Wealth (large goals)
CUST201572,13830.0,15.89,5591157.0,Retirement,3,Mid NW • Retirement
CUST201573,1852931.0,12.51,5037363.0,Education,2,Low NW • Education
CUST201574,4808687.0,19.27,764156.0,Retirement,3,Mid NW • Retirement
CUST201575,6068194.0,18.95,1578417.0,Retirement,3,Mid NW • Retirement
CUST201576,2279037.0,26.97,3985389.0,Retirement,3,Mid NW • Retirement
CUST201577,4513800.0,15.46,3015036.0,Education,2,Low NW • Education
CUST201578,4660105.0,23.76,4035808.0,Education,2,Low NW • Education
CUST201579,2932688.0,11.02,3009589.0,Education,2,Low NW • Education
CUST201580,365592.0,11.92,3175025.0,Retirement,3,Mid NW • Retirement
CUST201581,3733939.0,21.91,1102531.0,House,0,Mid NW • House
CUST201582,14035506.0,27.05,963245.0,Retirement,3,Mid NW • Retirement
CUST201583,12317012.0,22.17,2330327.0,House,0,Mid NW • House
CUST201584,-169869.0,11.21,4292826.0,Retirement,3,Mid NW • Retirement
CUST201585,4896516.0,24.28,2816236.0,Retirement,3,Mid NW • Retirement
CUST201586,252288.0,17.6,3053457.0,House,0,Mid NW • House
CUST201587,35556201.0,49.52,9696247.0,Retirement,4,High NW • Wealth (modest goals)
CUST201588,1929481.0,22.13,1384217.0,House,0,Mid NW • House
CUST201589,7115476.0,12.47,3452488.0,Retirement,3,Mid NW • Retirement
CUST201590,13417516.0,30.19,15229799.0,Wealth,1,High NW • Wealth (large goals)
CUST201591,3345209.0,15.07,5199458.0,House,0,Mid NW • House
CUST201592,2609885.0,14.08,534654.0,Education,2,Low NW • Education
CUST201593,26334951.0,54.31,21189477.0,Retirement,1,High NW • Wealth (large goals)
CUST201594,1048795.0,10.9,2927123.0,House,0,Mid NW • House
CUST201595,105932.0,42.61,23357419.0,House,1,High NW • Wealth (large goals)
CUST201596,3669451.0,17.43,5326624.0,Retirement,3,Mid NW • Retirement
CUST201597,22028774.0,41.99,23794281.0,Wealth,1,High NW • Wealth (large goals)
CUST201598,1981336.0,17.6,872866.0,Retirement,3,Mid NW • Retirement
CUST201599,698123.0,22.46,5454281.0,Retirement,3,Mid NW • Retirement
CUST201600,19745.0,27.37,3752064.0,Education,2,Low NW • Education
CUST201601,1179244.0,21.12,2427068.0,House,0,Mid NW • House
CUST201602,17908440.0,47.36,20586174.0,Retirement,1,High NW • Wealth (large goals)
CUST201603,26420528.0,55.74,11838966.0,Wealth,4,High NW • Wealth (modest goals)
CUST201604,1027966.0,15.94,5616925.0,House,0,Mid NW • House
CUST201605,152055.0,29.51,3385669.0,Retirement,3,Mid NW • Retirement
CUST201606,4969591.0,25.05,3082314.0,Retirement,3,Mid NW • Retirement
CUST201607,4122376.0,13.22,720865.0,Retirement,3,Mid NW • Retirement
CUST201608,-79905.0,3.42,77607.0,Emergency_Fund,2,Low NW • Education
CUST201609,109172.0,20.23,631323.0,House,0,Mid NW • House
CUST201610,2775904.0,16.84,3685974.0,House,0,Mid NW • House
CUST201611,890663.0,21.73,3989480.0,Education,2,Low NW • Education
CUST201612,809918.0,19.05,5032884.0,Retirement,3,Mid NW • Retirement
CUST201613,2008572.0,10.25,4775734.0,Retirement,3,Mid NW • Retirement
CUST201614,-152007.0,18.44,763239.0,House,0,Mid NW • House
CUST201615,38846363.0,55.9,21601311.0,Wealth,4,High NW • Wealth (modest goals)
CUST201616,2212967.0,22.47,2696693.0,Education,2,Low NW • Education
CUST201617,6930505.0,22.68,2966048.0,House,0,Mid NW • House
CUST201618,7983664.0,16.9,1309629.0,House,0,Mid NW • House
CUST201619,1202818.0,28.23,5384135.0,Retirement,3,Mid NW • Retirement
CUST201620,2644195.0,25.83,3361574.0,Retirement,3,Mid NW • Retirement
CUST201621,684426.0,16.58,1195178.0,Retirement,3,Mid NW • Retirement
CUST201622,3749737.0,29.34,4842471.0,Education,2,Low NW • Education
CUST201623,4197754.0,16.73,2043099.0,Retirement,3,Mid NW • Retirement
CUST201624,1924924.0,20.33,4711370.0,Retirement,3,Mid NW • Retirement
CUST201625,11159937.0,26.71,1703160.0,Retirement,3,Mid NW • Retirement
CUST201626,22729441.0,30.18,26012389.0,Wealth,1,High NW • Wealth (large goals)
CUST201627,4174020.0,16.23,5604298.0,Retirement,3,Mid NW • Retirement
CUST201628,9095509.0,19.37,5637395.0,House,0,Mid NW • House
CUST201629,3992027.0,18.78,5246753.0,Education,2,Low NW • Education
CUST201630,2844819.0,25.67,2409068.0,Education,2,Low NW • Education
CUST201631,3658570.0,18.69,1697487.0,Retirement,3,Mid NW • Retirement
CUST201632,31207883.0,41.38,17763029.0,Wealth,4,High NW • Wealth (modest goals)
CUST201633,2008764.0,10.62,2547964.0,House,0,Mid NW • House
CUST201634,141348.0,21.79,3003877.0,House,0,Mid NW • House
CUST201635,1496951.0,14.25,726907.0,Retirement,3,Mid NW • Retirement
CUST201636,3116231.0,15.97,5590364.0,House,0,Mid NW • House
CUST201637,19098.0,2.93,310224.0,Emergency_Fund,2,Low NW • Education
CUST201638,25099793.0,46.08,25629641.0,Wealth,1,High NW • Wealth (large goals)
CUST201639,4704485.0,16.62,736609.0,House,0,Mid NW • House
CUST201640,1684289.0,23.99,3960289.0,House,0,Mid NW • House
CUST201641,7700421.0,20.49,3554176.0,Retirement,3,Mid NW • Retirement
CUST201642,30676902.0,51.82,23382829.0,Wealth,1,High NW • Wealth (large goals)
CUST201643,17819754.0,46.79,27137341.0,Wealth,1,High NW • Wealth (large goals)
CUST201644,1146658.0,18.4,5427314.0,Retirement,3,Mid NW • Retirement
CUST201645,5457152.0,23.96,1827346.0,House,0,Mid NW • House
CUST201646,1825357.0,10.05,1447393.0,Retirement,3,Mid NW • Retirement
CUST201647,9144805.0,15.1,5601631.0,Education,2,Low NW • Education
CUST201648,6688675.0,22.89,5559146.0,House,0,Mid NW • House
CUST201649,612348.0,19.69,2715303.0,House,0,Mid NW • House
CUST201650,-553295.0,47.8,4733739.0,Wealth,0,Mid NW • House
CUST201651,3541161.0,21.14,3580489.0,House,0,Mid NW • House
CUST201652,4495116.0,14.09,3517073.0,Retirement,3,Mid NW • Retirement
CUST201653,1907881.0,54.09,15640681.0,Retirement,1,High NW • Wealth (large goals)
CUST201654,33729320.0,38.95,18789297.0,Retirement,4,High NW • Wealth (modest goals)
CUST201655,8361072.0,45.6,11282778.0,Wealth,1,High NW • Wealth (large goals)
CUST201656,124998.0,5.08,497197.0,Emergency_Fund,2,Low NW • Education
CUST201657,2664542.0,13.19,1546331.0,Retirement,3,Mid NW • Retirement
CUST201658,3288113.0,17.74,1586850.0,House,0,Mid NW • House
CUST201659,4634891.0,27.63,3005506.0,Retirement,3,Mid NW • Retirement
CUST201660,4284937.0,10.73,5429111.0,Retirement,3,Mid NW • Retirement
CUST201661,13667.0,13.01,2336422.0,Retirement,3,Mid NW • Retirement
CUST201662,14874796.0,33.05,18936832.0,Retirement,1,High NW • Wealth (large goals)
CUST201663,3968145.0,23.88,521317.0,Retirement,3,Mid NW • Retirement
CUST201664,3543647.0,25.32,2714949.0,House,0,Mid NW • House
CUST201665,6504198.0,18.45,1490090.0,Education,2,Low NW • Education
CUST201666,1521249.0,16.8,3569724.0,House,0,Mid NW • House
CUST201667,2395063.0,11.11,1793789.0,House,0,Mid NW • House
CUST201668,3251292.0,20.99,2018089.0,House,0,Mid NW • House
CUST201669,9301832.0,28.19,5974409.0,Retirement,3,Mid NW • Retirement
CUST201670,3582733.0,21.52,4200081.0,House,0,Mid NW • House
CUST201671,3068257.0,16.92,4212627.0,House,0,Mid NW • House
CUST201672,28647164.0,43.8,10101564.0,Retirement,4,High NW • Wealth (modest goals)
CUST201673,62441493.0,58.76,7000146.0,Retirement,4,High NW • Wealth (modest goals)
CUST201674,13065133.0,28.22,2789825.0,Education,2,Low NW • Education
CUST201675,5772065.0,24.96,5717734.0,Retirement,3,Mid NW • Retirement
CUST201676,441791.0,12.7,2029485.0,Education,2,Low NW • Education
CUST201677,66730133.0,57.43,5350116.0,Retirement,4,High NW • Wealth (modest goals)
CUST201678,1128798.0,15.14,4618861.0,Retirement,3,Mid NW • Retirement
CUST201679,78195.0,54.48,2212645.0,Wealth,0,Mid NW • House
CUST201680,-70820.0,13.52,5529030.0,Retirement,3,Mid NW • Retirement
CUST201681,5222827.0,17.92,597682.0,Retirement,3,Mid NW • Retirement
CUST201682,1968385.0,15.46,2671833.0,Retirement,3,Mid NW • Retirement
CUST201683,1613054.0,12.35,561850.0,House,0,Mid NW • House
CUST201684,-229611.0,50.24,28988985.0,Wealth,1,High NW • Wealth (large goals)
CUST201685,5158860.0,24.06,4598847.0,Retirement,3,Mid NW • Retirement
CUST201686,2328402.0,38.09,8960498.0,House,0,Mid NW • House
CUST201687,896358.0,13.04,519667.0,House,0,Mid NW • House
CUST201688,41503.0,23.55,5373539.0,Retirement,3,Mid NW • Retirement
CUST201689,25593297.0,50.8,5388518.0,Retirement,4,High NW • Wealth (modest goals)
CUST201690,182301.0,2.74,235899.0,Emergency_Fund,2,Low NW • Education
CUST201691,5870212.0,44.28,25413342.0,Wealth,1,High NW • Wealth (large goals)
CUST201692,23071854.0,56.17,7915191.0,Retirement,4,High NW • Wealth (modest goals)
CUST201693,30805032.0,30.58,19943747.0,Retirement,1,High NW • Wealth (large goals)
CUST201694,684138.0,18.8,4581460.0,Education,2,Low NW • Education
CUST201695,21701398.0,48.42,23098058.0,House,1,High NW • Wealth (large goals)
CUST201696,4477545.0,18.34,1557568.0,Retirement,3,Mid NW • Retirement
CUST201697,4294001.0,25.35,2791299.0,Retirement,3,Mid NW • Retirement
CUST201698,5888616.0,25.81,3712959.0,House,0,Mid NW • House
CUST201699,2026337.0,23.08,893989.0,Retirement,3,Mid NW • Retirement
CUST201700,2391521.0,10.95,2473286.0,Retirement,3,Mid NW • Retirement
CUST201701,2266487.0,35.75,16901936.0,Wealth,1,High NW • Wealth (large goals)
CUST201702,1516164.0,14.8,4749467.0,House,0,Mid NW • House
CUST201703,1105537.0,11.82,2704594.0,Education,2,Low NW • Education
CUST201704,-309436.0,22.58,2435597.0,Retirement,3,Mid NW • Retirement
CUST201705,4529230.0,14.88,1038802.0,Education,2,Low NW • Education
CUST201706,2197335.0,10.49,907445.0,House,0,Mid NW • House
CUST201707,5870715.0,15.82,4433686.0,House,0,Mid NW • House
CUST201708,3499934.0,20.45,1085364.0,House,0,Mid NW • House
CUST201709,274910.0,10.32,2805665.0,Education,2,Low NW • Education
CUST201710,14278524.0,54.91,19318350.0,Retirement,1,High NW • Wealth (large goals)
CUST201711,1249137.0,14.67,3962403.0,House,0,Mid NW • House
CUST201712,1474031.0,25.32,809190.0,Retirement,3,Mid NW • Retirement
CUST201713,-271963.0,16.35,5380818.0,House,0,Mid NW • House
CUST201714,117218.0,38.92,18063214.0,Retirement,1,High NW • Wealth (large goals)
CUST201715,-730041.0,28.4,2915749.0,House,0,Mid NW • House
CUST201716,6516219.0,29.51,5315060.0,House,0,Mid NW • House
CUST201717,4298679.0,24.57,4995935.0,Retirement,3,Mid NW • Retirement
CUST201718,3840694.0,11.69,2825139.0,House,0,Mid NW • House
CUST201719,10663927.0,36.49,18399028.0,House,1,High NW • Wealth (large goals)
CUST201720,4330088.0,11.65,3839076.0,Retirement,3,Mid NW • Retirement
CUST201721,12573915.0,51.86,25274435.0,Retirement,1,High NW • Wealth (large goals)
CUST201722,34727632.0,52.98,22503367.0,Wealth,4,High NW • Wealth (modest goals)
CUST201723,4607335.0,14.2,5932882.0,House,0,Mid NW • House
CUST201724,4943900.0,16.29,629223.0,House,0,Mid NW • House
CUST201725,507228.0,14.42,4371534.0,Retirement,3,Mid NW • Retirement
CUST201726,13658412.0,41.37,7423316.0,House,0,Mid NW • House
CUST201727,9003223.0,28.59,1769752.0,Retirement,3,Mid NW • Retirement
CUST201728,4481392.0,24.89,4727963.0,Education,2,Low NW • Education
CUST201729,19686473.0,51.45,3329367.0,Wealth,4,High NW • Wealth (modest goals)
CUST201730,2802630.0,30.15,5243161.0,Wealth,0,Mid NW • House
CUST201731,46439142.0,41.38,13971273.0,House,4,High NW • Wealth (modest goals)
CUST201732,13066761.0,42.99,17194819.0,Wealth,1,High NW • Wealth (large goals)
CUST201733,1846318.0,15.37,2724989.0,House,0,Mid NW • House
CUST201734,7153282.0,22.73,3509056.0,Retirement,3,Mid NW • Retirement
CUST201735,1510332.0,10.38,3850403.0,Retirement,3,Mid NW • Retirement
CUST201736,143408.0,13.36,4098113.0,House,0,Mid NW • House
CUST201737,982065.0,11.57,1686900.0,House,0,Mid NW • House
CUST201738,30230265.0,49.63,10778524.0,Retirement,4,High NW • Wealth (modest goals)
CUST201739,27293443.0,54.23,18089631.0,House,4,High NW • Wealth (modest goals)
CUST201740,5563820.0,13.32,4632762.0,Retirement,3,Mid NW • Retirement
CUST201741,45000068.0,53.11,13690088.0,Wealth,4,High NW • Wealth (modest goals)
CUST201742,7509649.0,12.07,4009788.0,House,0,Mid NW • House
CUST201743,7594056.0,22.74,2344318.0,House,0,Mid NW • House
CUST201744,4677921.0,29.62,4847549.0,House,0,Mid NW • House
CUST201745,12290630.0,27.15,5044007.0,House,0,Mid NW • House
CUST201746,238628.0,6.63,199574.0,Emergency_Fund,2,Low NW • Education
CUST201747,33786867.0,51.54,5348803.0,Wealth,4,High NW • Wealth (modest goals)
CUST201748,191532.0,27.66,2108213.0,Retirement,3,Mid NW • Retirement
CUST201749,3629672.0,13.43,2705204.0,House,0,Mid NW • House
CUST201750,2888836.0,11.45,3202718.0,Retirement,3,Mid NW • Retirement
CUST201751,13461720.0,50.21,22212394.0,Wealth,1,High NW • Wealth (large goals)
CUST201752,9267759.0,25.33,4965916.0,Education,2,Low NW • Education
CUST201753,129518.0,13.48,1277529.0,Retirement,3,Mid NW • Retirement
CUST201754,25025872.0,59.27,14759135.0,Wealth,4,High NW • Wealth (modest goals)
CUST201755,29003.0,22.06,1813374.0,Retirement,3,Mid NW • Retirement
CUST201756,5827188.0,24.93,3750142.0,Education,2,Low NW • Education
CUST201757,2264404.0,20.36,837775.0,House,0,Mid NW • House
CUST201758,-252316.0,8.6,273060.0,Education,2,Low NW • Education
CUST201759,35513885.0,54.89,20253007.0,Wealth,4,High NW • Wealth (modest goals)
CUST201760,546653.0,16.94,5714359.0,House,0,Mid NW • House
CUST201761,719527.0,16.22,2949348.0,Retirement,3,Mid NW • Retirement
CUST201762,8064251.0,27.94,592841.0,House,0,Mid NW • House
CUST201763,18185236.0,28.48,3857237.0,House,0,Mid NW • House
CUST201764,3824634.0,21.36,4555216.0,Retirement,3,Mid NW • Retirement
CUST201765,532568.0,19.37,5725774.0,Retirement,3,Mid NW • Retirement
CUST201766,-212443.0,16.15,5301642.0,Retirement,3,Mid NW • Retirement
CUST201767,3309093.0,28.3,2497828.0,House,0,Mid NW • House
CUST201768,5578052.0,29.8,547446.0,Retirement,3,Mid NW • Retirement
CUST201769,1701650.0,12.34,5249127.0,Retirement,3,Mid NW • Retirement
CUST201770,1185746.0,17.77,4625088.0,House,0,Mid NW • House
CUST201771,39062550.0,34.59,12356076.0,Wealth,4,High NW • Wealth (modest goals)
CUST201772,-271365.0,10.61,4127320.0,House,0,Mid NW • House
CUST201773,-341911.0,26.13,2120764.0,House,0,Mid NW • House
CUST201774,8160755.0,20.85,576124.0,Retirement,3,Mid NW • Retirement
CUST201775,5664728.0,23.27,5822557.0,House,0,Mid NW • House
CUST201776,-243974.0,14.77,3764697.0,House,0,Mid NW • House
CUST201777,2445632.0,17.46,1452001.0,Retirement,3,Mid NW • Retirement
CUST201778,3211068.0,42.84,21582367.0,Wealth,1,High NW • Wealth (large goals)
CUST201779,4531758.0,14.33,534624.0,Education,2,Low NW • Education
CUST201780,6352444.0,43.85,17535679.0,Retirement,1,High NW • Wealth (large goals)
CUST201781,-241626.0,10.61,964672.0,Retirement,3,Mid NW • Retirement
CUST201782,13920898.0,45.05,21627039.0,House,1,High NW • Wealth (large goals)
CUST201783,1531966.0,11.21,1763737.0,Retirement,3,Mid NW • Retirement
CUST201784,1889613.0,21.23,2098221.0,House,0,Mid NW • House
CUST201785,6454714.0,28.94,3733895.0,Retirement,3,Mid NW • Retirement
CUST201786,2189731.0,11.97,4058690.0,Retirement,3,Mid NW • Retirement
CUST201787,4701423.0,22.01,5724657.0,House,0,Mid NW • House
CUST201788,19178453.0,44.55,24318506.0,Retirement,1,High NW • Wealth (large goals)
CUST201789,5541777.0,14.77,1660376.0,Retirement,3,Mid NW • Retirement
CUST201790,5774562.0,27.91,4456630.0,Retirement,3,Mid NW • Retirement
CUST201791,8575668.0,23.57,987060.0,Education,2,Low NW • Education
CUST201792,5564283.0,18.3,1388990.0,House,0,Mid NW • House
CUST201793,2186182.0,13.67,721840.0,House,0,Mid NW • House
CUST201794,18962000.0,32.04,3196762.0,Wealth,0,Mid NW • House
CUST201795,1915930.0,13.3,2340982.0,Retirement,3,Mid NW • Retirement
CUST201796,8949105.0,23.29,2611240.0,House,0,Mid NW • House
CUST201797,4892778.0,42.98,14775668.0,Wealth,1,High NW • Wealth (large goals)
CUST201798,6115266.0,15.82,3215301.0,Retirement,3,Mid NW • Retirement
CUST201799,2398713.0,15.77,5372810.0,Education,2,Low NW • Education
CUST201800,1127199.0,11.12,2185852.0,House,0,Mid NW • House
CUST201801,42050.0,42.17,7541990.0,House,0,Mid NW • House
CUST201802,774985.0,15.18,2748392.0,Education,2,Low NW • Education
CUST201803,1420339.0,28.42,1867004.0,Retirement,3,Mid NW • Retirement
CUST201804,2279509.0,16.44,2083595.0,House,0,Mid NW • House
CUST201805,3993712.0,18.91,5466256.0,Retirement,3,Mid NW • Retirement
CUST201806,3346533.0,24.91,4279072.0,House,0,Mid NW • House
CUST201807,1728552.0,29.13,4555712.0,Retirement,3,Mid NW • Retirement
CUST201808,-6036.0,1.96,184185.0,Education,2,Low NW • Education
CUST201809,18914150.0,35.85,15305555.0,Wealth,1,High NW • Wealth (large goals)
CUST201810,-619697.0,13.92,558758.0,Retirement,3,Mid NW • Retirement
CUST201811,1145004.0,25.06,1655371.0,Education,2,Low NW • Education
CUST201812,46672631.0,50.33,13552326.0,Wealth,4,High NW • Wealth (modest goals)
CUST201813,470169.0,24.13,5729410.0,House,0,Mid NW • House
CUST201814,3311919.0,24.96,5262984.0,House,0,Mid NW • House
CUST201815,2026485.0,24.48,723390.0,Education,2,Low NW • Education
CUST201816,2842401.0,26.17,1310302.0,Retirement,3,Mid NW • Retirement
CUST201817,471812.0,3.51,595058.0,Emergency_Fund,2,Low NW • Education
CUST201818,14584733.0,27.9,4189028.0,House,0,Mid NW • House
CUST201819,6117371.0,29.18,4238474.0,House,0,Mid NW • House
CUST201820,3808398.0,22.23,2988609.0,Retirement,3,Mid NW • Retirement
CUST201821,5008464.0,35.02,25658453.0,Wealth,1,High NW • Wealth (large goals)
CUST201822,1296974.0,16.43,3655597.0,Education,2,Low NW • Education
CUST201823,3681079.0,24.21,1849460.0,Retirement,3,Mid NW • Retirement
CUST201824,96777.0,17.28,4574596.0,House,0,Mid NW • House
CUST201825,3296724.0,14.3,2653756.0,Education,2,Low NW • Education
CUST201826,334714.0,17.98,1549448.0,Retirement,3,Mid NW • Retirement
CUST201827,2521047.0,21.58,5905364.0,Retirement,3,Mid NW • Retirement
CUST201828,31423289.0,47.56,26356696.0,Retirement,1,High NW • Wealth (large goals)
CUST201829,4819737.0,11.91,566047.0,House,0,Mid NW • House
CUST201830,3383386.0,13.53,4615609.0,Retirement,3,Mid NW • Retirement
CUST201831,21139098.0,48.28,29144046.0,Wealth,1,High NW • Wealth (large goals)
CUST201832,4685578.0,11.32,1736268.0,Retirement,3,Mid NW • Retirement
CUST201833,5188952.0,28.05,4855982.0,Retirement,3,Mid NW • Retirement
CUST201834,5287825.0,28.76,2207896.0,House,0,Mid NW • House
CUST201835,130021.0,2.46,175144.0,Emergency_Fund,2,Low NW • Education
CUST201836,2790291.0,20.48,5491631.0,Retirement,3,Mid NW • Retirement
CUST201837,2906835.0,13.86,4599269.0,Retirement,3,Mid NW • Retirement
CUST201838,4779740.0,17.52,3704668.0,Education,2,Low NW • Education
CUST201839,3591434.0,16.14,785527.0,House,0,Mid NW • House
CUST201840,13729858.0,31.05,4166263.0,House,0,Mid NW • House
CUST201841,1595728.0,18.04,4088272.0,Retirement,3,Mid NW • Retirement
CUST201842,684947.0,25.52,2062315.0,House,0,Mid NW • House
CUST201843,2898954.0,21.24,5379180.0,Retirement,3,Mid NW • Retirement
CUST201844,-207057.0,17.67,1334708.0,Retirement,3,Mid NW • Retirement
CUST201845,5336791.0,23.27,5030745.0,Retirement,3,Mid NW • Retirement
CUST201846,12380.0,15.9,3986772.0,House,0,Mid NW • House
CUST201847,-124959.0,26.72,980031.0,House,0,Mid NW • House
CUST201848,6662027.0,18.5,1824243.0,Retirement,3,Mid NW • Retirement
CUST201849,2607498.0,18.67,4766870.0,House,0,Mid NW • House
CUST201850,-121576.0,1.08,572198.0,Emergency_Fund,2,Low NW • Education
CUST201851,733852.0,19.29,4226781.0,House,0,Mid NW • House
CUST201852,51709058.0,51.19,4776455.0,Retirement,4,High NW • Wealth (modest goals)
CUST201853,2994360.0,13.52,2058766.0,Education,2,Low NW • Education
CUST201854,10022027.0,26.43,626936.0,House,0,Mid NW • House
CUST201855,1647415.0,14.46,5643440.0,Education,2,Low NW • Education
CUST201856,6386175.0,21.74,3931091.0,Education,2,Low NW • Education
CUST201857,36013828.0,52.96,24709062.0,Wealth,4,High NW • Wealth (modest goals)
CUST201858,11759167.0,36.33,28006059.0,House,1,High NW • Wealth (large goals)
CUST201859,588993.0,28.22,866079.0,Retirement,3,Mid NW • Retirement
CUST201860,3556599.0,24.04,1637610.0,House,0,Mid NW • House
CUST201861,1903093.0,19.5,5878776.0,Retirement,3,Mid NW • Retirement
CUST201862,4573410.0,11.11,825698.0,Retirement,3,Mid NW • Retirement
CUST201863,140210.0,7.16,588474.0,Emergency_Fund,2,Low NW • Education
CUST201864,7712118.0,28.95,895640.0,House,0,Mid NW • House
CUST201865,1457798.0,21.28,3205243.0,Education,2,Low NW • Education
CUST201866,-93850.0,6.4,460675.0,Emergency_Fund,2,Low NW • Education
CUST201867,10205662.0,28.43,4940045.0,Retirement,3,Mid NW • Retirement
CUST201868,2529384.0,16.71,4614183.0,Retirement,3,Mid NW • Retirement
CUST201869,102650.0,2.79,447143.0,Emergency_Fund,2,Low NW • Education
CUST201870,641895.0,24.65,2494860.0,Retirement,3,Mid NW • Retirement
CUST201871,5935489.0,18.68,4698991.0,Retirement,3,Mid NW • Retirement
CUST201872,50423011.0,49.36,8949104.0,Retirement,4,High NW • Wealth (modest goals)
CUST201873,1989641.0,10.75,2834751.0,Education,2,Low NW • Education
CUST201874,5787303.0,16.94,5826463.0,Retirement,3,Mid NW • Retirement
CUST201875,916670.0,11.64,2406674.0,Retirement,3,Mid NW • Retirement
CUST201876,25628.0,21.53,5703689.0,Retirement,3,Mid NW • Retirement
CUST201877,1862540.0,16.63,3055311.0,House,0,Mid NW • House
CUST201878,2621459.0,21.05,3783896.0,Education,2,Low NW • Education
CUST201879,7755807.0,18.29,2134470.0,Retirement,3,Mid NW • Retirement
CUST201880,4497516.0,11.41,1486865.0,Retirement,3,Mid NW • Retirement
CUST201881,3839835.0,24.79,1672387.0,Education,2,Low NW • Education
CUST201882,2395011.0,17.12,2854573.0,House,0,Mid NW • House
CUST201883,3106755.0,18.64,928541.0,House,0,Mid NW • House
CUST201884,434547.0,8.02,206094.0,Education,2,Low NW • Education
CUST201885,2028146.0,41.02,13427843.0,Wealth,1,High NW • Wealth (large goals)
CUST201886,2188641.0,18.24,2853628.0,House,0,Mid NW • House
CUST201887,3308957.0,14.34,1952542.0,Education,2,Low NW • Education
CUST201888,1846863.0,11.52,5984424.0,House,0,Mid NW • House
CUST201889,7894098.0,27.94,2209840.0,Retirement,3,Mid NW • Retirement
CUST201890,4738371.0,25.0,596680.0,House,0,Mid NW • House
CUST201891,1896079.0,11.27,3683706.0,Retirement,3,Mid NW • Retirement
CUST201892,450180.0,6.63,524995.0,Emergency_Fund,2,Low NW • Education
CUST201893,9717183.0,23.79,3925421.0,Education,2,Low NW • Education
CUST201894,5073909.0,15.55,5576445.0,Retirement,3,Mid NW • Retirement
CUST201895,3991352.0,22.91,2273465.0,Retirement,3,Mid NW • Retirement
CUST201896,5305650.0,17.91,4749684.0,Education,2,Low NW • Education
CUST201897,2816536.0,13.58,898417.0,Education,2,Low NW • Education
CUST201898,376887.0,24.12,2586465.0,House,0,Mid NW • House
CUST201899,5500303.0,23.3,1779811.0,House,0,Mid NW • House
CUST201900,932713.0,15.19,849214.0,Education,2,Low NW • Education
CUST201901,153203.0,10.85,4708247.0,Retirement,3,Mid NW • Retirement
CUST201902,1653451.0,13.13,2144695.0,Retirement,3,Mid NW • Retirement
CUST201903,27432334.0,33.83,20071964.0,Retirement,1,High NW • Wealth (large goals)
CUST201904,-222337.0,6.28,391754.0,Education,2,Low NW • Education
CUST201905,7198829.0,16.36,5050344.0,Retirement,3,Mid NW • Retirement
CUST201906,2131483.0,10.49,2380994.0,House,0,Mid NW • House
CUST201907,14346688.0,24.28,2638746.0,Retirement,3,Mid NW • Retirement
CUST201908,1093872.0,28.46,3569845.0,Retirement,3,Mid NW • Retirement
CUST201909,10230089.0,37.92,14344332.0,Retirement,1,High NW • Wealth (large goals)
CUST201910,2751677.0,10.91,859004.0,House,0,Mid NW • House
CUST201911,1809356.0,14.02,5394827.0,Retirement,3,Mid NW • Retirement
CUST201912,1146743.0,13.35,5785115.0,Education,2,Low NW • Education
CUST201913,2304343.0,14.48,2043576.0,Retirement,3,Mid NW • Retirement
CUST201914,28374562.0,45.63,20179180.0,Retirement,1,High NW • Wealth (large goals)
CUST201915,3264488.0,47.36,22641993.0,Retirement,1,High NW • Wealth (large goals)
CUST201916,27805271.0,58.0,26430952.0,House,1,High NW • Wealth (large goals)
CUST201917,200426.0,16.84,4696263.0,House,0,Mid NW • House
CUST201918,3750614.0,21.22,630121.0,Retirement,3,Mid NW • Retirement
CUST201919,7018435.0,14.83,2856783.0,House,0,Mid NW • House
CUST201920,20761053.0,34.31,3097726.0,Retirement,3,Mid NW • Retirement
CUST201921,1538534.0,27.48,623962.0,Retirement,3,Mid NW • Retirement
CUST201922,26298070.0,35.74,25483108.0,Retirement,1,High NW • Wealth (large goals)
CUST201923,8229041.0,18.49,1838958.0,Education,2,Low NW • Education
CUST201924,2442524.0,19.8,5365706.0,House,0,Mid NW • House
CUST201925,4850228.0,21.24,2546826.0,Retirement,3,Mid NW • Retirement
CUST201926,3298676.0,13.55,3174860.0,Retirement,3,Mid NW • Retirement
CUST201927,4425609.0,12.46,5609577.0,House,0,Mid NW • House
CUST201928,1139665.0,16.97,1986562.0,Education,2,Low NW • Education
CUST201929,9234777.0,27.22,3198343.0,House,0,Mid NW • House
CUST201930,9265551.0,26.88,1276179.0,House,0,Mid NW • House
CUST201931,8870367.0,19.66,1007323.0,House,0,Mid NW • House
CUST201932,13775503.0,20.46,2971606.0,Education,2,Low NW • Education
CUST201933,647596.0,25.55,2201246.0,Retirement,3,Mid NW • Retirement
CUST201934,2261088.0,17.09,5182380.0,Retirement,3,Mid NW • Retirement
CUST201935,3203428.0,17.09,5860045.0,Retirement,3,Mid NW • Retirement
CUST201936,31760108.0,52.2,25078342.0,Retirement,1,High NW • Wealth (large goals)
CUST201937,6284272.0,28.95,1869235.0,Retirement,3,Mid NW • Retirement
CUST201938,14960896.0,37.81,15905972.0,House,1,High NW • Wealth (large goals)
CUST201939,1234278.0,28.87,2134682.0,House,0,Mid NW • House
CUST201940,5130650.0,27.58,5164274.0,Retirement,3,Mid NW • Retirement
CUST201941,1286114.0,11.26,3353975.0,Retirement,3,Mid NW • Retirement
CUST201942,3313495.0,13.46,2998747.0,Retirement,3,Mid NW • Retirement
CUST201943,-156361.0,13.79,2520526.0,House,0,Mid NW • House
CUST201944,534600.0,14.15,1805979.0,House,0,Mid NW • House
CUST201945,4213976.0,12.85,507226.0,House,0,Mid NW • House
CUST201946,8180697.0,52.17,18865816.0,House,1,High NW • Wealth (large goals)
CUST201947,2534666.0,14.31,3841634.0,House,0,Mid NW • House
CUST201948,53812480.0,52.89,21147605.0,Wealth,4,High NW • Wealth (modest goals)
CUST201949,26709824.0,39.12,17708334.0,House,1,High NW • Wealth (large goals)
CUST201950,3291133.0,16.92,4248465.0,Retirement,3,Mid NW • Retirement
CUST201951,2941689.0,21.2,5972684.0,Retirement,3,Mid NW • Retirement
CUST201952,-11244.0,22.8,1254372.0,Education,2,Low NW • Education
CUST201953,19886925.0,47.84,4444607.0,Retirement,4,High NW • Wealth (modest goals)
CUST201954,1042258.0,13.46,2355482.0,Education,2,Low NW • Education
CUST201955,4363516.0,13.76,2032390.0,House,0,Mid NW • House
CUST201956,24510447.0,31.96,27432305.0,House,1,High NW • Wealth (large goals)
CUST201957,-82268.0,12.63,5297393.0,House,0,Mid NW • House
CUST201958,-27764.0,3.49,488314.0,Emergency_Fund,2,Low NW • Education
CUST201959,50875055.0,54.51,18645370.0,Retirement,4,High NW • Wealth (modest goals)
CUST201960,36431.0,29.35,5869195.0,Education,2,Low NW • Education
CUST201961,410609.0,13.24,1129547.0,Retirement,3,Mid NW • Retirement
CUST201962,3391660.0,23.64,4590956.0,Retirement,3,Mid NW • Retirement
CUST201963,851291.0,29.09,3741358.0,Retirement,3,Mid NW • Retirement
CUST201964,-302614.0,26.96,1712517.0,House,0,Mid NW • House
CUST201965,3223117.0,29.51,3917416.0,House,0,Mid NW • House
CUST201966,2812132.0,28.79,2058650.0,Retirement,3,Mid NW • Retirement
CUST201967,10703711.0,39.24,11109253.0,Wealth,1,High NW • Wealth (large goals)
CUST201968,1031262.0,18.55,1510847.0,Retirement,3,Mid NW • Retirement
CUST201969,-424596.0,18.89,3084301.0,Retirement,3,Mid NW • Retirement
CUST201970,7796212.0,11.59,3932819.0,Education,2,Low NW • Education
CUST201971,1387491.0,21.68,3307821.0,House,0,Mid NW • House
CUST201972,5122734.0,57.71,23531448.0,House,1,High NW • Wealth (large goals)
CUST201973,30519708.0,43.99,13234435.0,Wealth,4,High NW • Wealth (modest goals)
CUST201974,7874383.0,28.94,3963108.0,Education,2,Low NW • Education
CUST201975,266687.0,24.6,912221.0,Education,2,Low NW • Education
CUST201976,959282.0,25.56,827915.0,Education,2,Low NW • Education
CUST201977,6428130.0,18.53,3604234.0,House,0,Mid NW • House
CUST201978,9764660.0,15.09,934021.0,Retirement,3,Mid NW • Retirement
CUST201979,4609992.0,16.04,4813585.0,Retirement,3,Mid NW • Retirement
CUST201980,2485181.0,15.4,5412626.0,Retirement,3,Mid NW • Retirement
CUST201981,582760.0,11.0,2099379.0,Retirement,3,Mid NW • Retirement
CUST201982,6066599.0,27.88,5061893.0,House,0,Mid NW • House
CUST201983,43103844.0,58.33,21051457.0,Wealth,4,High NW • Wealth (modest goals)
CUST201984,636687.0,27.84,2612778.0,House,0,Mid NW • House
CUST201985,-386114.0,26.04,3956474.0,House,0,Mid NW • House
CUST201986,3833668.0,13.32,2726567.0,House,0,Mid NW • House
CUST201987,-336113.0,52.62,17585668.0,House,1,High NW • Wealth (large goals)
CUST201988,738630.0,15.41,1375450.0,Retirement,3,Mid NW • Retirement
CUST201989,1964009.0,15.63,3401136.0,Retirement,3,Mid NW • Retirement
CUST201990,48098.0,24.79,1858629.0,Retirement,3,Mid NW • Retirement
CUST201991,40566994.0,44.92,18295232.0,Wealth,4,High NW • Wealth (modest goals)
CUST201992,9067308.0,24.76,4574541.0,Retirement,3,Mid NW • Retirement
CUST201993,752759.0,19.16,1300943.0,House,0,Mid NW • House
CUST201994,-144624.0,15.12,5288233.0,House,0,Mid NW • House
CUST201995,35580961.0,45.0,20268073.0,Retirement,4,High NW • Wealth (modest goals)
CUST201996,10551183.0,25.03,4998551.0,House,0,Mid NW • House
CUST201997,3169380.0,13.24,1480986.0,House,0,Mid NW • House
CUST201998,2374824.0,18.31,3306895.0,Education,2,Low NW • Education
CUST201999,5080464.0,28.77,3431693.0,House,0,Mid NW • House
CUST202000,4195870.0,28.47,3673424.0,Education,2,Low NW • Education
CUST202001,11156978.0,37.73,13424078.0,Wealth,1,High NW • Wealth (large goals)
CUST202002,8382812.0,19.74,1565678.0,Education,2,Low NW • Education
CUST202003,322679.0,7.57,93764.0,Emergency_Fund,2,Low NW • Education
CUST202004,51234345.0,49.44,7474977.0,House,4,High NW • Wealth (modest goals)
CUST202005,2602329.0,24.32,5032043.0,House,0,Mid NW • House
CUST202006,17542162.0,43.78,29224252.0,Wealth,1,High NW • Wealth (large goals)
CUST202007,1931362.0,19.34,5284343.0,Retirement,3,Mid NW • Retirement
CUST202008,350798.0,21.67,3836796.0,House,0,Mid NW • House
CUST202009,8069432.0,22.2,3999476.0,Retirement,3,Mid NW • Retirement
CUST202010,4268190.0,21.08,2405435.0,House,0,Mid NW • House
CUST202011,8064234.0,27.14,4354919.0,Retirement,3,Mid NW • Retirement
CUST202012,-33390.0,26.19,2629782.0,Retirement,3,Mid NW • Retirement
CUST202013,4957392.0,26.44,4025220.0,House,0,Mid NW • House
CUST202014,10693868.0,41.13,29792777.0,Wealth,1,High NW • Wealth (large goals)
CUST202015,10057044.0,20.06,853527.0,House,0,Mid NW • House
CUST202016,1182973.0,19.16,1539084.0,Retirement,3,Mid NW • Retirement
CUST202017,3373043.0,16.27,1029342.0,Retirement,3,Mid NW • Retirement
CUST202018,910167.0,18.55,1763263.0,Education,2,Low NW • Education
CUST202019,2327282.0,11.1,1466701.0,Retirement,3,Mid NW • Retirement
CUST202020,9530459.0,25.51,5109218.0,Education,2,Low NW • Education
CUST202021,7376138.0,26.82,5571926.0,Retirement,3,Mid NW • Retirement
CUST202022,5033420.0,20.53,3700616.0,Education,2,Low NW • Education
CUST202023,2174427.0,11.68,799944.0,Retirement,3,Mid NW • Retirement
CUST202024,716449.0,7.3,430979.0,Emergency_Fund,2,Low NW • Education
CUST202025,5677407.0,22.13,2636338.0,Retirement,3,Mid NW • Retirement
CUST202026,4514082.0,19.37,513025.0,House,0,Mid NW • House
CUST202027,697348.0,11.32,869453.0,House,0,Mid NW • House
CUST202028,3824713.0,25.75,4918792.0,House,0,Mid NW • House
CUST202029,1361874.0,18.38,4770878.0,Retirement,3,Mid NW • Retirement
CUST202030,10599179.0,26.03,3114188.0,Retirement,3,Mid NW • Retirement
CUST202031,-83896.0,6.59,423530.0,Emergency_Fund,2,Low NW • Education
CUST202032,5597039.0,14.59,1032684.0,Retirement,3,Mid NW • Retirement
CUST202033,6830674.0,22.32,1181521.0,House,0,Mid NW • House
CUST202034,-763468.0,41.22,21717663.0,Retirement,1,High NW • Wealth (large goals)
CUST202035,13133120.0,24.97,3527345.0,Education,2,Low NW • Education
CUST202036,1351578.0,21.69,4602129.0,House,0,Mid NW • House
CUST202037,4783335.0,20.57,3264095.0,House,0,Mid NW • House
CUST202038,5297422.0,42.54,11715076.0,Wealth,1,High NW • Wealth (large goals)
CUST202039,4789063.0,23.08,1777326.0,House,0,Mid NW • House
CUST202040,38832321.0,35.9,16521749.0,Retirement,4,High NW • Wealth (modest goals)
CUST202041,18071951.0,48.13,26307042.0,Retirement,1,High NW • Wealth (large goals)
CUST202042,138380.0,16.9,3220541.0,House,0,Mid NW • House
CUST202043,10667002.0,23.77,3618954.0,Retirement,3,Mid NW • Retirement
CUST202044,1030009.0,22.62,1364531.0,Retirement,3,Mid NW • Retirement
CUST202045,2493655.0,17.47,1465621.0,Retirement,3,Mid NW • Retirement
CUST202046,596600.0,11.45,557927.0,Retirement,3,Mid NW • Retirement
CUST202047,5631060.0,23.03,4979656.0,Retirement,3,Mid NW • Retirement
CUST202048,12496095.0,28.85,4214587.0,Retirement,3,Mid NW • Retirement
CUST202049,-760821.0,14.04,1425060.0,Education,2,Low NW • Education
CUST202050,458210.0,18.59,4312183.0,House,0,Mid NW • House
CUST202051,214197.0,16.73,3976941.0,Education,2,Low NW • Education
CUST202052,225331.0,28.37,3389398.0,House,0,Mid NW • House
CUST202053,2376057.0,13.17,3902055.0,Retirement,3,Mid NW • Retirement
CUST202054,22600247.0,35.96,2469352.0,Retirement,3,Mid NW • Retirement
CUST202055,252015.0,28.17,4933344.0,House,0,Mid NW • House
CUST202056,15608480.0,39.37,14173214.0,Retirement,1,High NW • Wealth (large goals)
CUST202057,149116.0,1.43,166629.0,Emergency_Fund,2,Low NW • Education
CUST202058,12363078.0,35.96,18815970.0,Retirement,1,High NW • Wealth (large goals)
CUST202059,-63087.0,2.63,537633.0,Emergency_Fund,2,Low NW • Education
CUST202060,482574.0,4.75,198774.0,Emergency_Fund,2,Low NW • Education
CUST202061,37879.0,26.55,2548784.0,Retirement,3,Mid NW • Retirement
CUST202062,41230704.0,31.9,26162025.0,Retirement,4,High NW • Wealth (modest goals)
CUST202063,23418439.0,59.33,5567323.0,Wealth,4,High NW • Wealth (modest goals)
CUST202064,-154001.0,20.52,2877739.0,Retirement,3,Mid NW • Retirement
CUST202065,3010099.0,12.09,1339682.0,Retirement,3,Mid NW • Retirement
CUST202066,12713920.0,41.57,8674007.0,Retirement,1,High NW • Wealth (large goals)
CUST202067,2992006.0,17.12,5413673.0,Retirement,3,Mid NW • Retirement
CUST202068,2855360.0,17.23,3630268.0,Retirement,3,Mid NW • Retirement
CUST202069,5584274.0,14.01,5799149.0,Retirement,3,Mid NW • Retirement
CUST202070,-135810.0,2.64,195626.0,Emergency_Fund,2,Low NW • Education
CUST202071,-166631.0,12.54,5374566.0,House,0,Mid NW • House
CUST202072,-288476.0,1.71,540000.0,Emergency_Fund,2,Low NW • Education
CUST202073,4477383.0,49.43,6718017.0,Retirement,1,High NW • Wealth (large goals)
CUST202074,3996417.0,15.8,1616332.0,House,0,Mid NW • House
CUST202075,5278255.0,28.33,5683990.0,Education,2,Low NW • Education
CUST202076,32211494.0,59.29,16179375.0,Wealth,4,High NW • Wealth (modest goals)
CUST202077,11018625.0,23.89,5672649.0,House,0,Mid NW • House
CUST202078,14589100.0,42.12,11083171.0,Retirement,1,High NW • Wealth (large goals)
CUST202079,-4154.0,24.36,5696120.0,Retirement,3,Mid NW • Retirement
CUST202080,2402104.0,20.31,4337795.0,Education,2,Low NW • Education
CUST202081,13770912.0,36.23,14249173.0,Wealth,1,High NW • Wealth (large goals)
CUST202082,812910.0,26.42,1652428.0,Retirement,3,Mid NW • Retirement
CUST202083,4865072.0,33.5,20105240.0,Retirement,1,High NW • Wealth (large goals)
CUST202084,-358911.0,20.05,3042081.0,Education,2,Low NW • Education
CUST202085,2913587.0,14.51,2941190.0,Education,2,Low NW • Education
CUST202086,-316710.0,13.6,1629222.0,House,0,Mid NW • House
CUST202087,4615962.0,25.64,1928832.0,House,0,Mid NW • House
CUST202088,1606441.0,23.67,1984397.0,Retirement,3,Mid NW • Retirement
CUST202089,3068524.0,23.69,4933490.0,Retirement,3,Mid NW • Retirement
CUST202090,16183530.0,28.85,2543180.0,Retirement,3,Mid NW • Retirement
CUST202091,47053695.0,50.29,11866885.0,Wealth,4,High NW • Wealth (modest goals)
CUST202092,49607671.0,44.41,15050145.0,Wealth,4,High NW • Wealth (modest goals)
CUST202093,1518061.0,15.8,1491174.0,Retirement,3,Mid NW • Retirement
CUST202094,8122192.0,56.8,12662189.0,Retirement,1,High NW • Wealth (large goals)
CUST202095,1612129.0,29.91,4181932.0,Retirement,3,Mid NW • Retirement
CUST202096,1439200.0,26.21,2438602.0,Retirement,3,Mid NW • Retirement
CUST202097,7597697.0,22.37,5956922.0,Retirement,3,Mid NW • Retirement
CUST202098,5529025.0,29.2,3488896.0,House,0,Mid NW • House
CUST202099,20070518.0,33.11,18278262.0,Wealth,1,High NW • Wealth (large goals)
CUST202100,764023.0,18.16,1269584.0,House,0,Mid NW • House
CUST202101,622504.0,12.1,2172395.0,Retirement,3,Mid NW • Retirement
CUST202102,14426325.0,37.14,13150535.0,Wealth,1,High NW • Wealth (large goals)
CUST202103,7690424.0,20.01,5931952.0,Education,2,Low NW • Education
CUST202104,6473525.0,16.95,1431513.0,Retirement,3,Mid NW • Retirement
CUST202105,-147125.0,25.72,2996737.0,Retirement,3,Mid NW • Retirement
CUST202106,3710106.0,24.46,3399166.0,Retirement,3,Mid NW • Retirement
CUST202107,4703411.0,21.64,4208169.0,Retirement,3,Mid NW • Retirement
CUST202108,5422795.0,11.58,5323060.0,Retirement,3,Mid NW • Retirement
CUST202109,12854315.0,28.9,3734923.0,House,0,Mid NW • House
CUST202110,4877283.0,28.8,2985022.0,House,0,Mid NW • House
CUST202111,951373.0,24.26,4312397.0,House,0,Mid NW • House
CUST202112,5045828.0,16.94,1309070.0,Retirement,3,Mid NW • Retirement
CUST202113,123449.0,26.09,1896564.0,Retirement,3,Mid NW • Retirement
CUST202114,-195835.0,8.95,561420.0,Education,2,Low NW • Education
CUST202115,168144.0,15.99,3636578.0,Retirement,3,Mid NW • Retirement
CUST202116,10675023.0,27.45,4819989.0,Retirement,3,Mid NW • Retirement
CUST202117,2987423.0,17.49,4047927.0,Retirement,3,Mid NW • Retirement
CUST202118,5902137.0,15.0,4119719.0,House,0,Mid NW • House
CUST202119,25511984.0,39.65,9213662.0,Wealth,4,High NW • Wealth (modest goals)
CUST202120,3382200.0,28.23,3658749.0,Retirement,3,Mid NW • Retirement
CUST202121,10538173.0,25.29,2109496.0,Retirement,3,Mid NW • Retirement
CUST202122,19586785.0,38.26,4795902.0,House,0,Mid NW • House
CUST202123,5706290.0,21.64,2061229.0,Retirement,3,Mid NW • Retirement
CUST202124,4653300.0,27.17,2119722.0,Retirement,3,Mid NW • Retirement
CUST202125,32104965.0,55.38,4304326.0,Wealth,4,High NW • Wealth (modest goals)
CUST202126,1386085.0,13.34,3753102.0,Retirement,3,Mid NW • Retirement
CUST202127,201904.0,11.3,1621087.0,House,0,Mid NW • House
CUST202128,2712240.0,10.09,5014562.0,Education,2,Low NW • Education
CUST202129,4477420.0,26.19,4511416.0,House,0,Mid NW • House
CUST202130,3124062.0,18.53,5771248.0,Education,2,Low NW • Education
CUST202131,411696.0,10.14,3814175.0,Retirement,3,Mid NW • Retirement
CUST202132,26516820.0,46.84,13192671.0,House,4,High NW • Wealth (modest goals)
CUST202133,2557394.0,27.49,4943005.0,Retirement,3,Mid NW • Retirement
CUST202134,4579556.0,22.4,2232650.0,Retirement,3,Mid NW • Retirement
CUST202135,1177895.0,25.99,1230378.0,Education,2,Low NW • Education
CUST202136,4605549.0,14.92,1726568.0,House,0,Mid NW • House
CUST202137,8093970.0,52.89,24862696.0,Retirement,1,High NW • Wealth (large goals)
CUST202138,9739014.0,23.46,1167716.0,House,0,Mid NW • House
CUST202139,9160079.0,22.08,1871341.0,Education,2,Low NW • Education
CUST202140,-127103.0,20.08,2022779.0,Retirement,3,Mid NW • Retirement
CUST202141,6543194.0,35.22,15970107.0,Wealth,1,High NW • Wealth (large goals)
CUST202142,7195838.0,19.64,5222663.0,Retirement,3,Mid NW • Retirement
CUST202143,-140112.0,24.79,5601649.0,House,0,Mid NW • House
CUST202144,8010358.0,21.92,506299.0,House,0,Mid NW • House
CUST202145,-492321.0,29.54,2943641.0,Retirement,3,Mid NW • Retirement
CUST202146,9753355.0,28.95,5086086.0,Retirement,3,Mid NW • Retirement
CUST202147,5449458.0,13.82,1301604.0,House,0,Mid NW • House
CUST202148,2973368.0,27.67,1678033.0,Retirement,3,Mid NW • Retirement
CUST202149,1563812.0,18.54,871039.0,Retirement,3,Mid NW • Retirement
CUST202150,32567131.0,41.05,8893254.0,Wealth,4,High NW • Wealth (modest goals)
CUST202151,16455207.0,27.39,2202014.0,House,0,Mid NW • House
CUST202152,81025.0,20.25,1531161.0,Retirement,3,Mid NW • Retirement
CUST202153,1845283.0,22.63,3295959.0,Retirement,3,Mid NW • Retirement
CUST202154,4421119.0,27.17,1760697.0,House,0,Mid NW • House
CUST202155,145463.0,16.24,3158706.0,Retirement,3,Mid NW • Retirement
CUST202156,3709241.0,20.25,4385203.0,House,0,Mid NW • House
CUST202157,53152.0,12.53,4802202.0,Education,2,Low NW • Education
CUST202158,2117747.0,24.01,1183010.0,Retirement,3,Mid NW • Retirement
CUST202159,-682331.0,22.96,4885993.0,Retirement,3,Mid NW • Retirement
CUST202160,10165171.0,29.61,2865583.0,House,0,Mid NW • House
CUST202161,38331213.0,50.45,21826898.0,Wealth,4,High NW • Wealth (modest goals)
CUST202162,8683910.0,28.63,3170902.0,House,0,Mid NW • House
CUST202163,130631.0,19.99,2226725.0,House,0,Mid NW • House
CUST202164,57075.0,6.51,321989.0,Education,2,Low NW • Education
CUST202165,1807492.0,11.17,4466422.0,Education,2,Low NW • Education
CUST202166,15168598.0,25.1,2003042.0,Retirement,3,Mid NW • Retirement
CUST202167,8571319.0,31.39,15541551.0,Retirement,1,High NW • Wealth (large goals)
CUST202168,10147007.0,36.68,27382310.0,Retirement,1,High NW • Wealth (large goals)
CUST202169,27651160.0,49.97,8455854.0,Retirement,4,High NW • Wealth (modest goals)
CUST202170,18915648.0,30.13,8085455.0,House,0,Mid NW • House
CUST202171,1862389.0,29.62,1531684.0,Retirement,3,Mid NW • Retirement
CUST202172,2919987.0,27.62,3666346.0,Education,2,Low NW • Education
CUST202173,1907938.0,23.64,1653495.0,Education,2,Low NW • Education
CUST202174,1253077.0,16.46,4166247.0,Retirement,3,Mid NW • Retirement
CUST202175,4305207.0,18.49,3467547.0,Retirement,3,Mid NW • Retirement
CUST202176,3496981.0,27.98,1604339.0,House,0,Mid NW • House
CUST202177,-515599.0,10.86,4719093.0,Retirement,3,Mid NW • Retirement
CUST202178,950984.0,15.04,5203415.0,Retirement,3,Mid NW • Retirement
CUST202179,676096.0,17.09,4719792.0,Education,2,Low NW • Education
CUST202180,13257550.0,26.31,781730.0,Retirement,3,Mid NW • Retirement
CUST202181,15185847.0,29.9,3812883.0,Education,2,Low NW • Education
CUST202182,1926688.0,13.65,2588173.0,Retirement,3,Mid NW • Retirement
CUST202183,176632.0,8.67,104622.0,Education,2,Low NW • Education
CUST202184,31045043.0,34.76,27281739.0,Wealth,1,High NW • Wealth (large goals)
CUST202185,7890828.0,34.52,8556105.0,Wealth,0,Mid NW • House
CUST202186,-679541.0,19.58,2578168.0,Retirement,3,Mid NW • Retirement
CUST202187,1928287.0,26.02,3231836.0,Retirement,3,Mid NW • Retirement
CUST202188,5324139.0,15.45,4653141.0,Education,2,Low NW • Education
CUST202189,3889335.0,28.85,2901765.0,House,0,Mid NW • House
CUST202190,2252872.0,18.54,5772821.0,Retirement,3,Mid NW • Retirement
CUST202191,3912868.0,24.02,5803982.0,Retirement,3,Mid NW • Retirement
CUST202192,3715407.0,12.16,5153772.0,House,0,Mid NW • House
CUST202193,515338.0,29.48,3423262.0,Education,2,Low NW • Education
CUST202194,8940270.0,22.44,3542002.0,Retirement,3,Mid NW • Retirement
CUST202195,354509.0,15.55,600406.0,Retirement,3,Mid NW • Retirement
CUST202196,5733235.0,29.52,1742662.0,Retirement,3,Mid NW • Retirement
CUST202197,5221035.0,21.96,931550.0,Education,2,Low NW • Education
CUST202198,12885829.0,50.3,6432285.0,House,1,High NW • Wealth (large goals)
CUST202199,1855268.0,11.64,4884151.0,Retirement,3,Mid NW • Retirement
CUST202200,6515284.0,18.41,5028228.0,Education,2,Low NW • Education
CUST202201,2092979.0,16.8,5724925.0,House,0,Mid NW • House
CUST202202,-556011.0,23.06,3838378.0,House,0,Mid NW • House
CUST202203,170295.0,28.67,1844349.0,Retirement,3,Mid NW • Retirement
CUST202204,4063962.0,28.88,3727881.0,Retirement,3,Mid NW • Retirement
CUST202205,6928680.0,54.87,3221964.0,House,0,Mid NW • House
CUST202206,718249.0,12.86,4228565.0,House,0,Mid NW • House
CUST202207,4792253.0,16.16,2773015.0,Retirement,3,Mid NW • Retirement
CUST202208,20165492.0,44.29,7801700.0,Wealth,4,High NW • Wealth (modest goals)
CUST202209,10751760.0,52.29,22634595.0,Retirement,1,High NW • Wealth (large goals)
CUST202210,5016569.0,22.88,2377257.0,Retirement,3,Mid NW • Retirement
CUST202211,13953796.0,20.69,5590577.0,Education,2,Low NW • Education
CUST202212,43510282.0,38.87,12798640.0,Wealth,4,High NW • Wealth (modest goals)
CUST202213,5180814.0,38.76,8916393.0,Retirement,3,Mid NW • Retirement
CUST202214,448837.0,13.76,864182.0,Retirement,3,Mid NW • Retirement
CUST202215,2138237.0,12.51,2464210.0,Retirement,3,Mid NW • Retirement
CUST202216,3901532.0,25.81,5469836.0,Education,2,Low NW • Education
CUST202217,1634950.0,19.52,2706635.0,Retirement,3,Mid NW • Retirement
CUST202218,38522106.0,49.32,6961889.0,Wealth,4,High NW • Wealth (modest goals)
CUST202219,13624886.0,35.0,5650169.0,Wealth,0,Mid NW • House
CUST202220,12507544.0,21.84,2674790.0,House,0,Mid NW • House
CUST202221,2121729.0,11.66,1306501.0,Retirement,3,Mid NW • Retirement
CUST202222,123904.0,6.99,120774.0,Emergency_Fund,2,Low NW • Education
CUST202223,1114859.0,16.19,5889747.0,House,0,Mid NW • House
CUST202224,667422.0,28.99,3080997.0,Retirement,3,Mid NW • Retirement
CUST202225,8242220.0,19.14,3239161.0,Education,2,Low NW • Education
CUST202226,-311728.0,18.21,2840851.0,Education,2,Low NW • Education
CUST202227,48258.0,18.96,5674785.0,Retirement,3,Mid NW • Retirement
CUST202228,1368085.0,12.29,857848.0,Retirement,3,Mid NW • Retirement
CUST202229,7273566.0,26.35,2350381.0,Retirement,3,Mid NW • Retirement
CUST202230,1302243.0,17.3,2547956.0,House,0,Mid NW • House
CUST202231,34279738.0,49.2,23847694.0,Retirement,4,High NW • Wealth (modest goals)
CUST202232,50752409.0,50.37,18113959.0,Retirement,4,High NW • Wealth (modest goals)
CUST202233,4182582.0,34.78,23259050.0,Retirement,1,High NW • Wealth (large goals)
CUST202234,41282282.0,52.64,8697722.0,Retirement,4,High NW • Wealth (modest goals)
CUST202235,958611.0,27.08,1872490.0,Education,2,Low NW • Education
CUST202236,2457187.0,24.06,2361243.0,Retirement,3,Mid NW • Retirement
CUST202237,14256766.0,29.47,2204640.0,House,0,Mid NW • House
CUST202238,33313086.0,46.31,23055507.0,Wealth,4,High NW • Wealth (modest goals)
CUST202239,287663.0,29.23,5604024.0,Education,2,Low NW • Education
CUST202240,284226.0,16.72,651738.0,Retirement,3,Mid NW • Retirement
CUST202241,2000757.0,22.77,914284.0,Retirement,3,Mid NW • Retirement
CUST202242,29092371.0,48.51,6526008.0,Wealth,4,High NW • Wealth (modest goals)
CUST202243,7530909.0,44.04,10184944.0,Wealth,1,High NW • Wealth (large goals)
CUST202244,2716967.0,19.35,3236025.0,House,0,Mid NW • House
CUST202245,7492520.0,28.53,5871278.0,Education,2,Low NW • Education
CUST202246,1506756.0,20.1,1800915.0,Education,2,Low NW • Education
CUST202247,18212345.0,37.59,29188800.0,Retirement,1,High NW • Wealth (large goals)
CUST202248,10268024.0,14.53,2303188.0,Retirement,3,Mid NW • Retirement
CUST202249,200901.0,15.38,1171738.0,Retirement,3,Mid NW • Retirement
CUST202250,2128433.0,15.54,2646818.0,House,0,Mid NW • House
CUST202251,4529124.0,19.76,2132399.0,Retirement,3,Mid NW • Retirement
CUST202252,8457169.0,23.29,3429901.0,House,0,Mid NW • House
CUST202253,1280621.0,24.25,2134279.0,House,0,Mid NW • House
CUST202254,4013225.0,10.76,1954590.0,Retirement,3,Mid NW • Retirement
CUST202255,1687052.0,21.15,5194244.0,Retirement,3,Mid NW • Retirement
CUST202256,1524242.0,20.76,4681423.0,Retirement,3,Mid NW • Retirement
CUST202257,291278.0,7.53,150309.0,Emergency_Fund,2,Low NW • Education
CUST202258,1154616.0,25.83,3408436.0,Retirement,3,Mid NW • Retirement
CUST202259,3634513.0,16.92,4145146.0,House,0,Mid NW • House
CUST202260,7401098.0,15.73,4659241.0,House,0,Mid NW • House
CUST202261,4029551.0,27.45,2700673.0,Retirement,3,Mid NW • Retirement
CUST202262,8578578.0,44.63,18136459.0,Wealth,1,High NW • Wealth (large goals)
CUST202263,-61568.0,18.72,2918609.0,Retirement,3,Mid NW • Retirement
CUST202264,-339808.0,12.83,3494394.0,Education,2,Low NW • Education
CUST202265,16831014.0,53.19,22530774.0,Retirement,1,High NW • Wealth (large goals)
CUST202266,6970429.0,19.39,4105644.0,Retirement,3,Mid NW • Retirement
CUST202267,5816249.0,15.31,977570.0,Retirement,3,Mid NW • Retirement
CUST202268,342907.0,14.34,5086724.0,Retirement,3,Mid NW • Retirement
CUST202269,3509706.0,12.81,2713939.0,House,0,Mid NW • House
CUST202270,3137779.0,10.26,4127253.0,Education,2,Low NW • Education
CUST202271,-567540.0,12.09,5543397.0,Retirement,3,Mid NW • Retirement
CUST202272,2453457.0,19.37,5722719.0,Retirement,3,Mid NW • Retirement
CUST202273,-171363.0,1.56,154016.0,Education,2,Low NW • Education
CUST202274,1487657.0,12.19,2637376.0,Retirement,3,Mid NW • Retirement
CUST202275,192977.0,43.78,6685109.0,Retirement,3,Mid NW • Retirement
CUST202276,287803.0,5.33,585081.0,Emergency_Fund,2,Low NW • Education
CUST202277,64807.0,25.77,3137783.0,Retirement,3,Mid NW • Retirement
CUST202278,66709.0,23.74,3776346.0,Retirement,3,Mid NW • Retirement
CUST202279,100633.0,19.13,849263.0,Education,2,Low NW • Education
CUST202280,36163036.0,33.62,16897240.0,Retirement,4,High NW • Wealth (modest goals)
CUST202281,1155908.0,12.08,3174318.0,House,0,Mid NW • House
CUST202282,4217977.0,14.09,5492351.0,House,0,Mid NW • House
CUST202283,2835158.0,12.85,3509792.0,Education,2,Low NW • Education
CUST202284,1777989.0,19.69,3058595.0,House,0,Mid NW • House
CUST202285,1941689.0,13.01,5827337.0,Retirement,3,Mid NW • Retirement
CUST202286,12010750.0,28.03,3988959.0,Retirement,3,Mid NW • Retirement
CUST202287,9218889.0,27.79,4350707.0,Retirement,3,Mid NW • Retirement
CUST202288,22014720.0,38.78,7237192.0,Retirement,4,High NW • Wealth (modest goals)
CUST202289,3066682.0,28.22,4133743.0,Retirement,3,Mid NW • Retirement
CUST202290,6304673.0,28.96,745610.0,Education,2,Low NW • Education
CUST202291,946250.0,11.65,2396965.0,House,0,Mid NW • House
CUST202292,3962122.0,26.97,3871310.0,House,0,Mid NW • House
CUST202293,15311155.0,36.54,2666633.0,Retirement,3,Mid NW • Retirement
CUST202294,4897054.0,15.85,4929634.0,Retirement,3,Mid NW • Retirement
CUST202295,16877245.0,31.1,20818660.0,Retirement,1,High NW • Wealth (large goals)
CUST202296,20233109.0,37.82,17770147.0,Wealth,1,High NW • Wealth (large goals)
CUST202297,4986864.0,18.74,5928518.0,Retirement,3,Mid NW • Retirement
CUST202298,-35084.0,14.53,775526.0,Retirement,3,Mid NW • Retirement
CUST202299,-349569.0,6.21,597789.0,Emergency_Fund,2,Low NW • Education
CUST202300,1693595.0,22.4,1331352.0,Retirement,3,Mid NW • Retirement
CUST202301,3490852.0,19.15,1375343.0,Retirement,3,Mid NW • Retirement
CUST202302,1876818.0,19.11,870945.0,House,0,Mid NW • House
CUST202303,-62367.0,12.37,1315806.0,Retirement,3,Mid NW • Retirement
CUST202304,19517276.0,31.27,24188654.0,Retirement,1,High NW • Wealth (large goals)
CUST202305,3666030.0,29.74,5234789.0,House,0,Mid NW • House
CUST202306,2781218.0,16.15,2771674.0,Retirement,3,Mid NW • Retirement
CUST202307,2415346.0,10.44,1276619.0,Education,2,Low NW • Education
CUST202308,40975262.0,46.68,8711031.0,Wealth,4,High NW • Wealth (modest goals)
CUST202309,4572650.0,25.72,5829675.0,House,0,Mid NW • House
CUST202310,3531274.0,24.59,1010263.0,House,0,Mid NW • House
CUST202311,16840425.0,51.76,15651174.0,Wealth,1,High NW • Wealth (large goals)
CUST202312,3782552.0,23.91,1344836.0,Retirement,3,Mid NW • Retirement
CUST202313,4383561.0,10.59,5369908.0,House,0,Mid NW • House
CUST202314,1546462.0,15.33,5017582.0,Retirement,3,Mid NW • Retirement
CUST202315,1156020.0,11.3,855522.0,Retirement,3,Mid NW • Retirement
CUST202316,112106.0,14.36,3099249.0,House,0,Mid NW • House
CUST202317,1904163.0,14.86,2471205.0,Retirement,3,Mid NW • Retirement
CUST202318,2076414.0,16.23,3150403.0,House,0,Mid NW • House
CUST202319,1092547.0,28.79,908895.0,Retirement,3,Mid NW • Retirement
CUST202320,6922528.0,17.95,3810638.0,Retirement,3,Mid NW • Retirement
CUST202321,184151.0,19.09,824092.0,Education,2,Low NW • Education
CUST202322,1323065.0,20.55,5916675.0,Retirement,3,Mid NW • Retirement
CUST202323,4959678.0,21.61,3530401.0,Retirement,3,Mid NW • Retirement
CUST202324,2840723.0,18.83,1644906.0,Retirement,3,Mid NW • Retirement
CUST202325,3095932.0,25.38,1932561.0,Retirement,3,Mid NW • Retirement
CUST202326,116665.0,21.69,3766448.0,House,0,Mid NW • House
CUST202327,-149884.0,10.63,5646659.0,House,0,Mid NW • House
CUST202328,2047312.0,11.84,5445461.0,Education,2,Low NW • Education
CUST202329,-475028.0,2.96,589972.0,Emergency_Fund,2,Low NW • Education
CUST202330,664288.0,23.76,2029185.0,Education,2,Low NW • Education
CUST202331,-155494.0,10.68,3657982.0,Retirement,3,Mid NW • Retirement
CUST202332,1939170.0,13.96,4538833.0,Retirement,3,Mid NW • Retirement
CUST202333,14711032.0,28.38,3038786.0,House,0,Mid NW • House
CUST202334,4030656.0,20.9,4012963.0,Retirement,3,Mid NW • Retirement
CUST202335,27969007.0,33.38,10921146.0,House,4,High NW • Wealth (modest goals)
CUST202336,37732020.0,49.45,13223898.0,Wealth,4,High NW • Wealth (modest goals)
CUST202337,8649281.0,29.12,3776177.0,Education,2,Low NW • Education
CUST202338,309695.0,23.4,1882393.0,Retirement,3,Mid NW • Retirement
CUST202339,3613345.0,24.91,1815708.0,Retirement,3,Mid NW • Retirement
CUST202340,-205158.0,35.38,3921377.0,Wealth,0,Mid NW • House
CUST202341,191058.0,19.21,617521.0,Retirement,3,Mid NW • Retirement
CUST202342,752103.0,18.87,2430538.0,House,0,Mid NW • House
CUST202343,-44815.0,12.4,956025.0,Retirement,3,Mid NW • Retirement
CUST202344,305808.0,8.93,140234.0,Emergency_Fund,2,Low NW • Education
CUST202345,4910923.0,13.65,5379765.0,House,0,Mid NW • House
CUST202346,3954039.0,15.02,3972613.0,House,0,Mid NW • House
CUST202347,7052387.0,32.45,12811142.0,House,0,Mid NW • House
CUST202348,5077501.0,29.29,3305409.0,House,0,Mid NW • House
CUST202349,11940.0,19.72,4459324.0,House,0,Mid NW • House
CUST202350,1107196.0,19.02,594051.0,Retirement,3,Mid NW • Retirement
CUST202351,270273.0,5.49,281141.0,Emergency_Fund,2,Low NW • Education
CUST202352,135793.0,33.6,14247706.0,Retirement,1,High NW • Wealth (large goals)
CUST202353,3818317.0,29.78,2750101.0,Education,2,Low NW • Education
CUST202354,7722418.0,23.1,2989485.0,Retirement,3,Mid NW • Retirement
CUST202355,663916.0,19.41,4299131.0,House,0,Mid NW • House
CUST202356,12370844.0,22.06,5597266.0,House,0,Mid NW • House
CUST202357,1593731.0,10.26,511709.0,House,0,Mid NW • House
CUST202358,-351904.0,2.68,257385.0,Emergency_Fund,2,Low NW • Education
CUST202359,3136165.0,15.36,3463759.0,Education,2,Low NW • Education
CUST202360,-182676.0,14.31,4584039.0,Education,2,Low NW • Education
CUST202361,12518102.0,22.42,1209367.0,Education,2,Low NW • Education
CUST202362,5017976.0,21.94,3234419.0,House,0,Mid NW • House
CUST202363,189320.0,2.4,192470.0,Education,2,Low NW • Education
CUST202364,8262160.0,22.13,5357250.0,Education,2,Low NW • Education
CUST202365,895668.0,22.97,1215033.0,Education,2,Low NW • Education
CUST202366,1186769.0,12.4,3130712.0,Education,2,Low NW • Education
CUST202367,50057058.0,50.15,25984324.0,Wealth,4,High NW • Wealth (modest goals)
CUST202368,15766033.0,27.66,1615710.0,Education,2,Low NW • Education
CUST202369,2318450.0,25.23,3139354.0,Retirement,3,Mid NW • Retirement
CUST202370,1660539.0,23.67,3925796.0,Retirement,3,Mid NW • Retirement
CUST202371,11293658.0,22.36,3912179.0,Retirement,3,Mid NW • Retirement
CUST202372,2956204.0,19.14,3615512.0,House,0,Mid NW • House
CUST202373,218845.0,10.35,5224479.0,House,0,Mid NW • House
CUST202374,13441763.0,29.54,3816658.0,Retirement,3,Mid NW • Retirement
CUST202375,12619387.0,33.83,15418470.0,Retirement,1,High NW • Wealth (large goals)
CUST202376,1889303.0,15.31,1101862.0,Education,2,Low NW • Education
CUST202377,1782937.0,26.46,3404529.0,Retirement,3,Mid NW • Retirement
CUST202378,48276465.0,44.71,3230890.0,Wealth,4,High NW • Wealth (modest goals)
CUST202379,6536299.0,13.41,5215787.0,Retirement,3,Mid NW • Retirement
CUST202380,4699852.0,17.27,595309.0,House,0,Mid NW • House
CUST202381,-394069.0,12.56,802777.0,House,0,Mid NW • House
CUST202382,10902.0,11.43,4913462.0,Education,2,Low NW • Education
CUST202383,6098256.0,25.49,1416046.0,House,0,Mid NW • House
CUST202384,2848180.0,17.29,2859094.0,House,0,Mid NW • House
CUST202385,-264457.0,21.6,5474190.0,House,0,Mid NW • House
CUST202386,2518414.0,28.66,2259003.0,Retirement,3,Mid NW • Retirement
CUST202387,-263656.0,14.39,1005691.0,Retirement,3,Mid NW • Retirement
CUST202388,10037669.0,25.52,1358617.0,Retirement,3,Mid NW • Retirement
CUST202389,359068.0,28.44,1470595.0,Retirement,3,Mid NW • Retirement
CUST202390,5338435.0,21.23,3588895.0,Education,2,Low NW • Education
CUST202391,3334570.0,28.0,1088070.0,Education,2,Low NW • Education
CUST202392,3372258.0,18.79,1913688.0,Retirement,3,Mid NW • Retirement
CUST202393,7401.0,12.24,2589209.0,Education,2,Low NW • Education
CUST202394,561342.0,17.39,3337785.0,Education,2,Low NW • Education
CUST202395,7161350.0,27.62,1858701.0,Retirement,3,Mid NW • Retirement
CUST202396,-362106.0,24.35,3444658.0,Retirement,3,Mid NW • Retirement
CUST202397,3756988.0,34.95,21220370.0,Retirement,1,High NW • Wealth (large goals)
CUST202398,182187.0,19.63,3653089.0,House,0,Mid NW • House
CUST202399,12555052.0,28.9,3847630.0,Retirement,3,Mid NW • Retirement
CUST202400,22048547.0,52.18,10689161.0,Retirement,4,High NW • Wealth (modest goals)
CUST202401,-28457.0,4.56,522514.0,Emergency_Fund,2,Low NW • Education
CUST202402,1268774.0,12.47,885990.0,House,0,Mid NW • House
CUST202403,951290.0,14.46,5488588.0,Retirement,3,Mid NW • Retirement
CUST202404,-61531.0,19.81,3910813.0,House,0,Mid NW • House
CUST202405,1379359.0,10.92,2612448.0,Retirement,3,Mid NW • Retirement
CUST202406,174288.0,14.18,3381321.0,Education,2,Low NW • Education
CUST202407,2833687.0,19.86,2099129.0,House,0,Mid NW • House
CUST202408,63900.0,31.55,24022436.0,Retirement,1,High NW • Wealth (large goals)
CUST202409,3595923.0,19.24,5665055.0,Retirement,3,Mid NW • Retirement
CUST202410,2505247.0,18.6,3646554.0,House,0,Mid NW • House
CUST202411,4027461.0,16.0,1638755.0,Retirement,3,Mid NW • Retirement
CUST202412,4742542.0,26.18,4513704.0,Retirement,3,Mid NW • Retirement
CUST202413,2612825.0,14.52,5616041.0,House,0,Mid NW • House
CUST202414,360071.0,6.29,235976.0,Emergency_Fund,2,Low NW • Education
CUST202415,5687198.0,25.87,3960874.0,Retirement,3,Mid NW • Retirement
CUST202416,5215697.0,21.81,879554.0,Education,2,Low NW • Education
CUST202417,552238.0,10.04,5842107.0,Retirement,3,Mid NW • Retirement
CUST202418,2988158.0,14.08,1930702.0,Retirement,3,Mid NW • Retirement
CUST202419,-730593.0,29.62,1358155.0,Retirement,3,Mid NW • Retirement
CUST202420,8431462.0,24.47,2399552.0,House,0,Mid NW • House
CUST202421,4364855.0,27.22,5737344.0,House,0,Mid NW • House
CUST202422,6261743.0,10.92,4440130.0,Retirement,3,Mid NW • Retirement
CUST202423,40637116.0,47.6,6189550.0,House,4,High NW • Wealth (modest goals)
CUST202424,4683069.0,28.67,4134472.0,Retirement,3,Mid NW • Retirement
CUST202425,7558052.0,19.66,5636401.0,Retirement,3,Mid NW • Retirement
CUST202426,2066908.0,16.25,5915304.0,Education,2,Low NW • Education
CUST202427,9792661.0,24.39,1511384.0,House,0,Mid NW • House
CUST202428,3614616.0,34.06,24399416.0,Wealth,1,High NW • Wealth (large goals)
CUST202429,3507374.0,13.35,3343643.0,House,0,Mid NW • House
CUST202430,2987715.0,25.57,5423433.0,Retirement,3,Mid NW • Retirement
CUST202431,5449252.0,29.52,5240572.0,Retirement,3,Mid NW • Retirement
CUST202432,2282435.0,11.52,3673473.0,House,0,Mid NW • House
CUST202433,-168416.0,24.91,5734239.0,House,0,Mid NW • House
CUST202434,18726483.0,28.53,4765906.0,House,0,Mid NW • House
CUST202435,-190032.0,21.96,3333218.0,Education,2,Low NW • Education
CUST202436,4239959.0,18.39,2775018.0,House,0,Mid NW • House
CUST202437,-133694.0,2.0,289247.0,Emergency_Fund,2,Low NW • Education
CUST202438,8314465.0,17.22,2334965.0,Retirement,3,Mid NW • Retirement
CUST202439,54231085.0,44.44,3382835.0,Wealth,4,High NW • Wealth (modest goals)
CUST202440,9859630.0,24.41,3986256.0,Education,2,Low NW • Education
CUST202441,26188687.0,55.12,3669098.0,Wealth,4,High NW • Wealth (modest goals)
CUST202442,33843060.0,36.39,14415967.0,Wealth,4,High NW • Wealth (modest goals)
CUST202443,3628875.0,26.33,5153115.0,Retirement,3,Mid NW • Retirement
CUST202444,2208727.0,21.96,4328175.0,House,0,Mid NW • House
CUST202445,9176404.0,28.93,5927618.0,Retirement,3,Mid NW • Retirement
CUST202446,1651063.0,27.87,5650830.0,Retirement,3,Mid NW • Retirement
CUST202447,5064784.0,22.53,4419195.0,Education,2,Low NW • Education
CUST202448,1384787.0,24.18,4118108.0,Retirement,3,Mid NW • Retirement
CUST202449,1069008.0,11.99,3966601.0,Retirement,3,Mid NW • Retirement
CUST202450,4090728.0,25.73,3716149.0,Retirement,3,Mid NW • Retirement
CUST202451,3484310.0,19.57,4945666.0,Retirement,3,Mid NW • Retirement
CUST202452,4823043.0,55.01,25365324.0,Wealth,1,High NW • Wealth (large goals)
CUST202453,31839026.0,51.92,5155816.0,House,4,High NW • Wealth (modest goals)
CUST202454,7409556.0,19.89,4152010.0,House,0,Mid NW • House
CUST202455,3293755.0,21.78,4994646.0,Retirement,3,Mid NW • Retirement
CUST202456,2224311.0,13.53,5784319.0,House,0,Mid NW • House
CUST202457,7936724.0,25.9,3565413.0,House,0,Mid NW • House
CUST202458,1673905.0,12.25,2104412.0,House,0,Mid NW • House
CUST202459,3626377.0,13.76,1628410.0,Retirement,3,Mid NW • Retirement
CUST202460,1975999.0,10.56,4254604.0,Retirement,3,Mid NW • Retirement
CUST202461,2694082.0,14.29,4348012.0,Education,2,Low NW • Education
CUST202462,23670770.0,54.97,29082509.0,Retirement,1,High NW • Wealth (large goals)
CUST202463,450953.0,23.29,1593842.0,House,0,Mid NW • House
CUST202464,27301648.0,53.82,8529720.0,Wealth,4,High NW • Wealth (modest goals)
CUST202465,2732283.0,11.29,5608747.0,Retirement,3,Mid NW • Retirement
CUST202466,-188554.0,15.54,4856924.0,Retirement,3,Mid NW • Retirement
CUST202467,-175772.0,15.54,1028047.0,Education,2,Low NW • Education
CUST202468,-87158.0,6.32,193254.0,Emergency_Fund,2,Low NW • Education
CUST202469,6742023.0,14.75,5446443.0,Education,2,Low NW • Education
CUST202470,3284124.0,26.08,2198919.0,Retirement,3,Mid NW • Retirement
CUST202471,4002837.0,10.49,5267252.0,Retirement,3,Mid NW • Retirement
CUST202472,27850816.0,47.18,8402953.0,House,4,High NW • Wealth (modest goals)
CUST202473,27630025.0,58.82,6728124.0,Retirement,4,High NW • Wealth (modest goals)
CUST202474,3387407.0,17.65,5323552.0,Retirement,3,Mid NW • Retirement
CUST202475,7978633.0,44.48,16881062.0,Wealth,1,High NW • Wealth (large goals)
CUST202476,22291884.0,40.48,11690993.0,Wealth,1,High NW • Wealth (large goals)
CUST202477,3842002.0,22.38,4255999.0,House,0,Mid NW • House
CUST202478,1690424.0,26.27,4962002.0,Retirement,3,Mid NW • Retirement
CUST202479,618728.0,17.53,1245482.0,House,0,Mid NW • House
CUST202480,1476620.0,26.8,3393515.0,House,0,Mid NW • House
CUST202481,-28739.0,14.96,2814475.0,Retirement,3,Mid NW • Retirement
CUST202482,-638956.0,20.32,4342505.0,House,0,Mid NW • House
CUST202483,10748556.0,23.83,4074762.0,House,0,Mid NW • House
CUST202484,-242341.0,6.87,161695.0,Education,2,Low NW • Education
CUST202485,25199690.0,47.22,8520167.0,Retirement,4,High NW • Wealth (modest goals)
CUST202486,11499317.0,29.92,4053591.0,House,0,Mid NW • House
CUST202487,1691228.0,21.15,4533963.0,Retirement,3,Mid NW • Retirement
CUST202488,163277.0,21.45,5044599.0,Retirement,3,Mid NW • Retirement
CUST202489,13623696.0,20.29,2445086.0,House,0,Mid NW • House
CUST202490,1033059.0,19.09,2606723.0,Education,2,Low NW • Education
CUST202491,2450682.0,20.63,4848664.0,Retirement,3,Mid NW • Retirement
CUST202492,849782.0,22.04,1188130.0,House,0,Mid NW • House
CUST202493,4483178.0,21.0,3998104.0,House,0,Mid NW • House
CUST202494,7665488.0,25.14,1032807.0,House,0,Mid NW • House
CUST202495,2664920.0,28.89,4715503.0,Retirement,3,Mid NW • Retirement
CUST202496,4149546.0,12.42,4625890.0,Education,2,Low NW • Education
CUST202497,2688606.0,18.88,1716421.0,Education,2,Low NW • Education
CUST202498,38454799.0,51.36,20563950.0,Wealth,4,High NW • Wealth (modest goals)
CUST202499,177907.0,11.02,743887.0,Retirement,3,Mid NW • Retirement
CUST202500,8012712.0,20.53,1207408.0,House,0,Mid NW • House
CUST202501,7025241.0,26.41,4183231.0,Retirement,3,Mid NW • Retirement
CUST202502,-73861.0,14.04,1222401.0,House,0,Mid NW • House
CUST202503,3696852.0,27.21,5183596.0,Education,2,Low NW • Education
CUST202504,143378.0,22.87,4684869.0,Education,2,Low NW • Education
CUST202505,3171808.0,22.76,3198398.0,Retirement,3,Mid NW • Retirement
CUST202506,1704396.0,13.82,5559361.0,Retirement,3,Mid NW • Retirement
CUST202507,1324323.0,22.52,1476027.0,Education,2,Low NW • Education
CUST202508,9038626.0,27.3,2912186.0,Education,2,Low NW • Education
CUST202509,3582811.0,20.11,3081858.0,Retirement,3,Mid NW • Retirement
CUST202510,15597338.0,46.17,25148758.0,Wealth,1,High NW • Wealth (large goals)
CUST202511,70423.0,27.84,5318317.0,Education,2,Low NW • Education
CUST202512,1525509.0,12.06,4209246.0,Retirement,3,Mid NW • Retirement
CUST202513,1988071.0,25.13,4388841.0,Education,2,Low NW • Education
CUST202514,4041863.0,16.95,4362628.0,Retirement,3,Mid NW • Retirement
CUST202515,2347191.0,20.73,2799260.0,House,0,Mid NW • House
CUST202516,460287.0,15.93,2963151.0,House,0,Mid NW • House
CUST202517,655136.0,17.31,5218190.0,House,0,Mid NW • House
CUST202518,54430.0,10.67,2162421.0,House,0,Mid NW • House
CUST202519,4217431.0,18.99,2439053.0,House,0,Mid NW • House
CUST202520,1903812.0,13.34,3728479.0,Retirement,3,Mid NW • Retirement
CUST202521,758356.0,26.97,5699856.0,Education,2,Low NW • Education
CUST202522,569795.0,17.17,5131383.0,Education,2,Low NW • Education
CUST202523,3246098.0,26.3,1915968.0,Education,2,Low NW • Education
CUST202524,15003912.0,45.02,9481662.0,Retirement,1,High NW • Wealth (large goals)
CUST202525,5504526.0,15.69,5594715.0,Retirement,3,Mid NW • Retirement
CUST202526,1535388.0,22.03,1881023.0,Retirement,3,Mid NW • Retirement
CUST202527,644879.0,25.64,4620274.0,House,0,Mid NW • House
CUST202528,90864.0,22.99,3998771.0,House,0,Mid NW • House
CUST202529,10557737.0,42.8,27274441.0,House,1,High NW • Wealth (large goals)
CUST202530,50541861.0,58.38,3294632.0,Retirement,4,High NW • Wealth (modest goals)
CUST202531,32823654.0,52.7,4147451.0,House,4,High NW • Wealth (modest goals)
CUST202532,2802608.0,17.55,3838280.0,Education,2,Low NW • Education
CUST202533,4513848.0,28.45,1261362.0,House,0,Mid NW • House
CUST202534,-90278.0,11.12,2030824.0,House,0,Mid NW • House
CUST202535,2984090.0,19.03,1415854.0,Education,2,Low NW • Education
CUST202536,25834470.0,35.78,8090073.0,Wealth,4,High NW • Wealth (modest goals)
CUST202537,214468.0,18.85,4729966.0,Retirement,3,Mid NW • Retirement
CUST202538,821555.0,11.98,1512307.0,Retirement,3,Mid NW • Retirement
CUST202539,13183665.0,45.41,22369740.0,Retirement,1,High NW • Wealth (large goals)
CUST202540,4451150.0,12.93,1189001.0,Retirement,3,Mid NW • Retirement
CUST202541,2520700.0,10.29,5516111.0,Retirement,3,Mid NW • Retirement
CUST202542,161138.0,26.2,1093196.0,House,0,Mid NW • House
CUST202543,48048169.0,58.24,5816546.0,House,4,High NW • Wealth (modest goals)
CUST202544,19222.0,14.58,1125093.0,Retirement,3,Mid NW • Retirement
CUST202545,8381738.0,29.53,3508283.0,Retirement,3,Mid NW • Retirement
CUST202546,2343580.0,16.86,2321699.0,Education,2,Low NW • Education
CUST202547,17854598.0,52.28,26591543.0,Retirement,1,High NW • Wealth (large goals)
CUST202548,462242.0,27.39,4110480.0,Retirement,3,Mid NW • Retirement
CUST202549,15594443.0,44.53,5513070.0,Wealth,1,High NW • Wealth (large goals)
CUST202550,15725236.0,56.35,28348141.0,House,1,High NW • Wealth (large goals)
CUST202551,5707248.0,26.79,1703986.0,Retirement,3,Mid NW • Retirement
CUST202552,16688.0,22.3,4125897.0,House,0,Mid NW • House
CUST202553,5456425.0,15.58,4330763.0,Education,2,Low NW • Education
CUST202554,8218296.0,44.84,24560486.0,House,1,High NW • Wealth (large goals)
CUST202555,2288699.0,14.21,3443948.0,Retirement,3,Mid NW • Retirement
CUST202556,6010701.0,28.59,4278134.0,Retirement,3,Mid NW • Retirement
CUST202557,8675373.0,23.82,5961048.0,House,0,Mid NW • House
CUST202558,3801273.0,29.8,3656670.0,Retirement,3,Mid NW • Retirement
CUST202559,2209399.0,15.06,1167380.0,House,0,Mid NW • House
CUST202560,4736160.0,29.99,4194940.0,Education,2,Low NW • Education
CUST202561,58248819.0,48.01,26969996.0,Retirement,4,High NW • Wealth (modest goals)
CUST202562,2516571.0,13.2,3758829.0,Retirement,3,Mid NW • Retirement
CUST202563,7697435.0,15.71,1804001.0,Retirement,3,Mid NW • Retirement
CUST202564,3063103.0,22.99,936226.0,Retirement,3,Mid NW • Retirement
CUST202565,19260247.0,44.36,5244391.0,House,4,High NW • Wealth (modest goals)
CUST202566,183139.0,27.93,4735805.0,Retirement,3,Mid NW • Retirement
CUST202567,472273.0,1.72,266415.0,Emergency_Fund,2,Low NW • Education
CUST202568,2827425.0,26.37,3500289.0,Retirement,3,Mid NW • Retirement
CUST202569,2664695.0,19.45,3517749.0,Retirement,3,Mid NW • Retirement
CUST202570,4822188.0,24.91,1807325.0,Retirement,3,Mid NW • Retirement
CUST202571,96909.0,50.41,28615628.0,Retirement,1,High NW • Wealth (large goals)
CUST202572,1794484.0,17.48,764984.0,Retirement,3,Mid NW • Retirement
CUST202573,1557826.0,24.47,4749025.0,Education,2,Low NW • Education
CUST202574,6017580.0,13.93,3786866.0,House,0,Mid NW • House
CUST202575,846741.0,13.47,5086212.0,House,0,Mid NW • House
CUST202576,2986477.0,21.89,1005899.0,House,0,Mid NW • House
CUST202577,1294335.0,12.92,5553754.0,Retirement,3,Mid NW • Retirement
CUST202578,13142210.0,24.89,3830913.0,House,0,Mid NW • House
CUST202579,1884575.0,11.65,4053616.0,House,0,Mid NW • House
CUST202580,5718560.0,29.95,3046111.0,House,0,Mid NW • House
CUST202581,2799930.0,19.28,504527.0,Retirement,3,Mid NW • Retirement
CUST202582,4910502.0,14.42,4498863.0,Retirement,3,Mid NW • Retirement
CUST202583,10326079.0,22.8,2540214.0,House,0,Mid NW • House
CUST202584,5888198.0,25.45,875366.0,House,0,Mid NW • House
CUST202585,121103.0,22.66,2835472.0,Retirement,3,Mid NW • Retirement
CUST202586,6232648.0,15.5,5243545.0,House,0,Mid NW • House
CUST202587,886030.0,13.33,1584543.0,Retirement,3,Mid NW • Retirement
CUST202588,3498955.0,17.81,2802731.0,Retirement,3,Mid NW • Retirement
CUST202589,6468334.0,14.92,5912628.0,House,0,Mid NW • House
CUST202590,-166643.0,8.54,415743.0,Emergency_Fund,2,Low NW • Education
CUST202591,121879.0,26.39,1110957.0,Education,2,Low NW • Education
CUST202592,1990099.0,25.69,5524223.0,House,0,Mid NW • House
CUST202593,21928726.0,39.66,22132857.0,Wealth,1,High NW • Wealth (large goals)
CUST202594,2113098.0,10.89,3051551.0,House,0,Mid NW • House
CUST202595,1953628.0,25.73,2442034.0,Retirement,3,Mid NW • Retirement
CUST202596,-542499.0,12.77,1928456.0,House,0,Mid NW • House
CUST202597,21081972.0,33.92,5051840.0,Wealth,4,High NW • Wealth (modest goals)
CUST202598,32474113.0,33.41,10144244.0,Wealth,4,High NW • Wealth (modest goals)
CUST202599,1509709.0,16.19,4638623.0,Retirement,3,Mid NW • Retirement
CUST202600,8216301.0,40.14,13077403.0,Wealth,1,High NW • Wealth (large goals)
CUST202601,1497457.0,15.98,1443626.0,Education,2,Low NW • Education
CUST202602,-582538.0,18.44,1151330.0,Education,2,Low NW • Education
CUST202603,-281731.0,7.67,370107.0,Emergency_Fund,2,Low NW • Education
CUST202604,-645477.0,15.61,1241937.0,House,0,Mid NW • House
CUST202605,3772580.0,18.92,4944706.0,Education,2,Low NW • Education
CUST202606,16141872.0,48.87,24771719.0,Wealth,1,High NW • Wealth (large goals)
CUST202607,881431.0,22.78,5024222.0,House,0,Mid NW • House
CUST202608,4031553.0,24.64,2385071.0,Retirement,3,Mid NW • Retirement
CUST202609,3288007.0,18.75,4953727.0,Education,2,Low NW • Education
CUST202610,1970049.0,18.89,3928702.0,Retirement,3,Mid NW • Retirement
CUST202611,2213994.0,21.51,4836592.0,Education,2,Low NW • Education
CUST202612,444212.0,10.1,5589779.0,Retirement,3,Mid NW • Retirement
CUST202613,6923988.0,21.73,2109480.0,House,0,Mid NW • House
CUST202614,4608448.0,21.82,4985793.0,House,0,Mid NW • House
CUST202615,14895796.0,36.6,10670192.0,Wealth,1,High NW • Wealth (large goals)
CUST202616,4917073.0,19.3,993498.0,Education,2,Low NW • Education
CUST202617,7235717.0,23.23,1435217.0,Education,2,Low NW • Education
CUST202618,46249162.0,38.07,15993569.0,Wealth,4,High NW • Wealth (modest goals)
CUST202619,2299077.0,21.76,3305747.0,Retirement,3,Mid NW • Retirement
CUST202620,9765994.0,52.59,3006416.0,Wealth,1,High NW • Wealth (large goals)
CUST202621,7253542.0,22.67,2992870.0,Retirement,3,Mid NW • Retirement
CUST202622,9443154.0,22.64,3541794.0,Retirement,3,Mid NW • Retirement
CUST202623,2535188.0,27.21,1514854.0,Education,2,Low NW • Education
CUST202624,12434030.0,26.95,5024218.0,Retirement,3,Mid NW • Retirement
CUST202625,3502683.0,15.81,2846688.0,Education,2,Low NW • Education
CUST202626,33599446.0,52.49,29203297.0,Wealth,1,High NW • Wealth (large goals)
CUST202627,6078185.0,22.68,3257809.0,Retirement,3,Mid NW • Retirement
CUST202628,16970009.0,31.24,15004488.0,Retirement,1,High NW • Wealth (large goals)
CUST202629,3287354.0,22.07,2281092.0,House,0,Mid NW • House
CUST202630,10878673.0,29.67,2593297.0,House,0,Mid NW • House
CUST202631,3939546.0,26.27,2032397.0,House,0,Mid NW • House
CUST202632,-283896.0,12.77,2032534.0,House,0,Mid NW • House
CUST202633,2096995.0,24.16,522559.0,Retirement,3,Mid NW • Retirement
CUST202634,9704225.0,23.2,2424333.0,House,0,Mid NW • House
CUST202635,5016230.0,11.23,4084178.0,Retirement,3,Mid NW • Retirement
CUST202636,162503.0,10.58,1446290.0,Education,2,Low NW • Education
CUST202637,4895626.0,18.55,5880018.0,House,0,Mid NW • House
CUST202638,5576663.0,21.84,5844849.0,Retirement,3,Mid NW • Retirement
CUST202639,7384504.0,17.03,1255326.0,Retirement,3,Mid NW • Retirement
CUST202640,4577019.0,29.12,3942276.0,Retirement,3,Mid NW • Retirement
CUST202641,1704759.0,29.15,2774711.0,House,0,Mid NW • House
CUST202642,27623221.0,40.85,14867458.0,Retirement,4,High NW • Wealth (modest goals)
CUST202643,2095988.0,21.75,5606624.0,Retirement,3,Mid NW • Retirement
CUST202644,1318329.0,11.12,4844937.0,Education,2,Low NW • Education
CUST202645,63543333.0,58.49,3646364.0,Retirement,4,High NW • Wealth (modest goals)
CUST202646,1819448.0,12.41,5757791.0,Retirement,3,Mid NW • Retirement
CUST202647,6902562.0,28.26,3365709.0,Education,2,Low NW • Education
CUST202648,3002759.0,23.19,594803.0,Retirement,3,Mid NW • Retirement
CUST202649,6652443.0,19.81,5667955.0,House,0,Mid NW • House
CUST202650,883873.0,21.63,5494194.0,House,0,Mid NW • House
CUST202651,3817534.0,23.74,554976.0,Retirement,3,Mid NW • Retirement
CUST202652,8191151.0,37.79,22657781.0,Wealth,1,High NW • Wealth (large goals)
CUST202653,-39907.0,5.09,336953.0,Emergency_Fund,2,Low NW • Education
CUST202654,3894749.0,27.43,1837875.0,Retirement,3,Mid NW • Retirement
CUST202655,2870950.0,12.86,4723196.0,House,0,Mid NW • House
CUST202656,10345909.0,26.51,5665048.0,Retirement,3,Mid NW • Retirement
CUST202657,6538459.0,21.71,2512049.0,House,0,Mid NW • House
CUST202658,1387211.0,16.47,5419524.0,Education,2,Low NW • Education
CUST202659,11558640.0,29.18,778232.0,Education,2,Low NW • Education
CUST202660,2413477.0,18.58,5054930.0,House,0,Mid NW • House
CUST202661,1129275.0,17.54,2856850.0,Education,2,Low NW • Education
CUST202662,6692564.0,17.27,1062265.0,Education,2,Low NW • Education
CUST202663,4111081.0,12.91,2086636.0,Education,2,Low NW • Education
CUST202664,532590.0,11.69,1791499.0,Education,2,Low NW • Education
CUST202665,653478.0,48.92,9956725.0,House,1,High NW • Wealth (large goals)
CUST202666,2524900.0,24.98,2766868.0,House,0,Mid NW • House
CUST202667,2272154.0,14.84,750477.0,Retirement,3,Mid NW • Retirement
CUST202668,811915.0,12.09,5256282.0,Retirement,3,Mid NW • Retirement
CUST202669,12189754.0,52.2,11078494.0,House,1,High NW • Wealth (large goals)
CUST202670,9450444.0,38.39,18592486.0,Retirement,1,High NW • Wealth (large goals)
CUST202671,36210570.0,52.84,4889787.0,Wealth,4,High NW • Wealth (modest goals)
CUST202672,4667359.0,29.16,2973984.0,Education,2,Low NW • Education
CUST202673,9712089.0,29.09,5186922.0,Retirement,3,Mid NW • Retirement
CUST202674,35263152.0,48.51,23207395.0,Wealth,4,High NW • Wealth (modest goals)
CUST202675,11479780.0,29.86,4434093.0,Education,2,Low NW • Education
CUST202676,1107990.0,20.79,2391708.0,Retirement,3,Mid NW • Retirement
CUST202677,3279500.0,13.14,5981988.0,Education,2,Low NW • Education
CUST202678,16514611.0,51.56,9820179.0,Retirement,1,High NW • Wealth (large goals)
CUST202679,416361.0,16.19,5447823.0,House,0,Mid NW • House
CUST202680,651524.0,19.3,1419726.0,Retirement,3,Mid NW • Retirement
CUST202681,-94201.0,7.49,149197.0,Emergency_Fund,2,Low NW • Education
CUST202682,2826559.0,17.17,2947203.0,House,0,Mid NW • House
CUST202683,1047877.0,10.56,3108020.0,Education,2,Low NW • Education
CUST202684,9312265.0,17.99,1923288.0,Retirement,3,Mid NW • Retirement
CUST202685,24162629.0,50.45,14977836.0,Wealth,1,High NW • Wealth (large goals)
CUST202686,-457772.0,26.34,5397989.0,Education,2,Low NW • Education
CUST202687,-395502.0,20.6,3515064.0,House,0,Mid NW • House
CUST202688,1003914.0,13.84,1798684.0,Retirement,3,Mid NW • Retirement
CUST202689,742781.0,27.05,2185752.0,Retirement,3,Mid NW • Retirement
CUST202690,7193310.0,19.87,3808061.0,House,0,Mid NW • House
CUST202691,1211215.0,18.18,1894959.0,Education,2,Low NW • Education
CUST202692,4630670.0,10.69,3943370.0,Retirement,3,Mid NW • Retirement
CUST202693,7876355.0,27.56,3100598.0,Retirement,3,Mid NW • Retirement
CUST202694,8843543.0,24.41,3639454.0,House,0,Mid NW • House
CUST202695,7313566.0,26.42,2778383.0,Education,2,Low NW • Education
CUST202696,2558916.0,27.2,2942680.0,Retirement,3,Mid NW • Retirement
CUST202697,1952653.0,12.06,1303296.0,House,0,Mid NW • House
CUST202698,4548498.0,16.97,5589326.0,House,0,Mid NW • House
CUST202699,-297896.0,27.24,3961878.0,House,0,Mid NW • House
CUST202700,5324256.0,25.5,1674436.0,Retirement,3,Mid NW • Retirement
CUST202701,-323853.0,10.17,2187082.0,Retirement,3,Mid NW • Retirement
CUST202702,2994693.0,48.75,17952704.0,House,1,High NW • Wealth (large goals)
CUST202703,14112900.0,28.57,677915.0,Education,2,Low NW • Education
CUST202704,2149775.0,10.07,5159536.0,Retirement,3,Mid NW • Retirement
CUST202705,13482507.0,37.05,13037687.0,Wealth,1,High NW • Wealth (large goals)
CUST202706,-238635.0,7.16,498653.0,Emergency_Fund,2,Low NW • Education
CUST202707,1365802.0,27.19,4531266.0,House,0,Mid NW • House
CUST202708,3346577.0,17.75,3964355.0,Retirement,3,Mid NW • Retirement
CUST202709,9222660.0,36.1,26306191.0,Wealth,1,High NW • Wealth (large goals)
CUST202710,9794099.0,29.8,1386849.0,House,0,Mid NW • House
CUST202711,2648064.0,23.02,5531498.0,Retirement,3,Mid NW • Retirement
CUST202712,985585.0,12.37,4401758.0,House,0,Mid NW • House
CUST202713,75587.0,15.38,3826662.0,House,0,Mid NW • House
CUST202714,15719592.0,44.01,2568523.0,Wealth,0,Mid NW • House
CUST202715,1703768.0,13.74,4195645.0,Retirement,3,Mid NW • Retirement
CUST202716,47373681.0,41.3,10001495.0,Retirement,4,High NW • Wealth (modest goals)
CUST202717,43869.0,12.38,2743713.0,House,0,Mid NW • House
CUST202718,821516.0,24.68,956171.0,House,0,Mid NW • House
CUST202719,281030.0,21.81,1844255.0,Retirement,3,Mid NW • Retirement
CUST202720,14273300.0,41.86,15544371.0,Wealth,1,High NW • Wealth (large goals)
CUST202721,14128097.0,27.24,2796276.0,House,0,Mid NW • House
CUST202722,4151916.0,20.21,4697367.0,Retirement,3,Mid NW • Retirement
CUST202723,-457701.0,14.97,3276933.0,Retirement,3,Mid NW • Retirement
CUST202724,1804440.0,15.16,3419491.0,House,0,Mid NW • House
CUST202725,3493515.0,12.98,2083983.0,Retirement,3,Mid NW • Retirement
CUST202726,2198029.0,23.33,3580370.0,Retirement,3,Mid NW • Retirement
CUST202727,1980816.0,12.12,3691126.0,House,0,Mid NW • House
CUST202728,18569030.0,31.98,4796938.0,Wealth,0,Mid NW • House
CUST202729,6971251.0,17.4,3310262.0,House,0,Mid NW • House
CUST202730,2277869.0,24.2,4859967.0,Retirement,3,Mid NW • Retirement
CUST202731,6034328.0,21.41,5616338.0,Education,2,Low NW • Education
CUST202732,38062620.0,42.6,4323991.0,Wealth,4,High NW • Wealth (modest goals)
CUST202733,5778831.0,26.01,909409.0,House,0,Mid NW • House
CUST202734,2109808.0,18.74,3180115.0,Retirement,3,Mid NW • Retirement
CUST202735,18242659.0,27.29,2826976.0,Retirement,3,Mid NW • Retirement
CUST202736,33452109.0,58.13,5486061.0,Wealth,4,High NW • Wealth (modest goals)
CUST202737,2079753.0,16.21,1865311.0,Education,2,Low NW • Education
CUST202738,8601949.0,37.27,21121001.0,Retirement,1,High NW • Wealth (large goals)
CUST202739,8612149.0,19.83,4685681.0,House,0,Mid NW • House
CUST202740,1409961.0,27.31,2382980.0,Retirement,3,Mid NW • Retirement
CUST202741,42249.0,2.94,452223.0,Emergency_Fund,2,Low NW • Education
CUST202742,15648.0,12.91,2065312.0,Education,2,Low NW • Education
CUST202743,4411740.0,16.65,4816048.0,House,0,Mid NW • House
CUST202744,6660294.0,20.87,3532609.0,Retirement,3,Mid NW • Retirement
CUST202745,9018116.0,19.95,5511612.0,Education,2,Low NW • Education
CUST202746,623735.0,5.42,102952.0,Education,2,Low NW • Education
CUST202747,-275043.0,11.23,2717278.0,Retirement,3,Mid NW • Retirement
CUST202748,1424208.0,17.64,3279246.0,House,0,Mid NW • House
CUST202749,475830.0,28.94,1488748.0,Retirement,3,Mid NW • Retirement
CUST202750,2957215.0,26.27,2784752.0,House,0,Mid NW • House
CUST202751,584709.0,17.91,5958006.0,Education,2,Low NW • Education
CUST202752,4277849.0,28.48,1824791.0,House,0,Mid NW • House
CUST202753,58371465.0,55.06,2429408.0,Wealth,4,High NW • Wealth (modest goals)
CUST202754,4386338.0,11.2,2268545.0,Education,2,Low NW • Education
CUST202755,1378041.0,16.07,1995521.0,House,0,Mid NW • House
CUST202756,1977925.0,20.68,2812104.0,House,0,Mid NW • House
CUST202757,138135.0,17.06,848546.0,Retirement,3,Mid NW • Retirement
CUST202758,483284.0,13.71,3087390.0,Education,2,Low NW • Education
CUST202759,151311.0,28.22,2856685.0,Retirement,3,Mid NW • Retirement
CUST202760,3268609.0,13.3,1957303.0,Retirement,3,Mid NW • Retirement
CUST202761,4956950.0,28.37,3123424.0,Retirement,3,Mid NW • Retirement
CUST202762,7979351.0,21.69,1952930.0,Education,2,Low NW • Education
CUST202763,3114122.0,20.07,2986536.0,Retirement,3,Mid NW • Retirement
CUST202764,-12877.0,4.06,503656.0,Emergency_Fund,2,Low NW • Education
CUST202765,1869307.0,14.14,4260357.0,Retirement,3,Mid NW • Retirement
CUST202766,-726792.0,13.05,2777507.0,Retirement,3,Mid NW • Retirement
CUST202767,1528453.0,22.66,4074146.0,House,0,Mid NW • House
CUST202768,-226312.0,2.68,204084.0,Education,2,Low NW • Education
CUST202769,6723336.0,32.14,20742579.0,Retirement,1,High NW • Wealth (large goals)
CUST202770,9328608.0,24.1,1404151.0,Retirement,3,Mid NW • Retirement
CUST202771,3630314.0,19.64,5153689.0,House,0,Mid NW • House
CUST202772,-74202.0,6.26,265331.0,Emergency_Fund,2,Low NW • Education
CUST202773,16458510.0,51.97,6775039.0,Retirement,1,High NW • Wealth (large goals)
CUST202774,6398224.0,21.97,3765930.0,House,0,Mid NW • House
CUST202775,9245300.0,26.43,4754892.0,Retirement,3,Mid NW • Retirement
CUST202776,11360728.0,29.33,3449033.0,Education,2,Low NW • Education
CUST202777,2560173.0,12.29,4673286.0,House,0,Mid NW • House
CUST202778,514729.0,4.45,115608.0,Education,2,Low NW • Education
CUST202779,4886200.0,22.4,1372754.0,House,0,Mid NW • House
CUST202780,149146.0,8.82,70318.0,Emergency_Fund,2,Low NW • Education
CUST202781,1755189.0,14.03,2930925.0,House,0,Mid NW • House
CUST202782,931533.0,20.55,4239027.0,Retirement,3,Mid NW • Retirement
CUST202783,3594994.0,14.49,2675318.0,House,0,Mid NW • House
CUST202784,18378493.0,31.7,14876429.0,Wealth,1,High NW • Wealth (large goals)
CUST202785,2841103.0,23.45,3176124.0,Retirement,3,Mid NW • Retirement
CUST202786,-195123.0,29.73,5093163.0,House,0,Mid NW • House
CUST202787,8237103.0,27.63,515463.0,House,0,Mid NW • House
CUST202788,6581177.0,18.03,4412589.0,Education,2,Low NW • Education
CUST202789,5218454.0,25.09,1958917.0,House,0,Mid NW • House
CUST202790,6739951.0,21.57,5104443.0,Education,2,Low NW • Education
CUST202791,6161835.0,27.34,4990379.0,Retirement,3,Mid NW • Retirement
CUST202792,1078928.0,29.27,2996687.0,Retirement,3,Mid NW • Retirement
CUST202793,8760221.0,22.38,5506306.0,Retirement,3,Mid NW • Retirement
CUST202794,5345219.0,17.03,2239039.0,Retirement,3,Mid NW • Retirement
CUST202795,957562.0,39.83,5848638.0,House,0,Mid NW • House
CUST202796,5531.0,4.32,90701.0,Emergency_Fund,2,Low NW • Education
CUST202797,3879239.0,33.01,4313234.0,House,0,Mid NW • House
CUST202798,-57636.0,15.32,2838229.0,Retirement,3,Mid NW • Retirement
CUST202799,4189563.0,17.28,4021304.0,House,0,Mid NW • House
CUST202800,84111.0,12.76,2745017.0,Education,2,Low NW • Education
CUST202801,860185.0,13.67,2264178.0,Education,2,Low NW • Education
CUST202802,16023.0,27.84,4814652.0,House,0,Mid NW • House
CUST202803,1803187.0,25.68,5719075.0,Retirement,3,Mid NW • Retirement
CUST202804,3061763.0,18.63,3915540.0,House,0,Mid NW • House
CUST202805,84590.0,12.68,2169556.0,House,0,Mid NW • House
CUST202806,2778966.0,29.83,1969932.0,Education,2,Low NW • Education
CUST202807,9310952.0,28.19,4667257.0,House,0,Mid NW • House
CUST202808,4357874.0,28.09,1800315.0,Retirement,3,Mid NW • Retirement
CUST202809,9415023.0,25.37,2273049.0,Retirement,3,Mid NW • Retirement
CUST202810,122885.0,45.63,7153494.0,Retirement,3,Mid NW • Retirement
CUST202811,404115.0,17.37,4895479.0,Education,2,Low NW • Education
CUST202812,2365606.0,20.1,2414166.0,House,0,Mid NW • House
CUST202813,2167539.0,18.02,4309698.0,House,0,Mid NW • House
CUST202814,8154031.0,17.26,2362807.0,Retirement,3,Mid NW • Retirement
CUST202815,2451721.0,15.62,3069996.0,House,0,Mid NW • House
CUST202816,5157170.0,11.99,1762054.0,House,0,Mid NW • House
CUST202817,31370335.0,52.21,9921403.0,House,4,High NW • Wealth (modest goals)
CUST202818,660763.0,19.35,2122543.0,House,0,Mid NW • House
CUST202819,6692673.0,16.66,3284046.0,House,0,Mid NW • House
CUST202820,25542756.0,37.22,4698680.0,Wealth,4,High NW • Wealth (modest goals)
CUST202821,2794641.0,24.36,1962173.0,House,0,Mid NW • House
CUST202822,4879281.0,20.48,2704860.0,Retirement,3,Mid NW • Retirement
CUST202823,4314518.0,23.25,4971310.0,Education,2,Low NW • Education
CUST202824,-87714.0,3.82,247180.0,Emergency_Fund,2,Low NW • Education
CUST202825,236382.0,13.22,2571466.0,House,0,Mid NW • House
CUST202826,8566297.0,40.72,10523427.0,House,1,High NW • Wealth (large goals)
CUST202827,5742845.0,29.08,2190252.0,House,0,Mid NW • House
CUST202828,43425136.0,58.11,17455521.0,Retirement,4,High NW • Wealth (modest goals)
CUST202829,239256.0,4.06,108221.0,Education,2,Low NW • Education
CUST202830,1346406.0,12.28,4332758.0,Education,2,Low NW • Education
CUST202831,9438814.0,23.66,660836.0,Education,2,Low NW • Education
CUST202832,2686479.0,17.25,5299258.0,House,0,Mid NW • House
CUST202833,7463727.0,22.07,894024.0,House,0,Mid NW • House
CUST202834,5597751.0,26.17,2606584.0,House,0,Mid NW • House
CUST202835,1695914.0,26.09,5600758.0,House,0,Mid NW • House
CUST202836,67408.0,43.58,29348689.0,Retirement,1,High NW • Wealth (large goals)
CUST202837,2824089.0,21.28,4803655.0,Retirement,3,Mid NW • Retirement
CUST202838,2222641.0,16.22,2904223.0,Retirement,3,Mid NW • Retirement
CUST202839,9566161.0,28.46,5410843.0,Education,2,Low NW • Education
CUST202840,151024.0,14.84,5701721.0,House,0,Mid NW • House
CUST202841,694998.0,21.55,3886986.0,House,0,Mid NW • House
CUST202842,5896360.0,28.38,5805162.0,Education,2,Low NW • Education
CUST202843,330745.0,11.95,4979127.0,House,0,Mid NW • House
CUST202844,2331486.0,25.45,3656692.0,Retirement,3,Mid NW • Retirement
CUST202845,58686.0,6.08,290930.0,Emergency_Fund,2,Low NW • Education
CUST202846,4623974.0,12.02,1206608.0,Retirement,3,Mid NW • Retirement
CUST202847,3572370.0,22.7,3256837.0,Retirement,3,Mid NW • Retirement
CUST202848,-186154.0,21.2,1094936.0,House,0,Mid NW • House
CUST202849,2549527.0,19.16,5929297.0,Retirement,3,Mid NW • Retirement
CUST202850,10785461.0,25.88,4275732.0,Retirement,3,Mid NW • Retirement
CUST202851,3527338.0,15.47,1590272.0,House,0,Mid NW • House
CUST202852,7949437.0,24.49,1635567.0,House,0,Mid NW • House
CUST202853,66439377.0,59.57,26309661.0,Wealth,4,High NW • Wealth (modest goals)
CUST202854,6404661.0,23.29,4565011.0,Retirement,3,Mid NW • Retirement
CUST202855,4184407.0,12.44,3748356.0,Education,2,Low NW • Education
CUST202856,190006.0,50.65,26493808.0,Wealth,1,High NW • Wealth (large goals)
CUST202857,1055681.0,13.84,4298872.0,Education,2,Low NW • Education
CUST202858,31061.0,8.8,120133.0,Education,2,Low NW • Education
CUST202859,21102444.0,31.44,27264151.0,Wealth,1,High NW • Wealth (large goals)
CUST202860,1194391.0,14.83,4319964.0,Retirement,3,Mid NW • Retirement
CUST202861,22669211.0,50.72,29462082.0,Retirement,1,High NW • Wealth (large goals)
CUST202862,5119723.0,23.95,4487696.0,Education,2,Low NW • Education
CUST202863,2673800.0,12.85,4149101.0,Retirement,3,Mid NW • Retirement
CUST202864,21817032.0,44.87,6599951.0,Retirement,4,High NW • Wealth (modest goals)
CUST202865,10374026.0,33.1,8439726.0,House,0,Mid NW • House
CUST202866,4662249.0,23.12,4245179.0,House,0,Mid NW • House
CUST202867,10461943.0,14.91,5916676.0,Retirement,3,Mid NW • Retirement
CUST202868,11390325.0,21.1,1006167.0,Retirement,3,Mid NW • Retirement
CUST202869,24212533.0,57.81,25950100.0,House,1,High NW • Wealth (large goals)
CUST202870,2384834.0,15.08,924390.0,House,0,Mid NW • House
CUST202871,3139963.0,10.99,3478278.0,House,0,Mid NW • House
CUST202872,11058809.0,26.85,5785523.0,Retirement,3,Mid NW • Retirement
CUST202873,5293776.0,11.24,4306527.0,Retirement,3,Mid NW • Retirement
CUST202874,4887861.0,23.51,1931466.0,Retirement,3,Mid NW • Retirement
CUST202875,62643.0,31.19,9194591.0,Retirement,3,Mid NW • Retirement
CUST202876,2604892.0,11.59,926592.0,Education,2,Low NW • Education
CUST202877,2347897.0,28.81,1399472.0,House,0,Mid NW • House
CUST202878,35048346.0,56.13,15206450.0,House,4,High NW • Wealth (modest goals)
CUST202879,904580.0,28.25,5351305.0,Retirement,3,Mid NW • Retirement
CUST202880,5164414.0,25.99,5837455.0,House,0,Mid NW • House
CUST202881,457577.0,11.81,765196.0,House,0,Mid NW • House
CUST202882,14005.0,8.27,486409.0,Emergency_Fund,2,Low NW • Education
CUST202883,-73252.0,17.49,5416593.0,Retirement,3,Mid NW • Retirement
CUST202884,2268418.0,22.25,2091220.0,Education,2,Low NW • Education
CUST202885,-153016.0,8.39,559781.0,Education,2,Low NW • Education
CUST202886,11150658.0,30.93,16209794.0,Retirement,1,High NW • Wealth (large goals)
CUST202887,70816.0,18.64,4520077.0,Education,2,Low NW • Education
CUST202888,11321149.0,29.85,3747059.0,Education,2,Low NW • Education
CUST202889,1954263.0,11.39,2042797.0,House,0,Mid NW • House
CUST202890,6508627.0,42.27,22606983.0,Retirement,1,High NW • Wealth (large goals)
CUST202891,1459213.0,14.85,5396272.0,House,0,Mid NW • House
CUST202892,18248247.0,47.82,13671885.0,Wealth,1,High NW • Wealth (large goals)
CUST202893,26058.0,17.58,3797830.0,Education,2,Low NW • Education
CUST202894,2657691.0,18.17,4035467.0,House,0,Mid NW • House
CUST202895,1752358.0,17.71,3103066.0,Education,2,Low NW • Education
CUST202896,1022195.0,10.38,2081053.0,Retirement,3,Mid NW • Retirement
CUST202897,150673.0,11.4,1863181.0,Education,2,Low NW • Education
CUST202898,1509675.0,17.21,5206694.0,House,0,Mid NW • House
CUST202899,2224757.0,10.71,1172811.0,House,0,Mid NW • House
CUST202900,4246459.0,28.15,1671250.0,House,0,Mid NW • House
CUST202901,8160922.0,29.7,3230962.0,House,0,Mid NW • House
CUST202902,389612.0,10.15,5707512.0,Retirement,3,Mid NW • Retirement
CUST202903,8332437.0,21.35,946589.0,Retirement,3,Mid NW • Retirement
CUST202904,3115444.0,21.59,2215012.0,Retirement,3,Mid NW • Retirement
CUST202905,30782402.0,52.83,24892918.0,Wealth,1,High NW • Wealth (large goals)
CUST202906,199552.0,7.56,432471.0,Emergency_Fund,2,Low NW • Education
CUST202907,2552047.0,17.39,5598107.0,House,0,Mid NW • House
CUST202908,730646.0,14.4,4662139.0,Retirement,3,Mid NW • Retirement
CUST202909,4298195.0,12.68,4914466.0,Retirement,3,Mid NW • Retirement
CUST202910,37409397.0,55.45,5950995.0,Retirement,4,High NW • Wealth (modest goals)
CUST202911,1648187.0,23.99,776036.0,Retirement,3,Mid NW • Retirement
CUST202912,-143573.0,2.76,202757.0,Emergency_Fund,2,Low NW • Education
CUST202913,81576.0,11.77,1579260.0,Education,2,Low NW • Education
CUST202914,4015605.0,23.37,3114328.0,House,0,Mid NW • House
CUST202915,16101076.0,47.84,27149757.0,Wealth,1,High NW • Wealth (large goals)
CUST202916,3571330.0,32.21,9040211.0,House,0,Mid NW • House
CUST202917,1536851.0,10.85,1269590.0,House,0,Mid NW • House
CUST202918,2164986.0,13.78,4139443.0,Retirement,3,Mid NW • Retirement
CUST202919,2269212.0,10.88,1565455.0,Retirement,3,Mid NW • Retirement
CUST202920,12981924.0,58.37,26420937.0,Retirement,1,High NW • Wealth (large goals)
CUST202921,532783.0,12.76,2065903.0,Retirement,3,Mid NW • Retirement
CUST202922,4490340.0,13.11,5683278.0,Retirement,3,Mid NW • Retirement
CUST202923,677690.0,23.35,1757198.0,House,0,Mid NW • House
CUST202924,2895010.0,19.33,3078234.0,House,0,Mid NW • House
CUST202925,28757139.0,50.3,20249530.0,Wealth,1,High NW • Wealth (large goals)
CUST202926,9620569.0,19.23,3001414.0,House,0,Mid NW • House
CUST202927,4976629.0,19.39,4374846.0,House,0,Mid NW • House
CUST202928,6031471.0,14.72,4615226.0,House,0,Mid NW • House
CUST202929,4747923.0,21.14,2777043.0,Retirement,3,Mid NW • Retirement
CUST202930,2166077.0,21.56,1135780.0,Retirement,3,Mid NW • Retirement
CUST202931,2925056.0,23.07,3568820.0,Education,2,Low NW • Education
CUST202932,10907943.0,22.98,1221990.0,House,0,Mid NW • House
CUST202933,-460473.0,10.26,4441029.0,Retirement,3,Mid NW • Retirement
CUST202934,4988526.0,17.37,775401.0,House,0,Mid NW • House
CUST202935,1585016.0,27.87,3280565.0,House,0,Mid NW • House
CUST202936,38607015.0,44.16,27231043.0,Retirement,4,High NW • Wealth (modest goals)
CUST202937,7930734.0,27.43,699646.0,House,0,Mid NW • House
CUST202938,4699072.0,22.6,4811561.0,Retirement,3,Mid NW • Retirement
CUST202939,1935812.0,16.96,4437875.0,House,0,Mid NW • House
CUST202940,3184542.0,11.75,5169380.0,Retirement,3,Mid NW • Retirement
CUST202941,715048.0,6.75,466246.0,Emergency_Fund,2,Low NW • Education
CUST202942,77629876.0,49.03,13361542.0,Wealth,4,High NW • Wealth (modest goals)
CUST202943,2000532.0,18.26,5874934.0,Retirement,3,Mid NW • Retirement
CUST202944,1192552.0,10.25,4610933.0,House,0,Mid NW • House
CUST202945,-58957.0,1.07,98653.0,Emergency_Fund,2,Low NW • Education
CUST202946,2403516.0,24.54,3083439.0,Retirement,3,Mid NW • Retirement
CUST202947,1683965.0,20.97,922801.0,Education,2,Low NW • Education
CUST202948,119092.0,28.4,1175506.0,House,0,Mid NW • House
CUST202949,22019418.0,49.74,19604157.0,Retirement,1,High NW • Wealth (large goals)
CUST202950,-17497.0,13.6,5161264.0,Retirement,3,Mid NW • Retirement
CUST202951,4320909.0,37.53,4402770.0,Retirement,3,Mid NW • Retirement
CUST202952,2595018.0,21.81,4732505.0,Retirement,3,Mid NW • Retirement
CUST202953,106306.0,24.83,3510766.0,House,0,Mid NW • House
CUST202954,2406489.0,18.38,5715213.0,House,0,Mid NW • House
CUST202955,2829155.0,28.17,5504582.0,House,0,Mid NW • House
CUST202956,1528603.0,23.36,2973003.0,Retirement,3,Mid NW • Retirement
CUST202957,3976574.0,22.47,3426625.0,Retirement,3,Mid NW • Retirement
CUST202958,31844724.0,53.93,22300666.0,Retirement,4,High NW • Wealth (modest goals)
CUST202959,449486.0,11.42,1780739.0,House,0,Mid NW • House
CUST202960,9147516.0,34.69,12716098.0,House,1,High NW • Wealth (large goals)
CUST202961,2637545.0,43.96,24074704.0,Wealth,1,High NW • Wealth (large goals)
CUST202962,21919014.0,59.39,8913941.0,Retirement,4,High NW • Wealth (modest goals)
CUST202963,14263954.0,30.94,2320545.0,Retirement,3,Mid NW • Retirement
CUST202964,-93419.0,18.19,1556812.0,Retirement,3,Mid NW • Retirement
CUST202965,-105980.0,1.82,77267.0,Emergency_Fund,2,Low NW • Education
CUST202966,33615993.0,55.37,9268930.0,Retirement,4,High NW • Wealth (modest goals)
CUST202967,2380484.0,27.94,5139107.0,House,0,Mid NW • House
CUST202968,1993422.0,11.78,2511712.0,House,0,Mid NW • House
CUST202969,-505939.0,11.79,5973587.0,Retirement,3,Mid NW • Retirement
CUST202970,-90322.0,16.22,618912.0,House,0,Mid NW • House
CUST202971,3873884.0,13.54,5510188.0,Education,2,Low NW • Education
CUST202972,1712924.0,27.91,4153018.0,Education,2,Low NW • Education
CUST202973,12731185.0,19.95,3288954.0,House,0,Mid NW • House
CUST202974,36821639.0,47.38,29642005.0,Retirement,1,High NW • Wealth (large goals)
CUST202975,26645982.0,46.97,2579242.0,Wealth,4,High NW • Wealth (modest goals)
CUST202976,1867403.0,11.36,1932184.0,Retirement,3,Mid NW • Retirement
CUST202977,27992022.0,53.43,24902307.0,Wealth,1,High NW • Wealth (large goals)
CUST202978,6658560.0,27.34,4689125.0,Education,2,Low NW • Education
CUST202979,2398742.0,14.5,3843634.0,Education,2,Low NW • Education
CUST202980,-167329.0,14.29,2484963.0,House,0,Mid NW • House
CUST202981,40474008.0,44.52,6870362.0,Retirement,4,High NW • Wealth (modest goals)
CUST202982,35069355.0,54.06,26639472.0,Retirement,1,High NW • Wealth (large goals)
CUST202983,1564779.0,15.11,3034509.0,House,0,Mid NW • House
CUST202984,4059365.0,18.97,2574715.0,Education,2,Low NW • Education
CUST202985,1084959.0,15.14,2095108.0,House,0,Mid NW • House
CUST202986,190742.0,10.04,3237149.0,Retirement,3,Mid NW • Retirement
CUST202987,586553.0,10.19,1655941.0,Education,2,Low NW • Education
CUST202988,20352434.0,54.17,10057708.0,House,4,High NW • Wealth (modest goals)
CUST202989,43262.0,58.24,24824394.0,Wealth,1,High NW • Wealth (large goals)
CUST202990,12635819.0,33.92,6578992.0,House,0,Mid NW • House
CUST202991,4164891.0,12.48,5150582.0,Retirement,3,Mid NW • Retirement
CUST202992,829595.0,14.54,1101919.0,Retirement,3,Mid NW • Retirement
CUST202993,1864936.0,10.89,3467421.0,House,0,Mid NW • House
CUST202994,19460001.0,27.49,3459623.0,Retirement,3,Mid NW • Retirement
CUST202995,32082719.0,30.0,27956562.0,Wealth,1,High NW • Wealth (large goals)
CUST202996,3385389.0,18.01,3588787.0,Retirement,3,Mid NW • Retirement
CUST202997,383606.0,4.02,489149.0,Emergency_Fund,2,Low NW • Education
CUST202998,11435482.0,27.72,3157247.0,Retirement,3,Mid NW • Retirement
CUST202999,4665617.0,25.98,1686541.0,Retirement,3,Mid NW • Retirement
CUST203000,-209127.0,5.65,478085.0,Education,2,Low NW • Education
CUST203001,4378552.0,26.25,4979430.0,House,0,Mid NW • House
CUST203002,1598262.0,29.56,5150536.0,Retirement,3,Mid NW • Retirement
CUST203003,7572333.0,23.5,3034304.0,House,0,Mid NW • House
CUST203004,979126.0,12.54,2500309.0,Retirement,3,Mid NW • Retirement
CUST203005,1683364.0,18.06,4243744.0,House,0,Mid NW • House
CUST203006,29450234.0,39.25,14362777.0,Wealth,4,High NW • Wealth (modest goals)
CUST203007,-435691.0,21.02,5842465.0,Retirement,3,Mid NW • Retirement
CUST203008,1152174.0,12.68,2283984.0,Retirement,3,Mid NW • Retirement
CUST203009,1944547.0,28.03,2809424.0,Retirement,3,Mid NW • Retirement
CUST203010,61071.0,3.05,331184.0,Emergency_Fund,2,Low NW • Education
CUST203011,722406.0,10.6,3571036.0,Education,2,Low NW • Education
CUST203012,5690039.0,21.73,2598123.0,House,0,Mid NW • House
CUST203013,-21434.0,22.93,5074889.0,House,0,Mid NW • House
CUST203014,-310123.0,14.45,889277.0,Education,2,Low NW • Education
CUST203015,2439225.0,32.08,16278776.0,Wealth,1,High NW • Wealth (large goals)
CUST203016,797163.0,10.67,2700744.0,House,0,Mid NW • House
CUST203017,521634.0,18.32,4804784.0,Education,2,Low NW • Education
CUST203018,9638542.0,22.08,5126298.0,Retirement,3,Mid NW • Retirement
CUST203019,34477722.0,30.24,4622311.0,Retirement,4,High NW • Wealth (modest goals)
CUST203020,524169.0,11.78,3498635.0,House,0,Mid NW • House
CUST203021,4425987.0,20.91,3510576.0,House,0,Mid NW • House
CUST203022,12459487.0,56.41,2240732.0,Retirement,3,Mid NW • Retirement
CUST203023,13184441.0,38.02,10136994.0,Retirement,1,High NW • Wealth (large goals)
CUST203024,64513671.0,55.65,10317478.0,Retirement,4,High NW • Wealth (modest goals)
CUST203025,197364.0,24.53,5202534.0,Retirement,3,Mid NW • Retirement
CUST203026,891469.0,17.27,5252749.0,House,0,Mid NW • House
CUST203027,15757413.0,37.86,12559598.0,Retirement,1,High NW • Wealth (large goals)
CUST203028,-36165.0,23.55,4191430.0,House,0,Mid NW • House
CUST203029,-1714.0,10.4,5321760.0,Retirement,3,Mid NW • Retirement
CUST203030,9039344.0,27.55,3856985.0,House,0,Mid NW • House
CUST203031,1951648.0,16.11,5162217.0,House,0,Mid NW • House
CUST203032,5673570.0,16.8,5787271.0,Education,2,Low NW • Education
CUST203033,-194398.0,22.02,3424833.0,Retirement,3,Mid NW • Retirement
CUST203034,-355934.0,15.49,2329872.0,Retirement,3,Mid NW • Retirement
CUST203035,6031432.0,14.39,2149362.0,Retirement,3,Mid NW • Retirement
CUST203036,7869465.0,26.51,2326704.0,Retirement,3,Mid NW • Retirement
CUST203037,140748.0,23.09,3948244.0,House,0,Mid NW • House
CUST203038,3883390.0,28.1,4562534.0,Education,2,Low NW • Education
CUST203039,3657622.0,37.34,8964711.0,Wealth,1,High NW • Wealth (large goals)
CUST203040,500598.0,2.55,419554.0,Education,2,Low NW • Education
CUST203041,4111202.0,18.86,3757444.0,Retirement,3,Mid NW • Retirement
CUST203042,86459.0,25.35,2684583.0,Education,2,Low NW • Education
CUST203043,4530957.0,13.71,3849794.0,Education,2,Low NW • Education
CUST203044,4991504.0,19.47,2003691.0,Education,2,Low NW • Education
CUST203045,600249.0,11.85,1232944.0,Education,2,Low NW • Education
CUST203046,6349166.0,23.67,4713080.0,Retirement,3,Mid NW • Retirement
CUST203047,2750.0,1.85,575701.0,Emergency_Fund,2,Low NW • Education
CUST203048,19862467.0,36.08,5412705.0,Wealth,4,High NW • Wealth (modest goals)
CUST203049,13319000.0,30.08,28414683.0,Wealth,1,High NW • Wealth (large goals)
CUST203050,3094076.0,11.37,5650136.0,House,0,Mid NW • House
CUST203051,2230408.0,11.28,5331842.0,Retirement,3,Mid NW • Retirement
CUST203052,10066638.0,23.66,4550118.0,House,0,Mid NW • House
CUST203053,-135481.0,18.49,2850114.0,Education,2,Low NW • Education
CUST203054,1300734.0,14.33,3478689.0,House,0,Mid NW • House
CUST203055,434532.0,12.95,4940708.0,House,0,Mid NW • House
CUST203056,7757238.0,23.62,1482677.0,Retirement,3,Mid NW • Retirement
CUST203057,3121100.0,10.09,3486011.0,Retirement,3,Mid NW • Retirement
CUST203058,9376615.0,25.12,900924.0,Retirement,3,Mid NW • Retirement
CUST203059,24037716.0,37.26,2911349.0,Retirement,4,High NW • Wealth (modest goals)
CUST203060,2039666.0,10.26,4192503.0,Education,2,Low NW • Education
CUST203061,2220191.0,28.53,5576847.0,Retirement,3,Mid NW • Retirement
CUST203062,16164314.0,37.12,20309200.0,Retirement,1,High NW • Wealth (large goals)
CUST203063,6288201.0,20.56,5103679.0,House,0,Mid NW • House
CUST203064,8358172.0,25.69,2297386.0,House,0,Mid NW • House
CUST203065,-415745.0,22.1,1912626.0,Retirement,3,Mid NW • Retirement
CUST203066,33273413.0,35.57,7139643.0,Retirement,4,High NW • Wealth (modest goals)
CUST203067,2838067.0,21.76,3589960.0,Retirement,3,Mid NW • Retirement
CUST203068,54362937.0,59.42,16588798.0,Wealth,4,High NW • Wealth (modest goals)
CUST203069,780167.0,17.78,1701143.0,House,0,Mid NW • House
CUST203070,42882177.0,37.15,8361615.0,Wealth,4,High NW • Wealth (modest goals)
CUST203071,7122874.0,25.04,2174809.0,Retirement,3,Mid NW • Retirement
CUST203072,-592591.0,24.27,4362758.0,House,0,Mid NW • House
CUST203073,32490251.0,48.52,7255281.0,Wealth,4,High NW • Wealth (modest goals)
CUST203074,6299600.0,29.76,2229826.0,Education,2,Low NW • Education
CUST203075,6192534.0,24.39,4702611.0,Retirement,3,Mid NW • Retirement
CUST203076,2676375.0,20.7,3232831.0,Retirement,3,Mid NW • Retirement
CUST203077,1291364.0,15.67,3375492.0,House,0,Mid NW • House
CUST203078,59791.0,10.02,1093268.0,House,0,Mid NW • House
CUST203079,17003762.0,30.83,29691450.0,Retirement,1,High NW • Wealth (large goals)
CUST203080,345555.0,21.31,1744694.0,Retirement,3,Mid NW • Retirement
CUST203081,4355966.0,16.52,2642385.0,House,0,Mid NW • House
CUST203082,26609639.0,55.09,20546496.0,Wealth,1,High NW • Wealth (large goals)
CUST203083,851210.0,15.69,5261616.0,Retirement,3,Mid NW • Retirement
CUST203084,887784.0,11.67,4654784.0,Retirement,3,Mid NW • Retirement
CUST203085,16682906.0,34.28,4837625.0,Wealth,0,Mid NW • House
CUST203086,12279184.0,40.97,14492143.0,Retirement,1,High NW • Wealth (large goals)
CUST203087,1033970.0,22.13,559748.0,Education,2,Low NW • Education
CUST203088,5395670.0,25.76,4702705.0,Retirement,3,Mid NW • Retirement
CUST203089,-323994.0,15.77,1952952.0,House,0,Mid NW • House
CUST203090,16403599.0,42.57,16477175.0,Wealth,1,High NW • Wealth (large goals)
CUST203091,5484910.0,28.74,5431853.0,House,0,Mid NW • House
CUST203092,1637933.0,26.37,519588.0,House,0,Mid NW • House
CUST203093,11895977.0,24.31,2829502.0,House,0,Mid NW • House
CUST203094,-71129.0,2.05,161718.0,Emergency_Fund,2,Low NW • Education
CUST203095,35146517.0,30.83,16780048.0,Retirement,4,High NW • Wealth (modest goals)
CUST203096,1290318.0,11.54,4553231.0,Retirement,3,Mid NW • Retirement
CUST203097,8358024.0,11.95,3901271.0,Retirement,3,Mid NW • Retirement
CUST203098,6471943.0,19.54,3238809.0,Education,2,Low NW • Education
CUST203099,895579.0,16.35,4822796.0,Retirement,3,Mid NW • Retirement
CUST203100,4207955.0,21.82,5765702.0,Retirement,3,Mid NW • Retirement
CUST203101,1686856.0,27.13,5842226.0,House,0,Mid NW • House
CUST203102,157117.0,16.85,1183804.0,House,0,Mid NW • House
CUST203103,1268817.0,11.84,4596294.0,House,0,Mid NW • House
CUST203104,1187447.0,10.4,5241590.0,Retirement,3,Mid NW • Retirement
CUST203105,39901.0,17.29,2896760.0,Education,2,Low NW • Education
CUST203106,19328556.0,33.62,18098212.0,Retirement,1,High NW • Wealth (large goals)
CUST203107,8715807.0,25.0,2713269.0,House,0,Mid NW • House
CUST203108,2147831.0,14.3,1028818.0,Education,2,Low NW • Education
CUST203109,1111959.0,27.67,2548273.0,House,0,Mid NW • House
CUST203110,8094796.0,33.4,22383283.0,Wealth,1,High NW • Wealth (large goals)
CUST203111,9993936.0,29.16,1644800.0,Retirement,3,Mid NW • Retirement
CUST203112,46586688.0,50.73,5491474.0,Retirement,4,High NW • Wealth (modest goals)
CUST203113,1477888.0,16.06,1735687.0,Retirement,3,Mid NW • Retirement
CUST203114,4346748.0,25.92,3690974.0,Retirement,3,Mid NW • Retirement
CUST203115,1417117.0,19.32,3009147.0,House,0,Mid NW • House
CUST203116,3783958.0,21.6,3786150.0,Education,2,Low NW • Education
CUST203117,51522282.0,58.65,24876810.0,Retirement,4,High NW • Wealth (modest goals)
CUST203118,6832385.0,13.58,787076.0,House,0,Mid NW • House
CUST203119,4095066.0,22.99,3163065.0,Retirement,3,Mid NW • Retirement
CUST203120,3662006.0,12.77,2439369.0,House,0,Mid NW • House
CUST203121,3752488.0,16.0,3937826.0,Retirement,3,Mid NW • Retirement
CUST203122,8954969.0,50.49,8755321.0,Wealth,1,High NW • Wealth (large goals)
CUST203123,2907333.0,15.2,3703499.0,Retirement,3,Mid NW • Retirement
CUST203124,2373064.0,24.28,1845499.0,Education,2,Low NW • Education
CUST203125,4237965.0,21.56,1946292.0,Retirement,3,Mid NW • Retirement
CUST203126,4083992.0,21.85,1910814.0,House,0,Mid NW • House
CUST203127,25083398.0,37.91,12233284.0,Wealth,4,High NW • Wealth (modest goals)
CUST203128,3336022.0,29.72,5550579.0,House,0,Mid NW • House
CUST203129,3084177.0,27.05,4485066.0,Education,2,Low NW • Education
CUST203130,2916867.0,22.58,3403549.0,House,0,Mid NW • House
CUST203131,3799291.0,18.11,2934222.0,Retirement,3,Mid NW • Retirement
CUST203132,5955789.0,23.83,3646776.0,House,0,Mid NW • House
CUST203133,3993954.0,17.28,643148.0,Retirement,3,Mid NW • Retirement
CUST203134,2190024.0,18.14,3554886.0,House,0,Mid NW • House
CUST203135,8129314.0,16.36,3689430.0,House,0,Mid NW • House
CUST203136,2264678.0,21.39,3375804.0,Retirement,3,Mid NW • Retirement
CUST203137,652661.0,10.85,5285092.0,Retirement,3,Mid NW • Retirement
CUST203138,190728.0,5.2,92227.0,Education,2,Low NW • Education
CUST203139,8316250.0,21.46,1318370.0,Retirement,3,Mid NW • Retirement
CUST203140,910959.0,41.11,2022300.0,Wealth,0,Mid NW • House
CUST203141,94439.0,22.37,3623247.0,House,0,Mid NW • House
CUST203142,3716933.0,42.68,22489677.0,Wealth,1,High NW • Wealth (large goals)
CUST203143,9493358.0,18.04,5476896.0,Education,2,Low NW • Education
CUST203144,12112037.0,28.0,5932884.0,Retirement,3,Mid NW • Retirement
CUST203145,-285125.0,20.95,3798548.0,House,0,Mid NW • House
CUST203146,2379609.0,11.9,1821225.0,House,0,Mid NW • House
CUST203147,2516801.0,10.58,3449583.0,House,0,Mid NW • House
CUST203148,19295563.0,52.99,8873774.0,Wealth,4,High NW • Wealth (modest goals)
CUST203149,1632158.0,12.75,5390907.0,Education,2,Low NW • Education
CUST203150,19848401.0,32.09,28201002.0,House,1,High NW • Wealth (large goals)
CUST203151,5240676.0,16.68,2937912.0,House,0,Mid NW • House
CUST203152,3496614.0,28.33,1230345.0,Education,2,Low NW • Education
CUST203153,3864326.0,32.39,9182293.0,Wealth,0,Mid NW • House
CUST203154,12197448.0,20.21,3668036.0,House,0,Mid NW • House
CUST203155,3851684.0,27.98,648581.0,Retirement,3,Mid NW • Retirement
CUST203156,8580724.0,20.92,2070540.0,Education,2,Low NW • Education
CUST203157,1313047.0,14.28,1890027.0,Retirement,3,Mid NW • Retirement
CUST203158,6072875.0,28.36,3580406.0,Retirement,3,Mid NW • Retirement
CUST203159,1490683.0,12.38,3052967.0,Retirement,3,Mid NW • Retirement
CUST203160,3895358.0,46.35,4980085.0,House,0,Mid NW • House
CUST203161,2372526.0,13.49,3291136.0,Education,2,Low NW • Education
CUST203162,6089954.0,27.0,2322764.0,Retirement,3,Mid NW • Retirement
CUST203163,2478610.0,16.34,4840969.0,Retirement,3,Mid NW • Retirement
CUST203164,1567283.0,10.35,3277299.0,House,0,Mid NW • House
CUST203165,14409742.0,32.62,20236123.0,Retirement,1,High NW • Wealth (large goals)
CUST203166,53432934.0,53.7,18451112.0,Retirement,4,High NW • Wealth (modest goals)
CUST203167,4731857.0,13.11,5625767.0,Education,2,Low NW • Education
CUST203168,13333648.0,40.11,11479948.0,House,1,High NW • Wealth (large goals)
CUST203169,2627821.0,13.12,5156062.0,Retirement,3,Mid NW • Retirement
CUST203170,875851.0,19.26,2424588.0,Education,2,Low NW • Education
CUST203171,5305686.0,26.35,1970149.0,Retirement,3,Mid NW • Retirement
CUST203172,2705974.0,22.7,3032256.0,House,0,Mid NW • House
CUST203173,9897797.0,24.72,1244605.0,Retirement,3,Mid NW • Retirement
CUST203174,6128803.0,23.72,5555712.0,Retirement,3,Mid NW • Retirement
CUST203175,15453812.0,36.79,26468730.0,Wealth,1,High NW • Wealth (large goals)
CUST203176,3110694.0,28.84,1342962.0,Education,2,Low NW • Education
CUST203177,3111793.0,22.64,5113474.0,House,0,Mid NW • House
CUST203178,1461979.0,25.03,4139118.0,House,0,Mid NW • House
CUST203179,586232.0,12.46,5100497.0,Education,2,Low NW • Education
CUST203180,10649844.0,36.04,25473727.0,Retirement,1,High NW • Wealth (large goals)
CUST203181,5431547.0,10.68,5024616.0,Education,2,Low NW • Education
CUST203182,-51049.0,17.29,1636537.0,House,0,Mid NW • House
CUST203183,12259025.0,33.77,20232276.0,House,1,High NW • Wealth (large goals)
CUST203184,-313927.0,15.92,5530145.0,Retirement,3,Mid NW • Retirement
CUST203185,5583415.0,16.46,4955438.0,House,0,Mid NW • House
CUST203186,13023632.0,19.74,2678713.0,House,0,Mid NW • House
CUST203187,336671.0,16.41,3948243.0,House,0,Mid NW • House
CUST203188,1373585.0,19.35,1323485.0,Retirement,3,Mid NW • Retirement
CUST203189,2012901.0,18.43,3228808.0,Education,2,Low NW • Education
CUST203190,660945.0,24.3,4907943.0,House,0,Mid NW • House
CUST203191,4270469.0,27.06,1661480.0,House,0,Mid NW • House
CUST203192,11375424.0,25.55,1933061.0,Retirement,3,Mid NW • Retirement
CUST203193,16634.0,26.94,2040282.0,House,0,Mid NW • House
CUST203194,945676.0,23.08,639758.0,Retirement,3,Mid NW • Retirement
CUST203195,8230711.0,46.3,3452247.0,Retirement,3,Mid NW • Retirement
CUST203196,437617.0,15.8,5648518.0,Education,2,Low NW • Education
CUST203197,3054870.0,12.25,3710420.0,House,0,Mid NW • House
CUST203198,-235571.0,15.89,3510590.0,Retirement,3,Mid NW • Retirement
CUST203199,8499265.0,17.54,4523960.0,Retirement,3,Mid NW • Retirement
CUST203200,3792991.0,27.73,5649400.0,Retirement,3,Mid NW • Retirement
CUST203201,6523924.0,18.16,1705732.0,Retirement,3,Mid NW • Retirement
CUST203202,1643439.0,13.45,5976917.0,House,0,Mid NW • House
CUST203203,42344.0,4.84,350478.0,Emergency_Fund,2,Low NW • Education
CUST203204,939289.0,28.77,542473.0,House,0,Mid NW • House
CUST203205,13494504.0,25.89,1311651.0,House,0,Mid NW • House
CUST203206,15840339.0,28.59,5425499.0,House,0,Mid NW • House
CUST203207,5756120.0,18.51,2175550.0,Retirement,3,Mid NW • Retirement
CUST203208,37188432.0,41.68,19415322.0,House,4,High NW • Wealth (modest goals)
CUST203209,3703020.0,12.94,5478531.0,Retirement,3,Mid NW • Retirement
CUST203210,1320335.0,27.95,3184884.0,House,0,Mid NW • House
CUST203211,2247041.0,13.02,4732067.0,House,0,Mid NW • House
CUST203212,4038522.0,25.84,1198945.0,Retirement,3,Mid NW • Retirement
CUST203213,-72307.0,11.9,2645528.0,Education,2,Low NW • Education
CUST203214,4389546.0,25.92,2206280.0,Retirement,3,Mid NW • Retirement
CUST203215,-204448.0,2.22,342065.0,Education,2,Low NW • Education
CUST203216,1170998.0,14.01,5210012.0,Retirement,3,Mid NW • Retirement
CUST203217,164172.0,19.08,3406603.0,House,0,Mid NW • House
CUST203218,44174.0,21.61,2508537.0,Education,2,Low NW • Education
CUST203219,166705.0,26.91,3396029.0,House,0,Mid NW • House
CUST203220,42119.0,7.5,123972.0,Emergency_Fund,2,Low NW • Education
CUST203221,5651462.0,20.19,5280154.0,House,0,Mid NW • House
CUST203222,4152191.0,19.42,4470240.0,Retirement,3,Mid NW • Retirement
CUST203223,5193585.0,26.03,2202698.0,Education,2,Low NW • Education
CUST203224,764771.0,10.87,4009517.0,House,0,Mid NW • House
CUST203225,7555586.0,22.13,5326965.0,House,0,Mid NW • House
CUST203226,168395.0,16.24,2157548.0,Retirement,3,Mid NW • Retirement
CUST203227,26793636.0,45.9,28151196.0,Wealth,1,High NW • Wealth (large goals)
CUST203228,-126269.0,19.36,1052954.0,Education,2,Low NW • Education
CUST203229,204435.0,25.43,1334971.0,Education,2,Low NW • Education
CUST203230,3984413.0,28.18,2879447.0,House,0,Mid NW • House
CUST203231,5906668.0,25.22,5269474.0,Retirement,3,Mid NW • Retirement
CUST203232,551719.0,10.36,1142272.0,House,0,Mid NW • House
CUST203233,5404484.0,28.74,1446253.0,Retirement,3,Mid NW • Retirement
CUST203234,9062130.0,26.36,1487261.0,Retirement,3,Mid NW • Retirement
CUST203235,658165.0,26.43,3121560.0,Retirement,3,Mid NW • Retirement
CUST203236,4128884.0,10.0,4293059.0,Retirement,3,Mid NW • Retirement
CUST203237,2128589.0,10.49,1290401.0,Retirement,3,Mid NW • Retirement
CUST203238,54963261.0,53.0,4525084.0,Retirement,4,High NW • Wealth (modest goals)
CUST203239,629534.0,33.13,10961916.0,Wealth,1,High NW • Wealth (large goals)
CUST203240,3486857.0,19.79,4314083.0,House,0,Mid NW • House
CUST203241,11710161.0,39.69,13976894.0,Retirement,1,High NW • Wealth (large goals)
CUST203242,-143161.0,17.52,3211078.0,Retirement,3,Mid NW • Retirement
CUST203243,80593.0,15.24,5218555.0,House,0,Mid NW • House
CUST203244,52293417.0,58.68,20129905.0,Wealth,4,High NW • Wealth (modest goals)
CUST203245,42715273.0,50.21,13610271.0,Retirement,4,High NW • Wealth (modest goals)
CUST203246,-581363.0,10.39,3435469.0,House,0,Mid NW • House
CUST203247,-110504.0,6.54,59126.0,Emergency_Fund,2,Low NW • Education
CUST203248,16140499.0,24.98,3470555.0,Retirement,3,Mid NW • Retirement
CUST203249,20256613.0,31.15,9963507.0,Retirement,1,High NW • Wealth (large goals)
CUST203250,953320.0,12.13,3409033.0,Retirement,3,Mid NW • Retirement
CUST203251,30503476.0,40.99,11637040.0,Wealth,4,High NW • Wealth (modest goals)
CUST203252,13522575.0,30.43,28160679.0,Retirement,1,High NW • Wealth (large goals)
CUST203253,21236390.0,32.69,29849874.0,Wealth,1,High NW • Wealth (large goals)
CUST203254,39005645.0,53.37,6687389.0,House,4,High NW • Wealth (modest goals)
CUST203255,46679704.0,50.24,16762274.0,Wealth,4,High NW • Wealth (modest goals)
CUST203256,7269677.0,12.87,4249025.0,House,0,Mid NW • House
CUST203257,3657794.0,21.15,632836.0,Retirement,3,Mid NW • Retirement
CUST203258,1839639.0,22.48,3258356.0,Retirement,3,Mid NW • Retirement
CUST203259,1718202.0,27.64,3146608.0,House,0,Mid NW • House
CUST203260,356842.0,5.17,196653.0,Education,2,Low NW • Education
CUST203261,28484682.0,52.26,3751590.0,Wealth,4,High NW • Wealth (modest goals)
CUST203262,4223732.0,17.46,3612767.0,Retirement,3,Mid NW • Retirement
CUST203263,4702380.0,15.5,4430800.0,House,0,Mid NW • House
CUST203264,22270849.0,58.22,4729647.0,Wealth,4,High NW • Wealth (modest goals)
CUST203265,5394645.0,20.06,5589838.0,House,0,Mid NW • House
CUST203266,5861439.0,18.18,1367365.0,House,0,Mid NW • House
CUST203267,23972232.0,40.5,15292343.0,Wealth,1,High NW • Wealth (large goals)
CUST203268,6551520.0,18.01,4548039.0,Retirement,3,Mid NW • Retirement
CUST203269,1815177.0,20.61,5885260.0,House,0,Mid NW • House
CUST203270,6979.0,12.27,2887313.0,Retirement,3,Mid NW • Retirement
CUST203271,2349447.0,15.24,2218439.0,House,0,Mid NW • House
CUST203272,3856422.0,21.4,2813546.0,Education,2,Low NW • Education
CUST203273,-220433.0,27.74,4295374.0,House,0,Mid NW • House
CUST203274,707325.0,21.68,5621263.0,Retirement,3,Mid NW • Retirement
CUST203275,363389.0,15.9,625289.0,House,0,Mid NW • House
CUST203276,5976915.0,14.81,4626460.0,House,0,Mid NW • House
CUST203277,22196892.0,56.13,18213950.0,Retirement,1,High NW • Wealth (large goals)
CUST203278,2949576.0,13.8,5735417.0,Education,2,Low NW • Education
CUST203279,1550429.0,22.96,4727000.0,Retirement,3,Mid NW • Retirement
CUST203280,8707473.0,14.81,5622632.0,House,0,Mid NW • House
CUST203281,274597.0,24.13,3155556.0,House,0,Mid NW • House
CUST203282,4508183.0,24.02,3266399.0,Retirement,3,Mid NW • Retirement
CUST203283,547135.0,11.36,5583847.0,Retirement,3,Mid NW • Retirement
CUST203284,2357289.0,12.7,3838132.0,House,0,Mid NW • House
CUST203285,-479767.0,8.69,398272.0,Emergency_Fund,2,Low NW • Education
CUST203286,21405.0,8.91,251856.0,Emergency_Fund,2,Low NW • Education
CUST203287,805778.0,23.78,5307296.0,Retirement,3,Mid NW • Retirement
CUST203288,304979.0,10.46,925398.0,Retirement,3,Mid NW • Retirement
CUST203289,28948707.0,30.89,4518606.0,Wealth,4,High NW • Wealth (modest goals)
CUST203290,809068.0,13.17,3164677.0,Retirement,3,Mid NW • Retirement
CUST203291,-254932.0,28.47,2378737.0,Retirement,3,Mid NW • Retirement
CUST203292,11158404.0,39.46,27767193.0,Retirement,1,High NW • Wealth (large goals)
CUST203293,46064652.0,51.61,26131458.0,Retirement,4,High NW • Wealth (modest goals)
CUST203294,1024778.0,11.69,569811.0,Retirement,3,Mid NW • Retirement
CUST203295,42044303.0,37.04,8907067.0,Wealth,4,High NW • Wealth (modest goals)
CUST203296,1923902.0,17.96,2803185.0,Retirement,3,Mid NW • Retirement
CUST203297,12805423.0,28.29,1631641.0,Education,2,Low NW • Education
CUST203298,1104955.0,26.28,3903759.0,Retirement,3,Mid NW • Retirement
CUST203299,4772485.0,22.77,780510.0,House,0,Mid NW • House
CUST203300,5165183.0,46.13,7991150.0,House,0,Mid NW • House
CUST203301,47792461.0,58.05,2431591.0,Wealth,4,High NW • Wealth (modest goals)
CUST203302,937729.0,27.62,2567193.0,Education,2,Low NW • Education
CUST203303,151445.0,2.95,321236.0,Emergency_Fund,2,Low NW • Education
CUST203304,7617250.0,14.09,2709293.0,House,0,Mid NW • House
CUST203305,22976688.0,31.31,16241842.0,Wealth,1,High NW • Wealth (large goals)
CUST203306,4935034.0,15.38,1315740.0,Education,2,Low NW • Education
CUST203307,44928656.0,49.69,19770438.0,Wealth,4,High NW • Wealth (modest goals)
CUST203308,5784498.0,13.88,764442.0,House,0,Mid NW • House
CUST203309,5460258.0,27.59,1127483.0,Retirement,3,Mid NW • Retirement
CUST203310,370429.0,5.64,89433.0,Emergency_Fund,2,Low NW • Education
CUST203311,2329726.0,13.3,5863942.0,Retirement,3,Mid NW • Retirement
CUST203312,85030.0,12.23,3528455.0,House,0,Mid NW • House
CUST203313,50319.0,14.4,3945570.0,Education,2,Low NW • Education
CUST203314,8613254.0,21.35,679561.0,House,0,Mid NW • House
CUST203315,1730482.0,14.81,679544.0,Retirement,3,Mid NW • Retirement
CUST203316,47446585.0,57.22,12763922.0,Wealth,4,High NW • Wealth (modest goals)
CUST203317,1307449.0,26.37,871865.0,Retirement,3,Mid NW • Retirement
CUST203318,1252359.0,10.2,1563931.0,Education,2,Low NW • Education
CUST203319,4455874.0,28.22,3254695.0,House,0,Mid NW • House
CUST203320,5992211.0,23.36,2747049.0,House,0,Mid NW • House
CUST203321,2557551.0,18.91,4660743.0,Retirement,3,Mid NW • Retirement
CUST203322,1800047.0,20.36,5411240.0,House,0,Mid NW • House
CUST203323,4961568.0,15.2,2873732.0,House,0,Mid NW • House
CUST203324,-255357.0,5.9,589421.0,Emergency_Fund,2,Low NW • Education
CUST203325,47540789.0,54.47,18156588.0,Wealth,4,High NW • Wealth (modest goals)
CUST203326,33387218.0,45.62,16972673.0,Wealth,4,High NW • Wealth (modest goals)
CUST203327,21111861.0,27.59,4381265.0,Retirement,3,Mid NW • Retirement
CUST203328,10485742.0,17.7,2807312.0,Retirement,3,Mid NW • Retirement
CUST203329,-95254.0,2.48,542959.0,Education,2,Low NW • Education
CUST203330,654758.0,13.31,4421158.0,Retirement,3,Mid NW • Retirement
CUST203331,28512939.0,46.97,7647241.0,Wealth,4,High NW • Wealth (modest goals)
CUST203332,3083608.0,16.94,3278359.0,House,0,Mid NW • House
CUST203333,41957400.0,51.68,7866055.0,Wealth,4,High NW • Wealth (modest goals)
CUST203334,4208257.0,17.82,3646359.0,Education,2,Low NW • Education
CUST203335,2501704.0,28.17,3289876.0,Education,2,Low NW • Education
CUST203336,2023590.0,19.02,1566378.0,Education,2,Low NW • Education
CUST203337,1085244.0,16.91,3083255.0,Retirement,3,Mid NW • Retirement
CUST203338,7465196.0,15.22,5282876.0,House,0,Mid NW • House
CUST203339,3418010.0,16.13,5584890.0,House,0,Mid NW • House
CUST203340,7118137.0,28.66,2958771.0,Education,2,Low NW • Education
CUST203341,54160896.0,39.62,13078278.0,House,4,High NW • Wealth (modest goals)
CUST203342,927523.0,19.05,5928586.0,Retirement,3,Mid NW • Retirement
CUST203343,2756381.0,16.89,4856189.0,House,0,Mid NW • House
CUST203344,52507045.0,48.25,11599935.0,House,4,High NW • Wealth (modest goals)
CUST203345,12193928.0,19.54,1314147.0,House,0,Mid NW • House
CUST203346,-583255.0,25.93,1100078.0,Retirement,3,Mid NW • Retirement
CUST203347,10751816.0,21.71,5983731.0,Retirement,3,Mid NW • Retirement
CUST203348,3298578.0,20.85,2777464.0,Retirement,3,Mid NW • Retirement
CUST203349,656188.0,10.71,758799.0,Retirement,3,Mid NW • Retirement
CUST203350,2900870.0,24.59,4649167.0,Retirement,3,Mid NW • Retirement
CUST203351,13803479.0,42.86,4286038.0,House,0,Mid NW • House
CUST203352,5131116.0,16.69,620753.0,House,0,Mid NW • House
CUST203353,9587665.0,19.95,2272334.0,House,0,Mid NW • House
CUST203354,479878.0,14.95,5328931.0,Education,2,Low NW • Education
CUST203355,46805339.0,46.06,20160104.0,Retirement,4,High NW • Wealth (modest goals)
CUST203356,150966.0,2.93,55797.0,Emergency_Fund,2,Low NW • Education
CUST203357,7942025.0,29.67,1089773.0,House,0,Mid NW • House
CUST203358,1526268.0,21.23,4501998.0,Education,2,Low NW • Education
CUST203359,4756726.0,14.54,3936243.0,House,0,Mid NW • House
CUST203360,27698167.0,39.88,25506745.0,Retirement,1,High NW • Wealth (large goals)
CUST203361,4098990.0,29.73,2935014.0,House,0,Mid NW • House
CUST203362,3653657.0,17.03,678786.0,House,0,Mid NW • House
CUST203363,660724.0,18.85,1921698.0,House,0,Mid NW • House
CUST203364,11384520.0,29.65,789475.0,Retirement,3,Mid NW • Retirement
CUST203365,2333628.0,17.58,3154382.0,Retirement,3,Mid NW • Retirement
CUST203366,515763.0,8.5,213919.0,Education,2,Low NW • Education
CUST203367,4298650.0,29.9,3752780.0,House,0,Mid NW • House
CUST203368,1497288.0,13.49,1742667.0,Retirement,3,Mid NW • Retirement
CUST203369,78554.0,2.01,78947.0,Emergency_Fund,2,Low NW • Education
CUST203370,28907081.0,56.82,29103765.0,Wealth,1,High NW • Wealth (large goals)
CUST203371,-125961.0,25.61,3027877.0,House,0,Mid NW • House
CUST203372,14659765.0,58.41,28149960.0,Retirement,1,High NW • Wealth (large goals)
CUST203373,2223959.0,13.94,599989.0,House,0,Mid NW • House
CUST203374,6772515.0,25.02,5422926.0,Retirement,3,Mid NW • Retirement
CUST203375,32748980.0,54.38,9040744.0,Retirement,4,High NW • Wealth (modest goals)
CUST203376,1449629.0,10.04,4166876.0,Retirement,3,Mid NW • Retirement
CUST203377,1795759.0,11.71,4261488.0,Retirement,3,Mid NW • Retirement
CUST203378,2318926.0,32.99,26956718.0,Retirement,1,High NW • Wealth (large goals)
CUST203379,1217992.0,23.41,1082179.0,House,0,Mid NW • House
CUST203380,5504144.0,24.38,3433142.0,Education,2,Low NW • Education
CUST203381,21814764.0,49.04,11667738.0,Wealth,4,High NW • Wealth (modest goals)
CUST203382,4552340.0,12.42,785278.0,Retirement,3,Mid NW • Retirement
CUST203383,306803.0,51.73,12196162.0,Wealth,1,High NW • Wealth (large goals)
CUST203384,-81059.0,7.8,538661.0,Emergency_Fund,2,Low NW • Education
CUST203385,-209444.0,14.39,2348316.0,Retirement,3,Mid NW • Retirement
CUST203386,2324285.0,25.57,2431524.0,House,0,Mid NW • House
CUST203387,21013907.0,49.93,18045069.0,Wealth,1,High NW • Wealth (large goals)
CUST203388,6343105.0,27.09,1363417.0,House,0,Mid NW • House
CUST203389,7480503.0,16.94,4755220.0,House,0,Mid NW • House
CUST203390,1138707.0,16.68,3686074.0,Education,2,Low NW • Education
CUST203391,1404499.0,21.49,1470034.0,House,0,Mid NW • House
CUST203392,915272.0,28.51,3571721.0,Retirement,3,Mid NW • Retirement
CUST203393,54779301.0,52.75,25209079.0,Retirement,4,High NW • Wealth (modest goals)
CUST203394,10707301.0,26.86,4002668.0,Education,2,Low NW • Education
CUST203395,5698641.0,21.33,5429321.0,Education,2,Low NW • Education
CUST203396,2273895.0,20.0,4506961.0,House,0,Mid NW • House
CUST203397,13294466.0,30.32,15306575.0,Wealth,1,High NW • Wealth (large goals)
CUST203398,25690630.0,40.41,11180578.0,Wealth,4,High NW • Wealth (modest goals)
CUST203399,54226546.0,41.48,15235048.0,Retirement,4,High NW • Wealth (modest goals)
CUST203400,10583919.0,21.75,5557262.0,House,0,Mid NW • House
CUST203401,-754290.0,19.89,2253265.0,House,0,Mid NW • House
CUST203402,4125949.0,29.05,2754068.0,House,0,Mid NW • House
CUST203403,246410.0,4.5,226284.0,Emergency_Fund,2,Low NW • Education
CUST203404,4913705.0,24.29,716698.0,House,0,Mid NW • House
CUST203405,1310160.0,29.67,5789371.0,Retirement,3,Mid NW • Retirement
CUST203406,42918403.0,38.05,10630593.0,Wealth,4,High NW • Wealth (modest goals)
CUST203407,-277291.0,58.56,22137270.0,Wealth,1,High NW • Wealth (large goals)
CUST203408,1637419.0,11.05,1221130.0,Retirement,3,Mid NW • Retirement
CUST203409,8696833.0,37.11,22243284.0,Retirement,1,High NW • Wealth (large goals)
CUST203410,11440524.0,53.17,18415981.0,Retirement,1,High NW • Wealth (large goals)
CUST203411,7162685.0,23.39,2404281.0,Retirement,3,Mid NW • Retirement
CUST203412,2521046.0,10.0,3534910.0,Retirement,3,Mid NW • Retirement
CUST203413,726869.0,10.75,3290632.0,House,0,Mid NW • House
CUST203414,-79013.0,2.65,559108.0,Emergency_Fund,2,Low NW • Education
CUST203415,1533643.0,10.2,2150075.0,Retirement,3,Mid NW • Retirement
CUST203416,1192945.0,23.86,886508.0,Education,2,Low NW • Education
CUST203417,5279220.0,23.72,1214739.0,House,0,Mid NW • House
CUST203418,25044413.0,33.78,9760838.0,Retirement,4,High NW • Wealth (modest goals)
CUST203419,5285873.0,22.84,4016426.0,Education,2,Low NW • Education
CUST203420,63179.0,20.39,5661594.0,House,0,Mid NW • House
CUST203421,56744.0,4.36,258814.0,Emergency_Fund,2,Low NW • Education
CUST203422,20605670.0,45.19,27293697.0,Wealth,1,High NW • Wealth (large goals)
CUST203423,26009519.0,39.19,29409511.0,Wealth,1,High NW • Wealth (large goals)
CUST203424,2376036.0,23.9,2521221.0,Retirement,3,Mid NW • Retirement
CUST203425,3621006.0,27.34,4217055.0,Education,2,Low NW • Education
CUST203426,4068842.0,26.58,976999.0,Education,2,Low NW • Education
CUST203427,4116005.0,28.48,3778933.0,Retirement,3,Mid NW • Retirement
CUST203428,383274.0,16.05,5093317.0,Retirement,3,Mid NW • Retirement
CUST203429,704237.0,14.21,5717667.0,House,0,Mid NW • House
CUST203430,38831614.0,59.84,11175419.0,Wealth,4,High NW • Wealth (modest goals)
CUST203431,1264072.0,27.49,2315895.0,Retirement,3,Mid NW • Retirement
CUST203432,-408726.0,21.42,1235857.0,Retirement,3,Mid NW • Retirement
CUST203433,15267423.0,48.66,29687149.0,Retirement,1,High NW • Wealth (large goals)
CUST203434,25654269.0,41.61,10150775.0,House,4,High NW • Wealth (modest goals)
CUST203435,1607560.0,13.7,1117127.0,Retirement,3,Mid NW • Retirement
CUST203436,3451093.0,17.28,4219338.0,Retirement,3,Mid NW • Retirement
CUST203437,6443139.0,18.24,2589487.0,Retirement,3,Mid NW • Retirement
CUST203438,3299061.0,29.17,5598588.0,Retirement,3,Mid NW • Retirement
CUST203439,141838.0,11.97,3014546.0,Retirement,3,Mid NW • Retirement
CUST203440,9153671.0,21.71,5906930.0,Retirement,3,Mid NW • Retirement
CUST203441,5490324.0,29.02,1301173.0,House,0,Mid NW • House
CUST203442,2654877.0,21.07,4001359.0,Retirement,3,Mid NW • Retirement
CUST203443,18498196.0,40.96,22430920.0,Retirement,1,High NW • Wealth (large goals)
CUST203444,-619999.0,18.39,2261425.0,Retirement,3,Mid NW • Retirement
CUST203445,10053333.0,31.72,23257344.0,Wealth,1,High NW • Wealth (large goals)
CUST203446,4908870.0,26.83,3937685.0,Education,2,Low NW • Education
CUST203447,6077371.0,43.09,4878246.0,House,0,Mid NW • House
CUST203448,8843981.0,20.63,1740437.0,House,0,Mid NW • House
CUST203449,863635.0,17.73,2384197.0,Retirement,3,Mid NW • Retirement
CUST203450,6849154.0,20.52,5655476.0,House,0,Mid NW • House
CUST203451,1080174.0,13.61,4536296.0,House,0,Mid NW • House
CUST203452,32597.0,19.21,5103670.0,House,0,Mid NW • House
CUST203453,1697354.0,18.1,4107231.0,Retirement,3,Mid NW • Retirement
CUST203454,3109220.0,18.13,602231.0,House,0,Mid NW • House
CUST203455,2084501.0,25.61,1518263.0,Retirement,3,Mid NW • Retirement
CUST203456,3964970.0,25.51,4665538.0,Retirement,3,Mid NW • Retirement
CUST203457,32446524.0,32.98,12909952.0,Wealth,4,High NW • Wealth (modest goals)
CUST203458,5765638.0,28.48,4305925.0,House,0,Mid NW • House
CUST203459,506951.0,11.1,615649.0,Retirement,3,Mid NW • Retirement
CUST203460,2135746.0,12.56,3060401.0,House,0,Mid NW • House
CUST203461,11107040.0,23.8,5915206.0,Retirement,3,Mid NW • Retirement
CUST203462,47220516.0,56.19,20471011.0,Wealth,4,High NW • Wealth (modest goals)
CUST203463,911064.0,21.64,2680015.0,Retirement,3,Mid NW • Retirement
CUST203464,2765340.0,10.95,3514210.0,Education,2,Low NW • Education
CUST203465,900619.0,10.44,3571306.0,House,0,Mid NW • House
CUST203466,7200432.0,26.53,4194743.0,Retirement,3,Mid NW • Retirement
CUST203467,30387555.0,49.02,11831557.0,Wealth,4,High NW • Wealth (modest goals)
CUST203468,3421184.0,29.94,1852079.0,House,0,Mid NW • House
CUST203469,6162039.0,15.4,5627676.0,Education,2,Low NW • Education
CUST203470,2471170.0,27.59,5516638.0,Education,2,Low NW • Education
CUST203471,963211.0,22.8,2413087.0,Education,2,Low NW • Education
CUST203472,60903929.0,52.56,16047191.0,Wealth,4,High NW • Wealth (modest goals)
CUST203473,2566543.0,15.7,1505303.0,Retirement,3,Mid NW • Retirement
CUST203474,10643617.0,26.15,4322765.0,Retirement,3,Mid NW • Retirement
CUST203475,3791081.0,27.04,2995639.0,Retirement,3,Mid NW • Retirement
CUST203476,358485.0,26.45,5481844.0,Retirement,3,Mid NW • Retirement
CUST203477,5051245.0,40.34,4966300.0,Retirement,3,Mid NW • Retirement
CUST203478,3990577.0,15.8,2718678.0,House,0,Mid NW • House
CUST203479,2250849.0,27.51,2038895.0,House,0,Mid NW • House
CUST203480,7892184.0,29.76,5555313.0,Retirement,3,Mid NW • Retirement
CUST203481,46257.0,11.05,5607095.0,Retirement,3,Mid NW • Retirement
CUST203482,26412784.0,48.48,2576925.0,Retirement,4,High NW • Wealth (modest goals)
CUST203483,63852.0,6.04,400783.0,Emergency_Fund,2,Low NW • Education
CUST203484,56494527.0,52.73,7499288.0,Retirement,4,High NW • Wealth (modest goals)
CUST203485,17292108.0,31.43,24870255.0,Wealth,1,High NW • Wealth (large goals)
CUST203486,806661.0,18.72,3039010.0,House,0,Mid NW • House
CUST203487,7984492.0,19.28,1184613.0,Retirement,3,Mid NW • Retirement
CUST203488,5682177.0,29.05,2333616.0,House,0,Mid NW • House
CUST203489,21830525.0,59.31,4559763.0,Retirement,4,High NW • Wealth (modest goals)
CUST203490,34372.0,10.93,4797927.0,House,0,Mid NW • House
CUST203491,174495.0,25.72,1492190.0,House,0,Mid NW • House
CUST203492,3072857.0,25.94,1904111.0,Retirement,3,Mid NW • Retirement
CUST203493,19461016.0,59.21,7167118.0,Wealth,4,High NW • Wealth (modest goals)
CUST203494,963435.0,11.35,5714572.0,House,0,Mid NW • House
CUST203495,9433956.0,23.85,5977717.0,Retirement,3,Mid NW • Retirement
CUST203496,6152432.0,23.31,5597382.0,Education,2,Low NW • Education
CUST203497,5186131.0,29.77,696089.0,Retirement,3,Mid NW • Retirement
CUST203498,3652909.0,29.83,743333.0,House,0,Mid NW • House
CUST203499,-474976.0,22.05,2877753.0,Education,2,Low NW • Education
CUST203500,381699.0,13.38,3837590.0,House,0,Mid NW • House
CUST203501,4234951.0,13.4,2228536.0,House,0,Mid NW • House
CUST203502,24684497.0,38.73,29797752.0,Retirement,1,High NW • Wealth (large goals)
CUST203503,2129251.0,15.52,5259485.0,Education,2,Low NW • Education
CUST203504,-208305.0,17.28,2683102.0,House,0,Mid NW • House
CUST203505,135223.0,27.38,3769602.0,Retirement,3,Mid NW • Retirement
CUST203506,24583193.0,40.5,17265487.0,Wealth,1,High NW • Wealth (large goals)
CUST203507,3530929.0,12.25,769847.0,House,0,Mid NW • House
CUST203508,13394522.0,30.34,17441326.0,Retirement,1,High NW • Wealth (large goals)
CUST203509,226298.0,8.5,358152.0,Education,2,Low NW • Education
CUST203510,28206720.0,46.76,5509743.0,Wealth,4,High NW • Wealth (modest goals)
CUST203511,123872.0,24.19,5620603.0,Retirement,3,Mid NW • Retirement
CUST203512,941403.0,19.61,1073997.0,Retirement,3,Mid NW • Retirement
CUST203513,2501368.0,13.89,4263489.0,Retirement,3,Mid NW • Retirement
CUST203514,4385574.0,20.89,5370088.0,Education,2,Low NW • Education
CUST203515,24921416.0,43.3,27638552.0,House,1,High NW • Wealth (large goals)
CUST203516,3498251.0,13.88,4044989.0,Retirement,3,Mid NW • Retirement
CUST203517,13918298.0,45.54,8279628.0,Wealth,1,High NW • Wealth (large goals)
CUST203518,46862370.0,48.05,7618212.0,Wealth,4,High NW • Wealth (modest goals)
CUST203519,1272264.0,11.65,3312754.0,House,0,Mid NW • House
CUST203520,10345187.0,18.62,5924566.0,Retirement,3,Mid NW • Retirement
CUST203521,52150449.0,53.22,15834632.0,Retirement,4,High NW • Wealth (modest goals)
CUST203522,-2512.0,19.67,1305739.0,Education,2,Low NW • Education
CUST203523,693834.0,10.53,4040470.0,Retirement,3,Mid NW • Retirement
CUST203524,2970445.0,19.99,2719816.0,Education,2,Low NW • Education
CUST203525,3043389.0,19.76,3782555.0,Retirement,3,Mid NW • Retirement
CUST203526,1066304.0,12.17,4911642.0,House,0,Mid NW • House
CUST203527,124676.0,21.12,3042264.0,House,0,Mid NW • House
CUST203528,9084549.0,21.5,5782543.0,Education,2,Low NW • Education
CUST203529,21618.0,15.11,5544506.0,Retirement,3,Mid NW • Retirement
CUST203530,4427367.0,23.94,1109418.0,Education,2,Low NW • Education
CUST203531,14752099.0,27.56,4565212.0,House,0,Mid NW • House
CUST203532,805256.0,8.34,413583.0,Emergency_Fund,2,Low NW • Education
CUST203533,1676965.0,14.5,2243931.0,House,0,Mid NW • House
CUST203534,69997034.0,57.18,29744197.0,Retirement,4,High NW • Wealth (modest goals)
CUST203535,1285544.0,11.84,5887947.0,House,0,Mid NW • House
CUST203536,2256831.0,21.46,4435664.0,Education,2,Low NW • Education
CUST203537,1804031.0,24.62,1656421.0,Retirement,3,Mid NW • Retirement
CUST203538,-347930.0,20.24,3170999.0,House,0,Mid NW • House
CUST203539,26387829.0,38.76,16929322.0,Retirement,1,High NW • Wealth (large goals)
CUST203540,328153.0,5.67,429326.0,Education,2,Low NW • Education
CUST203541,1643589.0,25.57,3181964.0,Retirement,3,Mid NW • Retirement
CUST203542,2519535.0,24.75,5285878.0,Education,2,Low NW • Education
CUST203543,42887900.0,44.29,8566651.0,House,4,High NW • Wealth (modest goals)
CUST203544,715598.0,12.3,2460180.0,House,0,Mid NW • House
CUST203545,-110657.0,17.12,4619435.0,House,0,Mid NW • House
CUST203546,25981322.0,50.87,26558934.0,Retirement,1,High NW • Wealth (large goals)
CUST203547,2178432.0,22.73,3449918.0,Retirement,3,Mid NW • Retirement
CUST203548,2894961.0,29.74,1145791.0,House,0,Mid NW • House
CUST203549,8908176.0,22.7,5394947.0,House,0,Mid NW • House
CUST203550,3838443.0,24.14,3376897.0,Retirement,3,Mid NW • Retirement
CUST203551,7687875.0,17.66,4464659.0,House,0,Mid NW • House
CUST203552,2745587.0,15.03,3773371.0,House,0,Mid NW • House
CUST203553,5983381.0,21.06,5334427.0,Education,2,Low NW • Education
CUST203554,6197216.0,23.33,2501375.0,Retirement,3,Mid NW • Retirement
CUST203555,30549601.0,38.84,28450812.0,Retirement,1,High NW • Wealth (large goals)
CUST203556,4576694.0,23.74,3189316.0,House,0,Mid NW • House
CUST203557,2410678.0,10.39,1937462.0,Retirement,3,Mid NW • Retirement
CUST203558,4536833.0,18.52,4625951.0,Retirement,3,Mid NW • Retirement
CUST203559,1297585.0,12.49,2915698.0,Retirement,3,Mid NW • Retirement
CUST203560,3511089.0,16.93,1720758.0,Retirement,3,Mid NW • Retirement
CUST203561,1818123.0,16.2,5678813.0,Retirement,3,Mid NW • Retirement
CUST203562,3316904.0,18.64,3949451.0,House,0,Mid NW • House
CUST203563,3299622.0,29.5,3421238.0,Retirement,3,Mid NW • Retirement
CUST203564,720290.0,28.36,1540323.0,Retirement,3,Mid NW • Retirement
CUST203565,32134172.0,52.84,8783816.0,Retirement,4,High NW • Wealth (modest goals)
CUST203566,4025051.0,23.3,3293260.0,House,0,Mid NW • House
CUST203567,-40906.0,3.85,538999.0,Emergency_Fund,2,Low NW • Education
CUST203568,2600611.0,15.84,3043532.0,Retirement,3,Mid NW • Retirement
CUST203569,1488277.0,14.12,2594624.0,Retirement,3,Mid NW • Retirement
CUST203570,798721.0,20.26,1576411.0,House,0,Mid NW • House
CUST203571,3736901.0,17.16,5506965.0,House,0,Mid NW • House
CUST203572,9451271.0,27.74,2990225.0,House,0,Mid NW • House
CUST203573,4391598.0,21.5,4301893.0,Retirement,3,Mid NW • Retirement
CUST203574,-474681.0,21.76,5523238.0,Retirement,3,Mid NW • Retirement
CUST203575,5733800.0,40.22,22856228.0,Wealth,1,High NW • Wealth (large goals)
CUST203576,7144921.0,19.66,791318.0,Retirement,3,Mid NW • Retirement
CUST203577,5166731.0,13.48,4351268.0,Retirement,3,Mid NW • Retirement
CUST203578,43499767.0,54.28,17149705.0,Wealth,4,High NW • Wealth (modest goals)
CUST203579,15694972.0,33.43,11013176.0,Wealth,1,High NW • Wealth (large goals)
CUST203580,1490683.0,26.88,4558262.0,Retirement,3,Mid NW • Retirement
CUST203581,26007675.0,36.59,17975823.0,Wealth,1,High NW • Wealth (large goals)
CUST203582,229568.0,20.51,3698732.0,Retirement,3,Mid NW • Retirement
CUST203583,4602343.0,28.45,5873525.0,Retirement,3,Mid NW • Retirement
CUST203584,4751452.0,25.3,4845892.0,Retirement,3,Mid NW • Retirement
CUST203585,-87814.0,11.45,4645867.0,Retirement,3,Mid NW • Retirement
CUST203586,-299115.0,2.4,430700.0,Education,2,Low NW • Education
CUST203587,14518573.0,27.67,2424487.0,Retirement,3,Mid NW • Retirement
CUST203588,2523472.0,41.87,9783702.0,Wealth,1,High NW • Wealth (large goals)
CUST203589,51301120.0,51.29,20140410.0,Wealth,4,High NW • Wealth (modest goals)
CUST203590,5734377.0,25.75,3863561.0,House,0,Mid NW • House
CUST203591,2550057.0,17.57,3585340.0,House,0,Mid NW • House
CUST203592,4792898.0,18.66,3138365.0,Retirement,3,Mid NW • Retirement
CUST203593,14449994.0,39.56,4196241.0,Retirement,3,Mid NW • Retirement
CUST203594,285533.0,16.87,4511936.0,Retirement,3,Mid NW • Retirement
CUST203595,2578025.0,15.04,4887149.0,House,0,Mid NW • House
CUST203596,17820663.0,38.14,26470632.0,Wealth,1,High NW • Wealth (large goals)
CUST203597,49488309.0,51.7,4192074.0,Wealth,4,High NW • Wealth (modest goals)
CUST203598,4897009.0,24.09,1839568.0,House,0,Mid NW • House
CUST203599,12486234.0,28.91,5182264.0,House,0,Mid NW • House
CUST203600,900607.0,20.35,2751294.0,House,0,Mid NW • House
CUST203601,2298934.0,29.25,1879902.0,Retirement,3,Mid NW • Retirement
CUST203602,-279670.0,19.5,3892717.0,House,0,Mid NW • House
CUST203603,368983.0,11.62,943450.0,Education,2,Low NW • Education
CUST203604,-417009.0,28.01,3137978.0,House,0,Mid NW • House
CUST203605,780538.0,23.74,4640391.0,Retirement,3,Mid NW • Retirement
CUST203606,666939.0,25.71,5384631.0,House,0,Mid NW • House
CUST203607,32947748.0,45.45,18934758.0,Wealth,4,High NW • Wealth (modest goals)
CUST203608,7690726.0,25.01,1044953.0,House,0,Mid NW • House
CUST203609,5886077.0,26.09,5735965.0,Education,2,Low NW • Education
CUST203610,989347.0,29.45,4437665.0,House,0,Mid NW • House
CUST203611,6641654.0,25.65,3451737.0,House,0,Mid NW • House
CUST203612,3594658.0,20.55,1240189.0,House,0,Mid NW • House
CUST203613,15447711.0,45.56,12290575.0,Retirement,1,High NW • Wealth (large goals)
CUST203614,1942254.0,24.79,1402732.0,Retirement,3,Mid NW • Retirement
CUST203615,236174.0,4.74,457863.0,Emergency_Fund,2,Low NW • Education
CUST203616,95588.0,13.87,1122642.0,Retirement,3,Mid NW • Retirement
CUST203617,1124564.0,10.38,3034935.0,House,0,Mid NW • House
CUST203618,28909181.0,47.52,6472709.0,House,4,High NW • Wealth (modest goals)
CUST203619,930966.0,10.13,3967029.0,Retirement,3,Mid NW • Retirement
CUST203620,1614174.0,22.73,4900522.0,House,0,Mid NW • House
CUST203621,110186.0,15.68,1751605.0,Retirement,3,Mid NW • Retirement
CUST203622,1496542.0,32.5,6189718.0,Wealth,0,Mid NW • House
CUST203623,3661550.0,21.52,937794.0,Retirement,3,Mid NW • Retirement
CUST203624,654206.0,26.05,1787138.0,Education,2,Low NW • Education
CUST203625,-171439.0,14.07,3760100.0,Retirement,3,Mid NW • Retirement
CUST203626,5821679.0,24.1,3466583.0,Retirement,3,Mid NW • Retirement
CUST203627,9381137.0,19.11,5095917.0,House,0,Mid NW • House
CUST203628,28229076.0,39.16,20747583.0,Retirement,1,High NW • Wealth (large goals)
CUST203629,620287.0,25.41,1029961.0,House,0,Mid NW • House
CUST203630,120206.0,58.77,10549684.0,Wealth,1,High NW • Wealth (large goals)
CUST203631,6761733.0,13.93,5301274.0,House,0,Mid NW • House
CUST203632,4011173.0,20.62,3360759.0,Education,2,Low NW • Education
CUST203633,3152720.0,14.81,5332500.0,Retirement,3,Mid NW • Retirement
CUST203634,1578185.0,29.08,4813575.0,Retirement,3,Mid NW • Retirement
CUST203635,5446183.0,12.38,3427429.0,Retirement,3,Mid NW • Retirement
CUST203636,3691753.0,22.18,2791590.0,Education,2,Low NW • Education
CUST203637,11170178.0,22.96,5041511.0,Retirement,3,Mid NW • Retirement
CUST203638,5360056.0,35.87,16214917.0,Wealth,1,High NW • Wealth (large goals)
CUST203639,24096967.0,43.5,4969614.0,Retirement,4,High NW • Wealth (modest goals)
CUST203640,1156934.0,10.75,5966722.0,Retirement,3,Mid NW • Retirement
CUST203641,34961598.0,56.92,28896461.0,Retirement,1,High NW • Wealth (large goals)
CUST203642,2228384.0,19.61,2621564.0,Education,2,Low NW • Education
CUST203643,443969.0,7.09,270157.0,Emergency_Fund,2,Low NW • Education
CUST203644,-19599.0,12.85,606635.0,Retirement,3,Mid NW • Retirement
CUST203645,2464174.0,25.61,1408569.0,House,0,Mid NW • House
CUST203646,5507018.0,17.51,1245333.0,Retirement,3,Mid NW • Retirement
CUST203647,28288.0,26.42,4377839.0,House,0,Mid NW • House
CUST203648,151867.0,15.17,4165184.0,House,0,Mid NW • House
CUST203649,4418976.0,20.81,5349597.0,Education,2,Low NW • Education
CUST203650,19984451.0,29.75,695961.0,House,0,Mid NW • House
CUST203651,1654997.0,20.88,1943050.0,House,0,Mid NW • House
CUST203652,-86388.0,21.46,2865643.0,Retirement,3,Mid NW • Retirement
CUST203653,-131266.0,4.08,516130.0,Emergency_Fund,2,Low NW • Education
CUST203654,7796581.0,16.83,2562910.0,House,0,Mid NW • House
CUST203655,1156182.0,10.52,4349656.0,Retirement,3,Mid NW • Retirement
CUST203656,3084390.0,24.29,4324808.0,Education,2,Low NW • Education
CUST203657,8939646.0,24.98,5909788.0,Retirement,3,Mid NW • Retirement
CUST203658,3295942.0,17.7,3868422.0,House,0,Mid NW • House
CUST203659,14587615.0,21.73,3765980.0,Education,2,Low NW • Education
CUST203660,-190711.0,21.47,1013513.0,Retirement,3,Mid NW • Retirement
CUST203661,2647599.0,26.08,5532623.0,Education,2,Low NW • Education
CUST203662,7152975.0,18.45,1220678.0,Retirement,3,Mid NW • Retirement
CUST203663,308355.0,13.82,1442037.0,House,0,Mid NW • House
CUST203664,71207.0,15.43,4890821.0,Retirement,3,Mid NW • Retirement
CUST203665,699514.0,14.57,3483806.0,Retirement,3,Mid NW • Retirement
CUST203666,199172.0,6.12,124611.0,Emergency_Fund,2,Low NW • Education
CUST203667,745778.0,11.18,5019425.0,Retirement,3,Mid NW • Retirement
CUST203668,1522349.0,25.65,4281756.0,House,0,Mid NW • House
CUST203669,5924203.0,39.28,12076685.0,Retirement,1,High NW • Wealth (large goals)
CUST203670,25247539.0,32.62,25498134.0,Wealth,1,High NW • Wealth (large goals)
CUST203671,6608298.0,25.33,2406574.0,Education,2,Low NW • Education
CUST203672,6886025.0,21.34,4469826.0,Retirement,3,Mid NW • Retirement
CUST203673,4930489.0,28.73,2170772.0,Retirement,3,Mid NW • Retirement
CUST203674,5743356.0,20.07,3056338.0,House,0,Mid NW • House
CUST203675,31958911.0,53.24,18199977.0,Wealth,4,High NW • Wealth (modest goals)
CUST203676,1315337.0,27.1,2750803.0,Education,2,Low NW • Education
CUST203677,3923584.0,17.75,5495364.0,Retirement,3,Mid NW • Retirement
CUST203678,4817057.0,29.54,597315.0,Education,2,Low NW • Education
CUST203679,2454531.0,19.8,4613074.0,House,0,Mid NW • House
CUST203680,9894592.0,23.49,4844447.0,House,0,Mid NW • House
CUST203681,260360.0,20.42,667779.0,Retirement,3,Mid NW • Retirement
CUST203682,5260028.0,25.24,3256241.0,Education,2,Low NW • Education
CUST203683,3713981.0,25.57,2309502.0,House,0,Mid NW • House
CUST203684,3102538.0,28.92,5470841.0,Education,2,Low NW • Education
CUST203685,5762927.0,16.68,3789415.0,House,0,Mid NW • House
CUST203686,5223505.0,28.49,5999315.0,House,0,Mid NW • House
CUST203687,3227430.0,20.42,2542539.0,Retirement,3,Mid NW • Retirement
CUST203688,5461538.0,22.88,5660964.0,Retirement,3,Mid NW • Retirement
CUST203689,2328156.0,27.29,5059417.0,Retirement,3,Mid NW • Retirement
CUST203690,423825.0,25.4,1855778.0,Retirement,3,Mid NW • Retirement
CUST203691,363879.0,5.53,331683.0,Education,2,Low NW • Education
CUST203692,23399688.0,56.79,3905484.0,Retirement,4,High NW • Wealth (modest goals)
CUST203693,8885411.0,32.42,21471499.0,House,1,High NW • Wealth (large goals)
CUST203694,27553965.0,52.8,22158752.0,Retirement,1,High NW • Wealth (large goals)
CUST203695,4283893.0,25.88,1424099.0,Retirement,3,Mid NW • Retirement
CUST203696,151311.0,28.1,5567159.0,Education,2,Low NW • Education
CUST203697,260433.0,44.37,9432969.0,Retirement,1,High NW • Wealth (large goals)
CUST203698,-121888.0,5.0,547606.0,Emergency_Fund,2,Low NW • Education
CUST203699,9567010.0,18.75,5924445.0,Retirement,3,Mid NW • Retirement
CUST203700,5650383.0,28.62,2142344.0,House,0,Mid NW • House
CUST203701,13657638.0,36.39,23278784.0,Wealth,1,High NW • Wealth (large goals)
CUST203702,1449794.0,25.38,2679011.0,Education,2,Low NW • Education
CUST203703,398591.0,12.54,2561972.0,Education,2,Low NW • Education
CUST203704,7834918.0,29.51,3807720.0,House,0,Mid NW • House
CUST203705,710810.0,10.04,1230009.0,Retirement,3,Mid NW • Retirement
CUST203706,816285.0,16.52,2005888.0,Education,2,Low NW • Education
CUST203707,1289512.0,15.8,3245150.0,Retirement,3,Mid NW • Retirement
CUST203708,8755434.0,43.99,14989126.0,Wealth,1,High NW • Wealth (large goals)
CUST203709,3137674.0,14.27,762050.0,Retirement,3,Mid NW • Retirement
CUST203710,13674449.0,34.21,14509901.0,Wealth,1,High NW • Wealth (large goals)
CUST203711,1462331.0,20.31,5712037.0,Retirement,3,Mid NW • Retirement
CUST203712,3374992.0,18.51,5817006.0,Retirement,3,Mid NW • Retirement
CUST203713,1629900.0,14.54,1033305.0,House,0,Mid NW • House
CUST203714,3666224.0,24.82,3691650.0,Retirement,3,Mid NW • Retirement
CUST203715,3296951.0,19.9,5723637.0,Retirement,3,Mid NW • Retirement
CUST203716,3980423.0,24.54,1582321.0,Retirement,3,Mid NW • Retirement
CUST203717,2692875.0,26.5,5532255.0,House,0,Mid NW • House
CUST203718,21151826.0,26.26,588487.0,Retirement,3,Mid NW • Retirement
CUST203719,3224561.0,22.82,5536473.0,House,0,Mid NW • House
CUST203720,1659061.0,11.25,1500978.0,House,0,Mid NW • House
CUST203721,7961907.0,16.6,4517649.0,House,0,Mid NW • House
CUST203722,2058156.0,21.02,633758.0,Education,2,Low NW • Education
CUST203723,1433926.0,26.53,2522896.0,Education,2,Low NW • Education
CUST203724,29731940.0,55.68,22498278.0,House,1,High NW • Wealth (large goals)
CUST203725,1092747.0,17.25,2929064.0,House,0,Mid NW • House
CUST203726,2826079.0,24.55,1350667.0,Retirement,3,Mid NW • Retirement
CUST203727,4878089.0,24.79,1353326.0,House,0,Mid NW • House
CUST203728,2428193.0,13.86,2501057.0,Retirement,3,Mid NW • Retirement
CUST203729,22226445.0,39.48,7329223.0,Retirement,4,High NW • Wealth (modest goals)
CUST203730,1240972.0,24.53,2254203.0,Education,2,Low NW • Education
CUST203731,1378157.0,15.75,3160725.0,Retirement,3,Mid NW • Retirement
CUST203732,3719226.0,10.6,2015555.0,Retirement,3,Mid NW • Retirement
CUST203733,3792470.0,16.04,2968227.0,Education,2,Low NW • Education
CUST203734,115483.0,10.84,1464365.0,Retirement,3,Mid NW • Retirement
CUST203735,37668311.0,35.87,15426262.0,Wealth,4,High NW • Wealth (modest goals)
CUST203736,4668229.0,22.92,1533021.0,Retirement,3,Mid NW • Retirement
CUST203737,2820201.0,29.99,1869207.0,Retirement,3,Mid NW • Retirement
CUST203738,1705635.0,15.34,1705611.0,House,0,Mid NW • House
CUST203739,-269889.0,20.16,5198833.0,House,0,Mid NW • House
CUST203740,-51674.0,26.23,5453132.0,House,0,Mid NW • House
CUST203741,16522515.0,41.26,12010831.0,House,1,High NW • Wealth (large goals)
CUST203742,72255130.0,52.0,24610456.0,Wealth,4,High NW • Wealth (modest goals)
CUST203743,7549211.0,54.33,17512284.0,Wealth,1,High NW • Wealth (large goals)
CUST203744,3879691.0,46.04,12901541.0,House,1,High NW • Wealth (large goals)
CUST203745,2875508.0,41.02,12349753.0,Wealth,1,High NW • Wealth (large goals)
CUST203746,4915057.0,22.46,5079153.0,Retirement,3,Mid NW • Retirement
CUST203747,5275678.0,24.66,4290098.0,Retirement,3,Mid NW • Retirement
CUST203748,4657736.0,24.88,5508619.0,Retirement,3,Mid NW • Retirement
CUST203749,-105305.0,20.62,1011912.0,House,0,Mid NW • House
CUST203750,5421275.0,24.18,3046309.0,Education,2,Low NW • Education
CUST203751,6892833.0,28.47,5094739.0,Retirement,3,Mid NW • Retirement
CUST203752,6760427.0,22.1,4804626.0,Retirement,3,Mid NW • Retirement
CUST203753,10539742.0,19.51,2825953.0,Education,2,Low NW • Education
CUST203754,5333980.0,20.51,3557088.0,Education,2,Low NW • Education
CUST203755,1771857.0,12.11,3908509.0,Education,2,Low NW • Education
CUST203756,2430600.0,12.08,3585050.0,Retirement,3,Mid NW • Retirement
CUST203757,8463514.0,56.67,20245084.0,Wealth,1,High NW • Wealth (large goals)
CUST203758,30051847.0,55.96,7457814.0,Wealth,4,High NW • Wealth (modest goals)
CUST203759,740055.0,34.54,3018360.0,Retirement,3,Mid NW • Retirement
CUST203760,-564577.0,15.12,3266156.0,House,0,Mid NW • House
CUST203761,36468065.0,31.52,12635167.0,Wealth,4,High NW • Wealth (modest goals)
CUST203762,24462089.0,55.32,10221694.0,Wealth,4,High NW • Wealth (modest goals)
CUST203763,11110866.0,41.27,19412124.0,Wealth,1,High NW • Wealth (large goals)
CUST203764,483798.0,24.32,3618217.0,Education,2,Low NW • Education
CUST203765,4771683.0,25.51,3334121.0,House,0,Mid NW • House
CUST203766,-325848.0,1.72,298302.0,Emergency_Fund,2,Low NW • Education
CUST203767,4941282.0,21.34,5827004.0,House,0,Mid NW • House
CUST203768,-423523.0,12.22,739768.0,House,0,Mid NW • House
CUST203769,1734990.0,18.33,3857413.0,Education,2,Low NW • Education
CUST203770,1385441.0,16.43,584458.0,House,0,Mid NW • House
CUST203771,5513663.0,30.0,4851644.0,House,0,Mid NW • House
CUST203772,167764.0,53.07,21073058.0,Wealth,1,High NW • Wealth (large goals)
CUST203773,9937194.0,28.19,2143121.0,Retirement,3,Mid NW • Retirement
CUST203774,338562.0,12.73,4687348.0,Retirement,3,Mid NW • Retirement
CUST203775,3786245.0,11.07,1276125.0,Retirement,3,Mid NW • Retirement
CUST203776,7196159.0,27.22,4709244.0,Retirement,3,Mid NW • Retirement
CUST203777,1274258.0,23.75,792624.0,Retirement,3,Mid NW • Retirement
CUST203778,895459.0,20.12,2211162.0,Retirement,3,Mid NW • Retirement
CUST203779,1296851.0,15.14,4753012.0,Education,2,Low NW • Education
CUST203780,8416067.0,17.12,5809589.0,Retirement,3,Mid NW • Retirement
CUST203781,7612745.0,21.78,2926078.0,Retirement,3,Mid NW • Retirement
CUST203782,2214693.0,19.25,1060938.0,Retirement,3,Mid NW • Retirement
CUST203783,10515342.0,50.89,9039251.0,Retirement,1,High NW • Wealth (large goals)
CUST203784,32784413.0,40.32,22229526.0,Wealth,4,High NW • Wealth (modest goals)
CUST203785,1264928.0,14.74,2673683.0,Retirement,3,Mid NW • Retirement
CUST203786,1238129.0,13.33,5920045.0,House,0,Mid NW • House
CUST203787,4033625.0,14.05,4918780.0,Retirement,3,Mid NW • Retirement
CUST203788,136163.0,10.65,4004875.0,House,0,Mid NW • House
CUST203789,8277152.0,48.37,15176732.0,Retirement,1,High NW • Wealth (large goals)
CUST203790,2886201.0,21.49,3366630.0,Education,2,Low NW • Education
CUST203791,2721237.0,25.22,5742508.0,Education,2,Low NW • Education
CUST203792,10338563.0,16.8,5770655.0,House,0,Mid NW • House
CUST203793,11202950.0,59.86,3845419.0,House,1,High NW • Wealth (large goals)
CUST203794,52735836.0,44.89,26282790.0,Wealth,4,High NW • Wealth (modest goals)
CUST203795,3447648.0,14.06,4537737.0,Retirement,3,Mid NW • Retirement
CUST203796,434060.0,15.97,4305183.0,Education,2,Low NW • Education
CUST203797,6903904.0,13.43,4413821.0,Retirement,3,Mid NW • Retirement
CUST203798,5372563.0,14.96,2587891.0,House,0,Mid NW • House
CUST203799,1407138.0,15.15,1137975.0,House,0,Mid NW • House
CUST203800,158435.0,24.08,5502037.0,Retirement,3,Mid NW • Retirement
CUST203801,1608275.0,11.4,3128471.0,House,0,Mid NW • House
CUST203802,464247.0,10.66,2425417.0,House,0,Mid NW • House
CUST203803,30234150.0,44.75,5263532.0,Retirement,4,High NW • Wealth (modest goals)
CUST203804,50111573.0,55.28,2629765.0,Wealth,4,High NW • Wealth (modest goals)
CUST203805,17765061.0,29.93,5696358.0,Education,2,Low NW • Education
CUST203806,2544027.0,17.58,3276321.0,Retirement,3,Mid NW • Retirement
CUST203807,16746360.0,46.44,6302107.0,House,1,High NW • Wealth (large goals)
CUST203808,1975088.0,16.47,5214732.0,Retirement,3,Mid NW • Retirement
CUST203809,1461691.0,10.62,2143379.0,House,0,Mid NW • House
CUST203810,2585477.0,22.36,4828221.0,House,0,Mid NW • House
CUST203811,2071862.0,22.33,1544897.0,House,0,Mid NW • House
CUST203812,5365389.0,13.96,1365858.0,Retirement,3,Mid NW • Retirement
CUST203813,1052458.0,10.28,2124976.0,Education,2,Low NW • Education
CUST203814,2860308.0,51.08,14989647.0,Retirement,1,High NW • Wealth (large goals)
CUST203815,938281.0,16.88,1546690.0,House,0,Mid NW • House
CUST203816,31233805.0,46.66,26680222.0,Retirement,1,High NW • Wealth (large goals)
CUST203817,1658268.0,11.45,3371178.0,Retirement,3,Mid NW • Retirement
CUST203818,3466408.0,11.96,5509703.0,Retirement,3,Mid NW • Retirement
CUST203819,5347609.0,13.48,1685792.0,Retirement,3,Mid NW • Retirement
CUST203820,1603466.0,25.93,5190585.0,Retirement,3,Mid NW • Retirement
CUST203821,3563639.0,22.4,1916432.0,Retirement,3,Mid NW • Retirement
CUST203822,-356659.0,20.14,3713342.0,House,0,Mid NW • House
CUST203823,-187307.0,6.62,332120.0,Education,2,Low NW • Education
CUST203824,9238123.0,21.36,5195916.0,House,0,Mid NW • House
CUST203825,10020955.0,29.36,1770557.0,Retirement,3,Mid NW • Retirement
CUST203826,52219234.0,49.61,27260064.0,Wealth,4,High NW • Wealth (modest goals)
CUST203827,25681604.0,36.3,11272426.0,Retirement,4,High NW • Wealth (modest goals)
CUST203828,6721767.0,20.51,3890518.0,Retirement,3,Mid NW • Retirement
CUST203829,11498977.0,51.73,20463776.0,Retirement,1,High NW • Wealth (large goals)
CUST203830,616591.0,12.21,3850658.0,House,0,Mid NW • House
CUST203831,5372685.0,25.54,5305655.0,House,0,Mid NW • House
CUST203832,23487358.0,41.53,13258957.0,Wealth,1,High NW • Wealth (large goals)
CUST203833,1978392.0,16.65,4920768.0,House,0,Mid NW • House
CUST203834,6333377.0,17.05,1668770.0,Retirement,3,Mid NW • Retirement
CUST203835,-10818.0,20.74,4734136.0,Retirement,3,Mid NW • Retirement
CUST203836,6487609.0,23.63,3737557.0,Retirement,3,Mid NW • Retirement
CUST203837,-258282.0,2.47,511673.0,Emergency_Fund,2,Low NW • Education
CUST203838,2058296.0,18.2,5487032.0,Education,2,Low NW • Education
CUST203839,3077385.0,13.19,3132911.0,Retirement,3,Mid NW • Retirement
CUST203840,-123345.0,25.04,2408083.0,Retirement,3,Mid NW • Retirement
CUST203841,627357.0,21.81,1988139.0,Retirement,3,Mid NW • Retirement
CUST203842,50487690.0,48.31,2157838.0,Retirement,4,High NW • Wealth (modest goals)
CUST203843,-2528.0,20.0,3006374.0,House,0,Mid NW • House
CUST203844,39857319.0,42.98,12986502.0,Wealth,4,High NW • Wealth (modest goals)
CUST203845,6681963.0,26.78,4652499.0,Retirement,3,Mid NW • Retirement
CUST203846,4784632.0,18.67,3191258.0,House,0,Mid NW • House
CUST203847,1399256.0,17.56,4409321.0,Retirement,3,Mid NW • Retirement
CUST203848,-160689.0,16.57,2331155.0,Education,2,Low NW • Education
CUST203849,2427814.0,29.22,4295380.0,Retirement,3,Mid NW • Retirement
CUST203850,1635397.0,14.44,5160477.0,Education,2,Low NW • Education
CUST203851,16172103.0,36.22,23093825.0,House,1,High NW • Wealth (large goals)
CUST203852,4111917.0,27.55,4827466.0,House,0,Mid NW • House
CUST203853,1758919.0,20.03,2760725.0,House,0,Mid NW • House
CUST203854,17293257.0,31.83,10287034.0,Wealth,1,High NW • Wealth (large goals)
CUST203855,2499431.0,12.64,4197257.0,Retirement,3,Mid NW • Retirement
CUST203856,2895859.0,10.89,2772713.0,Retirement,3,Mid NW • Retirement
CUST203857,993.0,4.36,305320.0,Education,2,Low NW • Education
CUST203858,3613419.0,21.0,2671166.0,Retirement,3,Mid NW • Retirement
CUST203859,5776717.0,29.04,4923667.0,Education,2,Low NW • Education
CUST203860,25637017.0,37.68,4375858.0,Retirement,4,High NW • Wealth (modest goals)
CUST203861,8121802.0,24.85,5619235.0,Education,2,Low NW • Education
CUST203862,-243860.0,28.33,1720601.0,Retirement,3,Mid NW • Retirement
CUST203863,-220361.0,3.17,53809.0,Education,2,Low NW • Education
CUST203864,1814441.0,10.67,822422.0,House,0,Mid NW • House
CUST203865,6122235.0,25.89,1803853.0,House,0,Mid NW • House
CUST203866,4802784.0,10.87,5535936.0,Education,2,Low NW • Education
CUST203867,4404066.0,23.13,2463384.0,Education,2,Low NW • Education
CUST203868,10251954.0,20.62,1952267.0,Education,2,Low NW • Education
CUST203869,6608932.0,15.43,4483893.0,Retirement,3,Mid NW • Retirement
CUST203870,109520.0,15.77,5486050.0,Retirement,3,Mid NW • Retirement
CUST203871,26760052.0,41.33,5110821.0,Retirement,4,High NW • Wealth (modest goals)
CUST203872,19843528.0,34.8,20671196.0,Wealth,1,High NW • Wealth (large goals)
CUST203873,-63274.0,11.84,2317256.0,Retirement,3,Mid NW • Retirement
CUST203874,2035504.0,15.24,1654665.0,Retirement,3,Mid NW • Retirement
CUST203875,4518854.0,17.27,4858144.0,House,0,Mid NW • House
CUST203876,4230872.0,19.78,1298488.0,Retirement,3,Mid NW • Retirement
CUST203877,307302.0,3.32,541241.0,Emergency_Fund,2,Low NW • Education
CUST203878,29484097.0,42.72,23095788.0,Wealth,1,High NW • Wealth (large goals)
CUST203879,54129.0,29.69,1588826.0,Retirement,3,Mid NW • Retirement
CUST203880,7084339.0,23.03,871857.0,Education,2,Low NW • Education
CUST203881,6568705.0,21.71,5641971.0,House,0,Mid NW • House
CUST203882,2444829.0,17.33,871613.0,Retirement,3,Mid NW • Retirement
CUST203883,5571314.0,14.27,2938595.0,Retirement,3,Mid NW • Retirement
CUST203884,3527349.0,27.97,2307416.0,Education,2,Low NW • Education
CUST203885,7695290.0,17.13,3804835.0,Education,2,Low NW • Education
CUST203886,68784.0,2.71,228954.0,Emergency_Fund,2,Low NW • Education
CUST203887,2893234.0,16.99,3455729.0,Education,2,Low NW • Education
CUST203888,8802853.0,33.79,2382253.0,Retirement,3,Mid NW • Retirement
CUST203889,2725500.0,25.75,4393115.0,Retirement,3,Mid NW • Retirement
CUST203890,5064647.0,27.24,5125023.0,Retirement,3,Mid NW • Retirement
CUST203891,37604495.0,39.6,16740503.0,Wealth,4,High NW • Wealth (modest goals)
CUST203892,871619.0,11.03,695673.0,House,0,Mid NW • House
CUST203893,4725158.0,10.47,2441698.0,Retirement,3,Mid NW • Retirement
CUST203894,189326.0,17.81,2684558.0,Retirement,3,Mid NW • Retirement
CUST203895,6764642.0,22.16,3966009.0,House,0,Mid NW • House
CUST203896,967001.0,13.98,1001282.0,Retirement,3,Mid NW • Retirement
CUST203897,741676.0,14.75,783194.0,House,0,Mid NW • House
CUST203898,4581595.0,15.28,3144540.0,House,0,Mid NW • House
CUST203899,3025254.0,25.89,2255361.0,House,0,Mid NW • House
CUST203900,4046545.0,10.22,4640882.0,House,0,Mid NW • House
CUST203901,6022165.0,18.27,796392.0,Retirement,3,Mid NW • Retirement
CUST203902,58060.0,5.6,51565.0,Education,2,Low NW • Education
CUST203903,2399093.0,15.84,4062864.0,Retirement,3,Mid NW • Retirement
CUST203904,231721.0,23.38,2129216.0,House,0,Mid NW • House
CUST203905,10775599.0,56.64,12667441.0,Wealth,1,High NW • Wealth (large goals)
CUST203906,2890241.0,16.88,2025947.0,Education,2,Low NW • Education
CUST203907,17393523.0,29.07,4928383.0,Retirement,3,Mid NW • Retirement
CUST203908,4046117.0,38.84,16757959.0,Wealth,1,High NW • Wealth (large goals)
CUST203909,31214491.0,37.09,15051263.0,Wealth,4,High NW • Wealth (modest goals)
CUST203910,3298278.0,22.14,5078178.0,Retirement,3,Mid NW • Retirement
CUST203911,6224602.0,16.56,3877494.0,Retirement,3,Mid NW • Retirement
CUST203912,1834478.0,20.42,1117497.0,Retirement,3,Mid NW • Retirement
CUST203913,641331.0,15.57,3750711.0,House,0,Mid NW • House
CUST203914,5400118.0,27.9,5692833.0,House,0,Mid NW • House
CUST203915,39664411.0,51.49,10652339.0,Retirement,4,High NW • Wealth (modest goals)
CUST203916,538105.0,29.22,1453471.0,Retirement,3,Mid NW • Retirement
CUST203917,16182031.0,25.64,2423945.0,Education,2,Low NW • Education
CUST203918,5805816.0,15.29,700924.0,House,0,Mid NW • House
CUST203919,7460118.0,20.42,4450191.0,House,0,Mid NW • House
CUST203920,6700492.0,44.32,3412457.0,Wealth,0,Mid NW • House
CUST203921,2681390.0,29.1,1122637.0,Retirement,3,Mid NW • Retirement
CUST203922,13023605.0,37.64,15081989.0,Retirement,1,High NW • Wealth (large goals)
CUST203923,5471452.0,21.51,3319915.0,Retirement,3,Mid NW • Retirement
CUST203924,11775082.0,48.75,29749604.0,Wealth,1,High NW • Wealth (large goals)
CUST203925,3399187.0,24.51,1720467.0,House,0,Mid NW • House
CUST203926,3221185.0,27.29,570757.0,House,0,Mid NW • House
CUST203927,5354425.0,17.91,4805201.0,Education,2,Low NW • Education
CUST203928,127511.0,21.15,1163060.0,Retirement,3,Mid NW • Retirement
CUST203929,1356758.0,21.69,4080472.0,Retirement,3,Mid NW • Retirement
CUST203930,33645.0,11.42,5686918.0,Retirement,3,Mid NW • Retirement
CUST203931,1159033.0,11.7,2683701.0,Retirement,3,Mid NW • Retirement
CUST203932,2174304.0,13.08,3726924.0,Education,2,Low NW • Education
CUST203933,6878911.0,24.82,2539485.0,Retirement,3,Mid NW • Retirement
CUST203934,10329499.0,24.28,5498847.0,Education,2,Low NW • Education
CUST203935,7105875.0,18.2,810558.0,Education,2,Low NW • Education
CUST203936,1683950.0,20.92,3227591.0,House,0,Mid NW • House
CUST203937,2719923.0,21.71,5405822.0,Education,2,Low NW • Education
CUST203938,57362041.0,53.3,19024922.0,Wealth,4,High NW • Wealth (modest goals)
CUST203939,2041508.0,25.21,3955037.0,Retirement,3,Mid NW • Retirement
CUST203940,1635793.0,22.29,3251427.0,House,0,Mid NW • House
CUST203941,9437034.0,22.78,2781859.0,House,0,Mid NW • House
CUST203942,7426238.0,33.14,25746425.0,Retirement,1,High NW • Wealth (large goals)
CUST203943,34458038.0,54.35,6621734.0,Wealth,4,High NW • Wealth (modest goals)
CUST203944,8504151.0,19.51,3494093.0,House,0,Mid NW • House
CUST203945,2447529.0,28.13,2805114.0,Education,2,Low NW • Education
CUST203946,10945066.0,29.97,3227965.0,House,0,Mid NW • House
CUST203947,4066551.0,18.02,1639547.0,Retirement,3,Mid NW • Retirement
CUST203948,32738344.0,39.19,24089548.0,Retirement,1,High NW • Wealth (large goals)
CUST203949,8625147.0,18.95,1066000.0,House,0,Mid NW • House
CUST203950,-264637.0,27.83,1718498.0,Retirement,3,Mid NW • Retirement
CUST203951,2626752.0,28.82,4430405.0,House,0,Mid NW • House
CUST203952,20917576.0,55.93,8052694.0,Retirement,4,High NW • Wealth (modest goals)
CUST203953,9267333.0,33.27,4906029.0,Retirement,3,Mid NW • Retirement
CUST203954,25140.0,28.6,4364365.0,Retirement,3,Mid NW • Retirement
CUST203955,75334.0,3.81,171633.0,Emergency_Fund,2,Low NW • Education
CUST203956,6247565.0,27.59,3785953.0,House,0,Mid NW • House
CUST203957,1675431.0,12.27,1310477.0,House,0,Mid NW • House
CUST203958,6088635.0,22.35,4015634.0,House,0,Mid NW • House
CUST203959,5343.0,7.91,433552.0,Emergency_Fund,2,Low NW • Education
CUST203960,3168927.0,13.06,4251388.0,House,0,Mid NW • House
CUST203961,1246552.0,13.73,2329495.0,House,0,Mid NW • House
CUST203962,27493.0,10.27,3880305.0,House,0,Mid NW • House
CUST203963,3629707.0,46.51,16091313.0,Retirement,1,High NW • Wealth (large goals)
CUST203964,15912129.0,50.9,23963750.0,Wealth,1,High NW • Wealth (large goals)
CUST203965,15212781.0,50.29,6416479.0,House,1,High NW • Wealth (large goals)
CUST203966,816659.0,16.45,5824838.0,Retirement,3,Mid NW • Retirement
CUST203967,3948641.0,29.25,5497245.0,Retirement,3,Mid NW • Retirement
CUST203968,1027152.0,12.98,5196744.0,Education,2,Low NW • Education
CUST203969,781535.0,15.1,4979680.0,Retirement,3,Mid NW • Retirement
CUST203970,8526337.0,17.25,3301522.0,Retirement,3,Mid NW • Retirement
CUST203971,2646621.0,22.66,3847902.0,Education,2,Low NW • Education
CUST203972,20950550.0,57.59,4533153.0,Retirement,4,High NW • Wealth (modest goals)
CUST203973,4431701.0,13.97,3588624.0,House,0,Mid NW • House
CUST203974,45050.0,7.61,124069.0,Emergency_Fund,2,Low NW • Education
CUST203975,639744.0,11.1,865251.0,Education,2,Low NW • Education
CUST203976,899619.0,20.73,3406512.0,Retirement,3,Mid NW • Retirement
CUST203977,2103.0,12.09,2607927.0,Retirement,3,Mid NW • Retirement
CUST203978,1535787.0,13.57,4560428.0,House,0,Mid NW • House
CUST203979,4533061.0,28.04,3099232.0,Retirement,3,Mid NW • Retirement
CUST203980,1787830.0,23.67,1072402.0,Retirement,3,Mid NW • Retirement
CUST203981,5875175.0,18.92,651132.0,House,0,Mid NW • House
CUST203982,8338274.0,16.41,612057.0,Retirement,3,Mid NW • Retirement
CUST203983,2304158.0,27.01,2160381.0,Education,2,Low NW • Education
CUST203984,3483819.0,18.03,1264353.0,House,0,Mid NW • House
CUST203985,5183411.0,16.59,3074739.0,Education,2,Low NW • Education
CUST203986,27296948.0,33.62,24761653.0,House,1,High NW • Wealth (large goals)
CUST203987,887635.0,10.33,5951954.0,House,0,Mid NW • House
CUST203988,1893234.0,21.41,2944194.0,Education,2,Low NW • Education
CUST203989,-329390.0,22.76,5039563.0,Education,2,Low NW • Education
CUST203990,34366886.0,34.63,15805851.0,Retirement,4,High NW • Wealth (modest goals)
CUST203991,743518.0,12.34,2888399.0,Retirement,3,Mid NW • Retirement
CUST203992,2021636.0,28.81,4447023.0,Retirement,3,Mid NW • Retirement
CUST203993,3205920.0,24.91,5068620.0,House,0,Mid NW • House
CUST203994,1136027.0,14.47,3842844.0,House,0,Mid NW • House
CUST203995,7053601.0,15.68,2729336.0,Retirement,3,Mid NW • Retirement
CUST203996,180248.0,11.97,5012288.0,Education,2,Low NW • Education
CUST203997,424995.0,22.56,5994342.0,Retirement,3,Mid NW • Retirement
CUST203998,16450743.0,25.79,1520789.0,Retirement,3,Mid NW • Retirement
CUST203999,15418847.0,54.47,22004718.0,Wealth,1,High NW • Wealth (large goals)
CUST204000,7124957.0,22.4,1186139.0,House,0,Mid NW • House
CUST204001,3229530.0,20.04,4148884.0,Education,2,Low NW • Education
CUST204002,6532322.0,19.0,2925501.0,Education,2,Low NW • Education
CUST204003,-77555.0,1.63,255190.0,Emergency_Fund,2,Low NW • Education
CUST204004,5793196.0,48.13,15390018.0,Wealth,1,High NW • Wealth (large goals)
CUST204005,2591859.0,21.45,2105763.0,House,0,Mid NW • House
CUST204006,1107399.0,26.97,3254687.0,Education,2,Low NW • Education
CUST204007,3946037.0,20.55,4082389.0,Retirement,3,Mid NW • Retirement
CUST204008,13714218.0,29.93,3846199.0,Retirement,3,Mid NW • Retirement
CUST204009,4698764.0,12.16,5224529.0,Retirement,3,Mid NW • Retirement
CUST204010,2018068.0,17.65,3312213.0,Retirement,3,Mid NW • Retirement
CUST204011,33047402.0,51.3,24865554.0,Retirement,1,High NW • Wealth (large goals)
CUST204012,-47784.0,1.46,257957.0,Education,2,Low NW • Education
CUST204013,68115098.0,55.68,17515187.0,Wealth,4,High NW • Wealth (modest goals)
CUST204014,5700764.0,19.5,3904704.0,Retirement,3,Mid NW • Retirement
CUST204015,4036269.0,19.94,3318327.0,Retirement,3,Mid NW • Retirement
CUST204016,3769503.0,28.16,5812247.0,Retirement,3,Mid NW • Retirement
CUST204017,2214220.0,13.72,5302099.0,Retirement,3,Mid NW • Retirement
CUST204018,-965640.0,25.16,2188405.0,Retirement,3,Mid NW • Retirement
CUST204019,3067763.0,10.9,5657103.0,Retirement,3,Mid NW • Retirement
CUST204020,1744090.0,13.17,2536333.0,Education,2,Low NW • Education
CUST204021,3203748.0,21.74,4560569.0,House,0,Mid NW • House
CUST204022,-279694.0,8.6,111224.0,Emergency_Fund,2,Low NW • Education
CUST204023,4238959.0,15.75,2737785.0,Retirement,3,Mid NW • Retirement
CUST204024,164718.0,15.62,5862383.0,Retirement,3,Mid NW • Retirement
CUST204025,16094975.0,50.35,22990611.0,House,1,High NW • Wealth (large goals)
CUST204026,5768652.0,17.2,2499535.0,House,0,Mid NW • House
CUST204027,2352035.0,23.61,3607552.0,Retirement,3,Mid NW • Retirement
CUST204028,1925678.0,16.81,5928818.0,House,0,Mid NW • House
CUST204029,769065.0,17.49,1551689.0,Retirement,3,Mid NW • Retirement
CUST204030,536102.0,2.56,597384.0,Emergency_Fund,2,Low NW • Education
CUST204031,-170030.0,17.51,5589272.0,Retirement,3,Mid NW • Retirement
CUST204032,4830089.0,12.96,1893400.0,Retirement,3,Mid NW • Retirement
CUST204033,4059318.0,21.93,894779.0,Education,2,Low NW • Education
CUST204034,5129029.0,12.5,3882641.0,Retirement,3,Mid NW • Retirement
CUST204035,2908442.0,22.08,5945066.0,Education,2,Low NW • Education
CUST204036,6231625.0,21.69,5574261.0,House,0,Mid NW • House
CUST204037,1054172.0,16.89,1473644.0,House,0,Mid NW • House
CUST204038,4002397.0,20.95,2195527.0,House,0,Mid NW • House
CUST204039,1360991.0,13.39,2115714.0,Retirement,3,Mid NW • Retirement
CUST204040,52793.0,7.26,415630.0,Education,2,Low NW • Education
CUST204041,18843.0,26.72,5350587.0,Education,2,Low NW • Education
CUST204042,19541504.0,38.22,24570454.0,House,1,High NW • Wealth (large goals)
CUST204043,-336362.0,3.57,445286.0,Education,2,Low NW • Education
CUST204044,3345735.0,15.02,5658830.0,Retirement,3,Mid NW • Retirement
CUST204045,724636.0,26.84,5127216.0,House,0,Mid NW • House
CUST204046,-45836.0,25.64,895579.0,House,0,Mid NW • House
CUST204047,6368906.0,37.74,18244359.0,Retirement,1,High NW • Wealth (large goals)
CUST204048,6608199.0,17.21,3592073.0,Retirement,3,Mid NW • Retirement
CUST204049,7275406.0,23.99,3706413.0,Retirement,3,Mid NW • Retirement
CUST204050,762809.0,16.82,601037.0,Retirement,3,Mid NW • Retirement
CUST204051,14087126.0,52.31,8299614.0,Wealth,1,High NW • Wealth (large goals)
CUST204052,-294183.0,26.32,2961220.0,Education,2,Low NW • Education
CUST204053,3264778.0,10.01,1695400.0,Retirement,3,Mid NW • Retirement
CUST204054,1526363.0,25.47,1008402.0,Retirement,3,Mid NW • Retirement
CUST204055,16628556.0,43.58,5157054.0,Retirement,3,Mid NW • Retirement
CUST204056,4031710.0,14.15,2626065.0,Retirement,3,Mid NW • Retirement
CUST204057,-592384.0,19.92,1176756.0,Retirement,3,Mid NW • Retirement
CUST204058,22999729.0,43.19,21937578.0,Wealth,1,High NW • Wealth (large goals)
CUST204059,3843786.0,25.09,3250306.0,House,0,Mid NW • House
CUST204060,26091903.0,41.3,24610614.0,Retirement,1,High NW • Wealth (large goals)
CUST204061,180144.0,15.3,4980975.0,Retirement,3,Mid NW • Retirement
CUST204062,7943822.0,25.72,1197628.0,Education,2,Low NW • Education
CUST204063,38000577.0,57.93,19336344.0,Retirement,4,High NW • Wealth (modest goals)
CUST204064,6499978.0,27.94,1738893.0,House,0,Mid NW • House
CUST204065,3412942.0,24.14,5457540.0,Retirement,3,Mid NW • Retirement
CUST204066,3218754.0,12.1,4470978.0,Retirement,3,Mid NW • Retirement
CUST204067,2293193.0,10.32,1632215.0,Retirement,3,Mid NW • Retirement
CUST204068,906318.0,14.8,5283871.0,Retirement,3,Mid NW • Retirement
CUST204069,1153881.0,12.99,3393632.0,House,0,Mid NW • House
CUST204070,58947375.0,44.37,28858371.0,Wealth,4,High NW • Wealth (modest goals)
CUST204071,443861.0,28.07,5957667.0,House,0,Mid NW • House
CUST204072,33781496.0,34.59,7268324.0,Wealth,4,High NW • Wealth (modest goals)
CUST204073,12569973.0,22.73,1698942.0,House,0,Mid NW • House
CUST204074,3513723.0,29.76,2284427.0,Retirement,3,Mid NW • Retirement
CUST204075,5101087.0,18.57,502888.0,House,0,Mid NW • House
CUST204076,1241055.0,19.28,1730908.0,Education,2,Low NW • Education
CUST204077,8479775.0,20.68,3686610.0,Retirement,3,Mid NW • Retirement
CUST204078,6014687.0,13.75,646408.0,Retirement,3,Mid NW • Retirement
CUST204079,3556937.0,17.48,4367203.0,House,0,Mid NW • House
CUST204080,169495.0,23.74,4250683.0,Retirement,3,Mid NW • Retirement
CUST204081,25923156.0,54.98,21800716.0,House,1,High NW • Wealth (large goals)
CUST204082,1789164.0,12.44,952605.0,House,0,Mid NW • House
CUST204083,-133464.0,14.52,4562532.0,Retirement,3,Mid NW • Retirement
CUST204084,7806481.0,22.63,4529609.0,Retirement,3,Mid NW • Retirement
CUST204085,57438721.0,48.86,8925670.0,Wealth,4,High NW • Wealth (modest goals)
CUST204086,1306222.0,13.24,2548277.0,Retirement,3,Mid NW • Retirement
CUST204087,2692346.0,24.29,3962995.0,Retirement,3,Mid NW • Retirement
CUST204088,35825555.0,45.92,15439019.0,Wealth,4,High NW • Wealth (modest goals)
CUST204089,4063646.0,20.88,524035.0,Retirement,3,Mid NW • Retirement
CUST204090,739425.0,27.26,4193814.0,Education,2,Low NW • Education
CUST204091,1004821.0,28.69,1555786.0,Retirement,3,Mid NW • Retirement
CUST204092,5248464.0,15.3,2029270.0,House,0,Mid NW • House
CUST204093,76210.0,2.81,333709.0,Emergency_Fund,2,Low NW • Education
CUST204094,11216322.0,22.0,1367819.0,Retirement,3,Mid NW • Retirement
CUST204095,5311976.0,14.94,1427415.0,Education,2,Low NW • Education
CUST204096,-748411.0,56.0,18171829.0,House,1,High NW • Wealth (large goals)
CUST204097,2120710.0,12.54,3202700.0,Education,2,Low NW • Education
CUST204098,4376417.0,24.17,1329325.0,House,0,Mid NW • House
CUST204099,2911458.0,34.37,10497395.0,Wealth,1,High NW • Wealth (large goals)
CUST204100,44485424.0,52.94,18201394.0,Wealth,4,High NW • Wealth (modest goals)
CUST204101,3461456.0,26.99,5601404.0,Retirement,3,Mid NW • Retirement
CUST204102,6076967.0,28.76,3111010.0,Education,2,Low NW • Education
CUST204103,91220.0,22.21,2568882.0,Retirement,3,Mid NW • Retirement
CUST204104,-155645.0,14.46,1613856.0,Education,2,Low NW • Education
CUST204105,2532945.0,37.77,5573887.0,Wealth,0,Mid NW • House
CUST204106,1419149.0,17.35,2533367.0,Education,2,Low NW • Education
CUST204107,10612623.0,18.66,5123080.0,House,0,Mid NW • House
CUST204108,16240439.0,46.32,21235238.0,Wealth,1,High NW • Wealth (large goals)
CUST204109,45174830.0,51.12,5800183.0,Wealth,4,High NW • Wealth (modest goals)
CUST204110,1660211.0,19.94,5172039.0,Retirement,3,Mid NW • Retirement
CUST204111,454578.0,14.75,5918403.0,Retirement,3,Mid NW • Retirement
CUST204112,4587710.0,15.01,5595482.0,House,0,Mid NW • House
CUST204113,3044716.0,20.2,3633501.0,Retirement,3,Mid NW • Retirement
CUST204114,13301652.0,25.76,2880772.0,Education,2,Low NW • Education
CUST204115,1512645.0,14.71,3775223.0,House,0,Mid NW • House
CUST204116,146319.0,29.59,5416471.0,Retirement,3,Mid NW • Retirement
CUST204117,12714414.0,27.45,5996541.0,Retirement,3,Mid NW • Retirement
CUST204118,51542069.0,59.09,9891601.0,Wealth,4,High NW • Wealth (modest goals)
CUST204119,2659855.0,23.31,4990761.0,Retirement,3,Mid NW • Retirement
CUST204120,1421555.0,29.07,3830901.0,House,0,Mid NW • House
CUST204121,37317675.0,56.49,19445973.0,Wealth,4,High NW • Wealth (modest goals)
CUST204122,1185512.0,26.36,3114005.0,House,0,Mid NW • House
CUST204123,70456.0,21.65,4641274.0,House,0,Mid NW • House
CUST204124,20225508.0,59.99,22508537.0,Retirement,1,High NW • Wealth (large goals)
CUST204125,2841741.0,15.6,4520493.0,Education,2,Low NW • Education
CUST204126,-538478.0,3.65,323623.0,Emergency_Fund,2,Low NW • Education
CUST204127,27702954.0,51.08,9568031.0,Retirement,4,High NW • Wealth (modest goals)
CUST204128,26528782.0,32.87,5331300.0,Wealth,4,High NW • Wealth (modest goals)
CUST204129,41148817.0,36.66,15605609.0,Wealth,4,High NW • Wealth (modest goals)
CUST204130,397346.0,11.78,1246558.0,Retirement,3,Mid NW • Retirement
CUST204131,2828267.0,11.82,4196029.0,House,0,Mid NW • House
CUST204132,-291453.0,24.38,863726.0,Retirement,3,Mid NW • Retirement
CUST204133,1166248.0,11.59,988054.0,Retirement,3,Mid NW • Retirement
CUST204134,2952049.0,11.75,2326831.0,House,0,Mid NW • House
CUST204135,1200953.0,12.5,1609616.0,House,0,Mid NW • House
CUST204136,6363000.0,19.58,1737475.0,Retirement,3,Mid NW • Retirement
CUST204137,1125954.0,11.24,3302282.0,Retirement,3,Mid NW • Retirement
CUST204138,2786092.0,15.53,882200.0,Retirement,3,Mid NW • Retirement
CUST204139,60822663.0,58.88,12954810.0,Retirement,4,High NW • Wealth (modest goals)
CUST204140,147767.0,16.64,4552449.0,House,0,Mid NW • House
CUST204141,1958296.0,10.69,1347775.0,Education,2,Low NW • Education
CUST204142,23430214.0,38.54,6210950.0,Retirement,4,High NW • Wealth (modest goals)
CUST204143,6888842.0,40.32,4613211.0,Retirement,3,Mid NW • Retirement
CUST204144,-295259.0,23.85,850089.0,Education,2,Low NW • Education
CUST204145,5907312.0,22.17,4707181.0,House,0,Mid NW • House
CUST204146,9670.0,11.99,5069022.0,Retirement,3,Mid NW • Retirement
CUST204147,14032181.0,28.52,5810738.0,Education,2,Low NW • Education
CUST204148,-40884.0,5.81,504970.0,Emergency_Fund,2,Low NW • Education
CUST204149,6567045.0,27.1,3869826.0,House,0,Mid NW • House
CUST204150,-38374.0,11.46,4566478.0,Education,2,Low NW • Education
CUST204151,3865727.0,17.83,4303243.0,Retirement,3,Mid NW • Retirement
CUST204152,2363733.0,19.31,736167.0,House,0,Mid NW • House
CUST204153,7041898.0,28.7,4580064.0,House,0,Mid NW • House
CUST204154,6101088.0,28.61,501198.0,Retirement,3,Mid NW • Retirement
CUST204155,5242074.0,24.9,1115628.0,House,0,Mid NW • House
CUST204156,3411147.0,16.81,2589144.0,Education,2,Low NW • Education
CUST204157,28617782.0,59.19,25761519.0,Wealth,1,High NW • Wealth (large goals)
CUST204158,21945032.0,44.43,12788896.0,Wealth,1,High NW • Wealth (large goals)
CUST204159,12777562.0,23.65,4886932.0,House,0,Mid NW • House
CUST204160,5877439.0,55.34,3591655.0,Wealth,1,High NW • Wealth (large goals)
CUST204161,2749623.0,20.31,5000893.0,Retirement,3,Mid NW • Retirement
CUST204162,5732228.0,17.45,3798814.0,House,0,Mid NW • House
CUST204163,2470079.0,20.19,4161773.0,Retirement,3,Mid NW • Retirement
CUST204164,1900169.0,26.14,2537773.0,Education,2,Low NW • Education
CUST204165,1285975.0,17.62,1167216.0,Retirement,3,Mid NW • Retirement
CUST204166,1399864.0,17.94,1948879.0,Education,2,Low NW • Education
CUST204167,8742276.0,23.74,2182986.0,House,0,Mid NW • House
CUST204168,34853648.0,46.4,26653448.0,House,1,High NW • Wealth (large goals)
CUST204169,5236106.0,22.76,1396386.0,House,0,Mid NW • House
CUST204170,5456230.0,23.42,2845907.0,Education,2,Low NW • Education
CUST204171,-303479.0,27.99,5471165.0,Retirement,3,Mid NW • Retirement
CUST204172,29135425.0,32.44,24338081.0,Wealth,1,High NW • Wealth (large goals)
CUST204173,474718.0,6.89,132647.0,Emergency_Fund,2,Low NW • Education
CUST204174,6469512.0,22.67,4896480.0,Education,2,Low NW • Education
CUST204175,11313666.0,44.9,9661862.0,Wealth,1,High NW • Wealth (large goals)
CUST204176,8033096.0,15.05,3156558.0,House,0,Mid NW • House
CUST204177,948615.0,21.66,5598812.0,House,0,Mid NW • House
CUST204178,2497149.0,18.31,612015.0,Retirement,3,Mid NW • Retirement
CUST204179,745328.0,12.09,4692543.0,House,0,Mid NW • House
CUST204180,4024331.0,13.57,826013.0,Retirement,3,Mid NW • Retirement
CUST204181,4414764.0,12.44,5966109.0,Education,2,Low NW • Education
CUST204182,2017032.0,22.24,3110521.0,Retirement,3,Mid NW • Retirement
CUST204183,13322894.0,56.42,8505262.0,Wealth,1,High NW • Wealth (large goals)
CUST204184,1522223.0,11.39,2733965.0,House,0,Mid NW • House
CUST204185,52408.0,59.17,27892947.0,Retirement,1,High NW • Wealth (large goals)
CUST204186,11305651.0,50.69,11194174.0,Wealth,1,High NW • Wealth (large goals)
CUST204187,3194036.0,17.72,2672163.0,Retirement,3,Mid NW • Retirement
CUST204188,207085.0,10.09,3741316.0,House,0,Mid NW • House
CUST204189,1927217.0,26.41,5283168.0,Retirement,3,Mid NW • Retirement
CUST204190,40953766.0,39.98,3821719.0,Retirement,4,High NW • Wealth (modest goals)
CUST204191,32715934.0,48.93,3926472.0,Wealth,4,High NW • Wealth (modest goals)
CUST204192,23367654.0,38.88,4065597.0,Retirement,4,High NW • Wealth (modest goals)
CUST204193,21893.0,7.26,115106.0,Emergency_Fund,2,Low NW • Education
CUST204194,106826.0,2.32,202994.0,Emergency_Fund,2,Low NW • Education
CUST204195,3918721.0,20.51,2385641.0,Retirement,3,Mid NW • Retirement
CUST204196,7685156.0,28.63,4275924.0,Retirement,3,Mid NW • Retirement
CUST204197,3912430.0,18.33,3396343.0,Retirement,3,Mid NW • Retirement
CUST204198,-675989.0,17.84,4114829.0,Education,2,Low NW • Education
CUST204199,2946326.0,23.9,2012240.0,Retirement,3,Mid NW • Retirement
CUST204200,12285298.0,46.39,21157292.0,Retirement,1,High NW • Wealth (large goals)
CUST204201,-45218.0,2.07,394318.0,Education,2,Low NW • Education
CUST204202,4666289.0,16.33,2206777.0,Retirement,3,Mid NW • Retirement
CUST204203,10497043.0,29.23,5221668.0,House,0,Mid NW • House
CUST204204,1201109.0,24.42,5356069.0,House,0,Mid NW • House
CUST204205,2365933.0,14.78,1910213.0,Retirement,3,Mid NW • Retirement
CUST204206,1794653.0,29.54,1335190.0,House,0,Mid NW • House
CUST204207,347432.0,11.02,4215788.0,House,0,Mid NW • House
CUST204208,4260548.0,23.55,3540137.0,Retirement,3,Mid NW • Retirement
CUST204209,-26900.0,5.06,514807.0,Education,2,Low NW • Education
CUST204210,11598536.0,36.67,25822494.0,Wealth,1,High NW • Wealth (large goals)
CUST204211,40681657.0,36.34,17963740.0,Retirement,4,High NW • Wealth (modest goals)
CUST204212,2111743.0,23.49,825439.0,Retirement,3,Mid NW • Retirement
CUST204213,-107971.0,6.75,501071.0,Emergency_Fund,2,Low NW • Education
CUST204214,12896577.0,43.32,14242699.0,Retirement,1,High NW • Wealth (large goals)
CUST204215,2744404.0,21.21,4774100.0,Retirement,3,Mid NW • Retirement
CUST204216,3399378.0,17.23,3834058.0,Retirement,3,Mid NW • Retirement
CUST204217,2183213.0,11.22,1387277.0,House,0,Mid NW • House
CUST204218,72977927.0,54.92,29122736.0,Retirement,4,High NW • Wealth (modest goals)
CUST204219,6686898.0,28.9,5189531.0,Retirement,3,Mid NW • Retirement
CUST204220,4809659.0,20.41,1036792.0,Retirement,3,Mid NW • Retirement
CUST204221,12404750.0,26.47,3168899.0,Retirement,3,Mid NW • Retirement
CUST204222,16330200.0,28.06,1198324.0,House,0,Mid NW • House
CUST204223,364313.0,29.75,5557994.0,Retirement,3,Mid NW • Retirement
CUST204224,296797.0,17.35,4728763.0,Retirement,3,Mid NW • Retirement
CUST204225,3664071.0,29.95,3480786.0,Retirement,3,Mid NW • Retirement
CUST204226,-378941.0,11.31,1147442.0,Retirement,3,Mid NW • Retirement
CUST204227,1269843.0,15.17,5586372.0,House,0,Mid NW • House
CUST204228,5227136.0,14.84,827770.0,Education,2,Low NW • Education
CUST204229,6635352.0,56.5,15225859.0,Retirement,1,High NW • Wealth (large goals)
CUST204230,1159432.0,28.7,2987228.0,Education,2,Low NW • Education
CUST204231,5004587.0,23.49,5745443.0,House,0,Mid NW • House
CUST204232,1969714.0,11.42,2284792.0,Retirement,3,Mid NW • Retirement
CUST204233,3334069.0,13.12,4351374.0,Education,2,Low NW • Education
CUST204234,1305446.0,25.88,4828773.0,Retirement,3,Mid NW • Retirement
CUST204235,6981331.0,51.04,12828094.0,Wealth,1,High NW • Wealth (large goals)
CUST204236,-62135.0,6.44,455202.0,Education,2,Low NW • Education
CUST204237,34278796.0,37.97,29378076.0,Wealth,1,High NW • Wealth (large goals)
CUST204238,4286446.0,19.42,3679420.0,House,0,Mid NW • House
CUST204239,25396056.0,36.42,28526547.0,Wealth,1,High NW • Wealth (large goals)
CUST204240,6047452.0,27.69,3288479.0,Retirement,3,Mid NW • Retirement
CUST204241,185450.0,25.01,3166437.0,Retirement,3,Mid NW • Retirement
CUST204242,-247738.0,28.39,3495167.0,Education,2,Low NW • Education
CUST204243,-348242.0,18.79,4248774.0,House,0,Mid NW • House
CUST204244,-471007.0,25.64,1179890.0,House,0,Mid NW • House
CUST204245,1240587.0,14.86,4750267.0,House,0,Mid NW • House
CUST204246,123122.0,22.67,1948325.0,House,0,Mid NW • House
CUST204247,32189947.0,41.26,7833283.0,Retirement,4,High NW • Wealth (modest goals)
CUST204248,11805619.0,27.49,1920370.0,Retirement,3,Mid NW • Retirement
CUST204249,138106.0,26.58,2229578.0,Education,2,Low NW • Education
CUST204250,2992207.0,18.32,3732097.0,Retirement,3,Mid NW • Retirement
CUST204251,1370231.0,20.38,1277269.0,House,0,Mid NW • House
CUST204252,26401753.0,56.34,4023933.0,Wealth,4,High NW • Wealth (modest goals)
CUST204253,1560137.0,18.65,5777370.0,Retirement,3,Mid NW • Retirement
CUST204254,3529626.0,23.07,4437315.0,House,0,Mid NW • House
CUST204255,3869815.0,27.33,4103920.0,Retirement,3,Mid NW • Retirement
CUST204256,-528541.0,21.19,1774476.0,Retirement,3,Mid NW • Retirement
CUST204257,-238530.0,15.87,5185268.0,House,0,Mid NW • House
CUST204258,5673230.0,27.14,3139613.0,Retirement,3,Mid NW • Retirement
CUST204259,1087769.0,25.67,4944356.0,Retirement,3,Mid NW • Retirement
CUST204260,290578.0,7.66,170140.0,Education,2,Low NW • Education
CUST204261,5668390.0,22.29,5483318.0,House,0,Mid NW • House
CUST204262,4235744.0,24.22,1957043.0,Education,2,Low NW • Education
CUST204263,5218624.0,22.75,957169.0,House,0,Mid NW • House
CUST204264,894739.0,15.5,782515.0,Retirement,3,Mid NW • Retirement
CUST204265,-89042.0,16.83,2331680.0,Retirement,3,Mid NW • Retirement
CUST204266,2377521.0,18.18,5881689.0,House,0,Mid NW • House
CUST204267,8761027.0,36.35,2842058.0,Wealth,0,Mid NW • House
CUST204268,-248851.0,7.63,496161.0,Emergency_Fund,2,Low NW • Education
CUST204269,1302192.0,28.67,3961416.0,Education,2,Low NW • Education
CUST204270,4449470.0,13.18,3898351.0,House,0,Mid NW • House
CUST204271,6665995.0,29.04,4845161.0,House,0,Mid NW • House
CUST204272,6794564.0,19.53,5642487.0,Retirement,3,Mid NW • Retirement
CUST204273,9216465.0,33.08,21135112.0,Retirement,1,High NW • Wealth (large goals)
CUST204274,1422718.0,10.97,3820953.0,House,0,Mid NW • House
CUST204275,32711374.0,30.58,5786568.0,House,4,High NW • Wealth (modest goals)
CUST204276,124245.0,5.29,354448.0,Emergency_Fund,2,Low NW • Education
CUST204277,713941.0,29.17,5547401.0,House,0,Mid NW • House
CUST204278,2897987.0,28.45,5219114.0,Retirement,3,Mid NW • Retirement
CUST204279,2190506.0,11.82,3403572.0,House,0,Mid NW • House
CUST204280,5744766.0,25.35,2695052.0,Retirement,3,Mid NW • Retirement
CUST204281,35675557.0,43.52,11768992.0,Wealth,4,High NW • Wealth (modest goals)
CUST204282,3241444.0,14.3,5552129.0,Retirement,3,Mid NW • Retirement
CUST204283,596761.0,24.16,3274038.0,Retirement,3,Mid NW • Retirement
CUST204284,-214053.0,15.04,961643.0,Education,2,Low NW • Education
CUST204285,704175.0,24.43,983674.0,Retirement,3,Mid NW • Retirement
CUST204286,-174262.0,4.1,579692.0,Emergency_Fund,2,Low NW • Education
CUST204287,9764874.0,29.24,1196325.0,Retirement,3,Mid NW • Retirement
CUST204288,104780.0,29.04,3306214.0,House,0,Mid NW • House
CUST204289,114552.0,24.82,3176720.0,Retirement,3,Mid NW • Retirement
CUST204290,31402821.0,50.02,15334792.0,Wealth,4,High NW • Wealth (modest goals)
CUST204291,18079762.0,36.6,20664908.0,Retirement,1,High NW • Wealth (large goals)
CUST204292,2425084.0,11.79,5446123.0,House,0,Mid NW • House
CUST204293,9002198.0,34.8,29463184.0,Retirement,1,High NW • Wealth (large goals)
CUST204294,7556977.0,37.54,14179471.0,Retirement,1,High NW • Wealth (large goals)
CUST204295,32536165.0,45.4,20364667.0,Wealth,4,High NW • Wealth (modest goals)
CUST204296,937888.0,8.62,588171.0,Emergency_Fund,2,Low NW • Education
CUST204297,6504141.0,21.38,2400115.0,Retirement,3,Mid NW • Retirement
CUST204298,-812489.0,29.88,4265192.0,House,0,Mid NW • House
CUST204299,1047709.0,29.14,1306028.0,Retirement,3,Mid NW • Retirement
CUST204300,2559361.0,14.95,1790439.0,Retirement,3,Mid NW • Retirement
CUST204301,269167.0,12.35,1838430.0,House,0,Mid NW • House
CUST204302,1156771.0,19.19,1641151.0,House,0,Mid NW • House
CUST204303,15062624.0,21.35,1545189.0,Retirement,3,Mid NW • Retirement
CUST204304,-126314.0,18.88,1949608.0,House,0,Mid NW • House
CUST204305,3647248.0,26.36,1854453.0,Retirement,3,Mid NW • Retirement
CUST204306,-14547.0,15.11,1532513.0,Retirement,3,Mid NW • Retirement
CUST204307,6973707.0,20.34,1236287.0,Retirement,3,Mid NW • Retirement
CUST204308,3273823.0,22.84,2313154.0,Retirement,3,Mid NW • Retirement
CUST204309,-205197.0,29.53,5157031.0,Retirement,3,Mid NW • Retirement
CUST204310,8108995.0,28.22,3605995.0,Retirement,3,Mid NW • Retirement
CUST204311,3895052.0,15.38,3830017.0,Retirement,3,Mid NW • Retirement
CUST204312,8742920.0,18.37,5509850.0,Retirement,3,Mid NW • Retirement
CUST204313,-45781.0,1.23,387421.0,Emergency_Fund,2,Low NW • Education
CUST204314,3295763.0,13.44,4059535.0,Retirement,3,Mid NW • Retirement
CUST204315,2031380.0,17.45,5163049.0,House,0,Mid NW • House
CUST204316,4388144.0,14.66,4234855.0,House,0,Mid NW • House
CUST204317,894053.0,18.13,2261929.0,House,0,Mid NW • House
CUST204318,445024.0,19.4,5495317.0,Education,2,Low NW • Education
CUST204319,604487.0,14.72,3010023.0,Education,2,Low NW • Education
CUST204320,2579145.0,23.9,5995560.0,Retirement,3,Mid NW • Retirement
CUST204321,28846681.0,32.37,28468872.0,Wealth,1,High NW • Wealth (large goals)
CUST204322,2789275.0,11.42,2776242.0,Retirement,3,Mid NW • Retirement
CUST204323,2210186.0,22.86,3358461.0,Retirement,3,Mid NW • Retirement
CUST204324,24455781.0,33.19,17646340.0,Retirement,1,High NW • Wealth (large goals)
CUST204325,5785279.0,26.35,1693256.0,Retirement,3,Mid NW • Retirement
CUST204326,812768.0,25.98,2826752.0,Retirement,3,Mid NW • Retirement
CUST204327,14845810.0,25.54,3023918.0,House,0,Mid NW • House
CUST204328,2974097.0,22.77,1377927.0,Retirement,3,Mid NW • Retirement
CUST204329,8297011.0,21.33,5114217.0,Retirement,3,Mid NW • Retirement
CUST204330,628132.0,14.74,1093193.0,House,0,Mid NW • House
CUST204331,13118936.0,38.4,2502370.0,Wealth,0,Mid NW • House
CUST204332,25496984.0,44.99,2433520.0,Wealth,4,High NW • Wealth (modest goals)
CUST204333,8957078.0,17.63,3664059.0,House,0,Mid NW • House
CUST204334,4619443.0,24.56,2782967.0,Retirement,3,Mid NW • Retirement
CUST204335,964833.0,14.42,4261099.0,House,0,Mid NW • House
CUST204336,-228174.0,18.66,1246334.0,Education,2,Low NW • Education
CUST204337,1004322.0,14.27,5391302.0,Retirement,3,Mid NW • Retirement
CUST204338,29220.0,27.91,2066807.0,House,0,Mid NW • House
CUST204339,1609032.0,28.03,3972798.0,Education,2,Low NW • Education
CUST204340,3019364.0,13.66,1402125.0,House,0,Mid NW • House
CUST204341,1655254.0,17.41,4932613.0,House,0,Mid NW • House
CUST204342,3289663.0,23.56,1400558.0,Retirement,3,Mid NW • Retirement
CUST204343,6313682.0,10.61,5298734.0,House,0,Mid NW • House
CUST204344,37521066.0,31.28,5863972.0,Retirement,4,High NW • Wealth (modest goals)
CUST204345,547900.0,18.47,856513.0,House,0,Mid NW • House
CUST204346,2718074.0,21.99,2613626.0,Retirement,3,Mid NW • Retirement
CUST204347,6497955.0,29.33,2437612.0,House,0,Mid NW • House
CUST204348,4558918.0,13.66,1888217.0,Retirement,3,Mid NW • Retirement
CUST204349,841677.0,10.83,5025522.0,Retirement,3,Mid NW • Retirement
CUST204350,9225017.0,43.93,4275302.0,Retirement,3,Mid NW • Retirement
CUST204351,1093663.0,28.72,2629909.0,House,0,Mid NW • House
CUST204352,9372339.0,25.51,3153327.0,Education,2,Low NW • Education
CUST204353,797907.0,13.52,5534297.0,Retirement,3,Mid NW • Retirement
CUST204354,41405514.0,47.5,14576748.0,Retirement,4,High NW • Wealth (modest goals)
CUST204355,1950753.0,16.88,3619089.0,Education,2,Low NW • Education
CUST204356,636890.0,12.8,4753443.0,Retirement,3,Mid NW • Retirement
CUST204357,5062402.0,10.09,4474909.0,Education,2,Low NW • Education
CUST204358,3503153.0,29.98,3005255.0,House,0,Mid NW • House
CUST204359,9540333.0,18.6,2195561.0,House,0,Mid NW • House
CUST204360,10779395.0,18.78,2974116.0,House,0,Mid NW • House
CUST204361,3947014.0,12.38,3359737.0,Retirement,3,Mid NW • Retirement
CUST204362,3352452.0,23.79,3422794.0,Retirement,3,Mid NW • Retirement
CUST204363,3406712.0,18.66,1996125.0,House,0,Mid NW • House
CUST204364,4162867.0,17.95,1560429.0,Education,2,Low NW • Education
CUST204365,116120.0,12.3,4362527.0,Retirement,3,Mid NW • Retirement
CUST204366,43215418.0,48.08,7934699.0,Wealth,4,High NW • Wealth (modest goals)
CUST204367,690526.0,15.85,2816531.0,Retirement,3,Mid NW • Retirement
CUST204368,6692843.0,18.01,3695495.0,Retirement,3,Mid NW • Retirement
CUST204369,2940336.0,18.76,1947418.0,House,0,Mid NW • House
CUST204370,46509961.0,53.57,6731191.0,House,4,High NW • Wealth (modest goals)
CUST204371,31942891.0,32.3,18934068.0,Wealth,4,High NW • Wealth (modest goals)
CUST204372,2650386.0,23.5,4638153.0,Education,2,Low NW • Education
CUST204373,28807318.0,30.04,13067755.0,Retirement,4,High NW • Wealth (modest goals)
CUST204374,2116639.0,10.18,2407966.0,House,0,Mid NW • House
CUST204375,10902758.0,21.16,3763703.0,Retirement,3,Mid NW • Retirement
CUST204376,-6783.0,14.31,2392951.0,Education,2,Low NW • Education
CUST204377,4147824.0,22.86,2848703.0,Retirement,3,Mid NW • Retirement
CUST204378,2632641.0,23.39,5872421.0,Retirement,3,Mid NW • Retirement
CUST204379,486214.0,12.02,880459.0,Retirement,3,Mid NW • Retirement
CUST204380,3678707.0,22.46,3137358.0,Retirement,3,Mid NW • Retirement
CUST204381,1807178.0,29.89,5924057.0,Retirement,3,Mid NW • Retirement
CUST204382,82346415.0,54.33,15146270.0,Wealth,4,High NW • Wealth (modest goals)
CUST204383,4491461.0,22.57,2075173.0,Retirement,3,Mid NW • Retirement
CUST204384,3988035.0,10.85,4167159.0,Retirement,3,Mid NW • Retirement
CUST204385,9900565.0,24.58,5089858.0,House,0,Mid NW • House
CUST204386,1767201.0,15.89,4940805.0,Retirement,3,Mid NW • Retirement
CUST204387,1922361.0,18.64,3618821.0,House,0,Mid NW • House
CUST204388,23542359.0,51.94,29768571.0,House,1,High NW • Wealth (large goals)
CUST204389,1446869.0,19.13,545140.0,Retirement,3,Mid NW • Retirement
CUST204390,2024938.0,23.64,5216062.0,Education,2,Low NW • Education
CUST204391,45406158.0,46.52,8032728.0,Wealth,4,High NW • Wealth (modest goals)
CUST204392,4711069.0,19.5,4809056.0,Education,2,Low NW • Education
CUST204393,1539568.0,11.02,4204720.0,House,0,Mid NW • House
CUST204394,1544042.0,25.36,4675689.0,House,0,Mid NW • House
CUST204395,4454041.0,28.26,5807346.0,Retirement,3,Mid NW • Retirement
CUST204396,191177.0,13.27,4685182.0,Retirement,3,Mid NW • Retirement
CUST204397,-329542.0,29.85,2036294.0,Retirement,3,Mid NW • Retirement
CUST204398,2306661.0,44.82,11899903.0,Wealth,1,High NW • Wealth (large goals)
CUST204399,14229181.0,53.99,19070841.0,Retirement,1,High NW • Wealth (large goals)
CUST204400,1460417.0,25.12,2494113.0,Retirement,3,Mid NW • Retirement
CUST204401,15481989.0,51.17,6375366.0,Wealth,1,High NW • Wealth (large goals)
CUST204402,2095796.0,21.56,3044335.0,Education,2,Low NW • Education
CUST204403,61874.0,10.2,4131186.0,Retirement,3,Mid NW • Retirement
CUST204404,4147224.0,29.17,2210751.0,Retirement,3,Mid NW • Retirement
CUST204405,11525512.0,24.57,4249878.0,Education,2,Low NW • Education
CUST204406,3062571.0,31.13,3678081.0,House,0,Mid NW • House
CUST204407,26237750.0,35.96,21831156.0,Retirement,1,High NW • Wealth (large goals)
CUST204408,-449058.0,3.48,354899.0,Emergency_Fund,2,Low NW • Education
CUST204409,812336.0,17.56,2084919.0,House,0,Mid NW • House
CUST204410,15963809.0,48.72,5009127.0,Wealth,4,High NW • Wealth (modest goals)
CUST204411,12225403.0,32.93,15860179.0,Wealth,1,High NW • Wealth (large goals)
CUST204412,5537761.0,20.58,3918945.0,Retirement,3,Mid NW • Retirement
CUST204413,1911409.0,21.65,1021167.0,Education,2,Low NW • Education
CUST204414,29571665.0,36.76,22374370.0,House,1,High NW • Wealth (large goals)
CUST204415,2762728.0,16.06,4546892.0,Retirement,3,Mid NW • Retirement
CUST204416,-147639.0,5.55,155151.0,Emergency_Fund,2,Low NW • Education
CUST204417,5095117.0,22.09,2369801.0,House,0,Mid NW • House
CUST204418,5448459.0,14.3,1591577.0,Education,2,Low NW • Education
CUST204419,1840664.0,29.55,3809239.0,Retirement,3,Mid NW • Retirement
CUST204420,969429.0,22.38,3754042.0,House,0,Mid NW • House
CUST204421,5827911.0,19.82,5224439.0,House,0,Mid NW • House
CUST204422,16331934.0,36.71,2232631.0,Retirement,3,Mid NW • Retirement
CUST204423,13556956.0,25.79,5377690.0,House,0,Mid NW • House
CUST204424,2766486.0,25.94,3626742.0,Retirement,3,Mid NW • Retirement
CUST204425,6360716.0,19.11,1940718.0,Education,2,Low NW • Education
CUST204426,3684957.0,22.33,2847746.0,Education,2,Low NW • Education
CUST204427,8954111.0,20.77,3852567.0,Retirement,3,Mid NW • Retirement
CUST204428,2779343.0,15.34,866714.0,Retirement,3,Mid NW • Retirement
CUST204429,1413311.0,13.45,5924510.0,Retirement,3,Mid NW • Retirement
CUST204430,2379885.0,11.97,771791.0,House,0,Mid NW • House
CUST204431,1594073.0,12.41,5971580.0,Education,2,Low NW • Education
CUST204432,4818803.0,19.21,3000064.0,Education,2,Low NW • Education
CUST204433,1298695.0,20.65,758121.0,Education,2,Low NW • Education
CUST204434,5775445.0,20.34,2633372.0,House,0,Mid NW • House
CUST204435,9938457.0,58.29,10651630.0,Retirement,1,High NW • Wealth (large goals)
CUST204436,7009298.0,25.66,1823949.0,House,0,Mid NW • House
CUST204437,17961323.0,39.21,27627411.0,Retirement,1,High NW • Wealth (large goals)
CUST204438,411656.0,29.46,2756965.0,House,0,Mid NW • House
CUST204439,558064.0,25.96,4315991.0,Retirement,3,Mid NW • Retirement
CUST204440,5477040.0,20.6,5915541.0,Retirement,3,Mid NW • Retirement
CUST204441,2261792.0,24.3,5194589.0,House,0,Mid NW • House
CUST204442,57286244.0,57.24,5076776.0,Retirement,4,High NW • Wealth (modest goals)
CUST204443,1127180.0,15.3,4599213.0,House,0,Mid NW • House
CUST204444,6967806.0,26.64,1158270.0,Retirement,3,Mid NW • Retirement
CUST204445,-135550.0,13.67,537331.0,House,0,Mid NW • House
CUST204446,39436973.0,49.68,11619213.0,Wealth,4,High NW • Wealth (modest goals)
CUST204447,-334411.0,22.99,2339836.0,Retirement,3,Mid NW • Retirement
CUST204448,14192.0,29.65,1707507.0,House,0,Mid NW • House
CUST204449,2394129.0,14.47,4142758.0,Retirement,3,Mid NW • Retirement
CUST204450,5880560.0,29.44,2914311.0,Retirement,3,Mid NW • Retirement
CUST204451,17610113.0,35.67,22647259.0,Wealth,1,High NW • Wealth (large goals)
CUST204452,1135416.0,11.76,1809171.0,Retirement,3,Mid NW • Retirement
CUST204453,2125008.0,23.85,4332938.0,Retirement,3,Mid NW • Retirement
CUST204454,3243871.0,12.28,2388519.0,Retirement,3,Mid NW • Retirement
CUST204455,17917476.0,45.36,3733830.0,Retirement,3,Mid NW • Retirement
CUST204456,20793881.0,45.44,22563925.0,Retirement,1,High NW • Wealth (large goals)
CUST204457,4587950.0,44.07,12996631.0,Wealth,1,High NW • Wealth (large goals)
CUST204458,1476600.0,12.09,4578575.0,House,0,Mid NW • House
CUST204459,1632816.0,18.48,1869229.0,House,0,Mid NW • House
CUST204460,1524718.0,16.88,1194559.0,House,0,Mid NW • House
CUST204461,1484210.0,28.73,5692178.0,House,0,Mid NW • House
CUST204462,22424836.0,42.47,8489453.0,Retirement,4,High NW • Wealth (modest goals)
CUST204463,1453147.0,15.16,4136019.0,Retirement,3,Mid NW • Retirement
CUST204464,10345198.0,43.25,18246570.0,Retirement,1,High NW • Wealth (large goals)
CUST204465,35689401.0,56.98,8858757.0,Wealth,4,High NW • Wealth (modest goals)
CUST204466,764559.0,16.46,5331313.0,Education,2,Low NW • Education
CUST204467,198489.0,15.48,5945633.0,Education,2,Low NW • Education
CUST204468,6318088.0,10.68,1985974.0,Education,2,Low NW • Education
CUST204469,2566313.0,23.25,2046937.0,House,0,Mid NW • House
CUST204470,39257866.0,55.28,12449785.0,Wealth,4,High NW • Wealth (modest goals)
CUST204471,1485458.0,24.92,804251.0,Retirement,3,Mid NW • Retirement
CUST204472,275174.0,14.82,609613.0,House,0,Mid NW • House
CUST204473,7836732.0,25.75,2371985.0,House,0,Mid NW • House
CUST204474,10953550.0,33.71,24655391.0,Retirement,1,High NW • Wealth (large goals)
CUST204475,195291.0,34.37,27635762.0,Wealth,1,High NW • Wealth (large goals)
CUST204476,417648.0,13.14,3997358.0,House,0,Mid NW • House
CUST204477,41917866.0,45.56,20427337.0,Retirement,4,High NW • Wealth (modest goals)
CUST204478,427802.0,18.08,4310026.0,Education,2,Low NW • Education
CUST204479,5141694.0,18.91,4614194.0,House,0,Mid NW • House
CUST204480,7260765.0,23.79,1028765.0,Retirement,3,Mid NW • Retirement
CUST204481,3767066.0,21.43,5251668.0,Retirement,3,Mid NW • Retirement
CUST204482,3702738.0,22.76,2381458.0,Retirement,3,Mid NW • Retirement
CUST204483,2161224.0,26.26,943694.0,House,0,Mid NW • House
CUST204484,2547944.0,29.85,2671272.0,Retirement,3,Mid NW • Retirement
CUST204485,988169.0,19.82,3406081.0,House,0,Mid NW • House
CUST204486,9192311.0,26.24,2576693.0,Retirement,3,Mid NW • Retirement
CUST204487,27222.0,15.48,2096147.0,Retirement,3,Mid NW • Retirement
CUST204488,188156.0,22.13,5154684.0,House,0,Mid NW • House
CUST204489,9280677.0,57.21,16071008.0,Retirement,1,High NW • Wealth (large goals)
CUST204490,6388027.0,16.04,1679143.0,Retirement,3,Mid NW • Retirement
CUST204491,23159925.0,42.88,28143849.0,Retirement,1,High NW • Wealth (large goals)
CUST204492,1111633.0,13.56,1294613.0,House,0,Mid NW • House
CUST204493,6041612.0,31.0,21525317.0,Wealth,1,High NW • Wealth (large goals)
CUST204494,13132989.0,39.5,11670713.0,Wealth,1,High NW • Wealth (large goals)
CUST204495,20119592.0,49.86,3421369.0,Retirement,4,High NW • Wealth (modest goals)
CUST204496,3835941.0,26.26,3503714.0,House,0,Mid NW • House
CUST204497,5954138.0,22.41,5477598.0,Retirement,3,Mid NW • Retirement
CUST204498,4837821.0,24.76,4236167.0,Retirement,3,Mid NW • Retirement
CUST204499,59075.0,8.3,203103.0,Education,2,Low NW • Education
CUST204500,12194305.0,58.77,8224865.0,Retirement,1,High NW • Wealth (large goals)
CUST204501,67469.0,11.13,1876270.0,House,0,Mid NW • House
CUST204502,32136674.0,34.05,14426167.0,Retirement,4,High NW • Wealth (modest goals)
CUST204503,4489499.0,29.36,3539476.0,Education,2,Low NW • Education
CUST204504,4516.0,13.06,3347573.0,Retirement,3,Mid NW • Retirement
CUST204505,222405.0,42.97,20101198.0,Retirement,1,High NW • Wealth (large goals)
CUST204506,2505217.0,19.49,1479495.0,House,0,Mid NW • House
CUST204507,6011992.0,19.78,1381895.0,Education,2,Low NW • Education
CUST204508,1416271.0,16.45,5517108.0,Retirement,3,Mid NW • Retirement
CUST204509,94013.0,13.33,1271533.0,House,0,Mid NW • House
CUST204510,15365712.0,44.11,16952767.0,Wealth,1,High NW • Wealth (large goals)
CUST204511,5885908.0,27.93,3093218.0,Education,2,Low NW • Education
CUST204512,64283.0,11.58,909452.0,Retirement,3,Mid NW • Retirement
CUST204513,800665.0,10.28,1675789.0,Retirement,3,Mid NW • Retirement
CUST204514,1417705.0,15.55,3139615.0,Retirement,3,Mid NW • Retirement
CUST204515,60248.0,26.73,728765.0,Retirement,3,Mid NW • Retirement
CUST204516,7270107.0,57.02,8407762.0,Wealth,1,High NW • Wealth (large goals)
CUST204517,3696856.0,13.69,585377.0,Retirement,3,Mid NW • Retirement
CUST204518,1182317.0,10.96,824769.0,Retirement,3,Mid NW • Retirement
CUST204519,1162289.0,26.93,3332502.0,Education,2,Low NW • Education
CUST204520,10932944.0,23.7,1406735.0,Retirement,3,Mid NW • Retirement
CUST204521,7722902.0,19.51,1801365.0,Education,2,Low NW • Education
CUST204522,6341020.0,18.1,597888.0,House,0,Mid NW • House
CUST204523,12175446.0,34.47,19097431.0,Wealth,1,High NW • Wealth (large goals)
CUST204524,43870.0,33.51,14708160.0,Retirement,1,High NW • Wealth (large goals)
CUST204525,3750362.0,19.18,3354091.0,Retirement,3,Mid NW • Retirement
CUST204526,7824616.0,28.8,1006480.0,Retirement,3,Mid NW • Retirement
CUST204527,380507.0,14.19,2302963.0,Education,2,Low NW • Education
CUST204528,27273412.0,54.26,22007889.0,Wealth,1,High NW • Wealth (large goals)
CUST204529,3906233.0,26.29,5985203.0,House,0,Mid NW • House
CUST204530,2896888.0,42.97,6241450.0,House,0,Mid NW • House
CUST204531,43171990.0,43.51,13589090.0,House,4,High NW • Wealth (modest goals)
CUST204532,4727415.0,31.85,27501754.0,Retirement,1,High NW • Wealth (large goals)
CUST204533,48297189.0,57.91,10508705.0,Wealth,4,High NW • Wealth (modest goals)
CUST204534,197984.0,7.45,578003.0,Emergency_Fund,2,Low NW • Education
CUST204535,241982.0,17.67,4933642.0,Retirement,3,Mid NW • Retirement
CUST204536,1391861.0,27.47,5761144.0,Retirement,3,Mid NW • Retirement
CUST204537,28479014.0,46.66,20630329.0,Retirement,1,High NW • Wealth (large goals)
CUST204538,14492062.0,37.52,12444139.0,Wealth,1,High NW • Wealth (large goals)
CUST204539,-30585.0,4.33,486837.0,Emergency_Fund,2,Low NW • Education
CUST204540,7678763.0,24.71,4227287.0,Education,2,Low NW • Education
CUST204541,76757.0,58.57,16723781.0,Wealth,1,High NW • Wealth (large goals)
CUST204542,5565952.0,39.96,3439694.0,Retirement,3,Mid NW • Retirement
CUST204543,21720810.0,33.68,8857331.0,Wealth,4,High NW • Wealth (modest goals)
CUST204544,4054166.0,23.34,3253550.0,House,0,Mid NW • House
CUST204545,27211202.0,49.84,4682322.0,Wealth,4,High NW • Wealth (modest goals)
CUST204546,2270907.0,15.85,4007125.0,Education,2,Low NW • Education
CUST204547,43021075.0,51.41,9349392.0,Wealth,4,High NW • Wealth (modest goals)
CUST204548,4971522.0,48.78,8815814.0,Retirement,1,High NW • Wealth (large goals)
CUST204549,2722110.0,12.4,569982.0,Retirement,3,Mid NW • Retirement
CUST204550,2702127.0,13.72,5272844.0,House,0,Mid NW • House
CUST204551,5568905.0,14.63,2164226.0,Retirement,3,Mid NW • Retirement
CUST204552,569109.0,11.33,1493618.0,Retirement,3,Mid NW • Retirement
CUST204553,69390.0,7.31,370448.0,Education,2,Low NW • Education
CUST204554,-123919.0,23.07,3479092.0,Retirement,3,Mid NW • Retirement
CUST204555,3040128.0,11.04,5113599.0,House,0,Mid NW • House
CUST204556,3412065.0,13.6,3368911.0,Retirement,3,Mid NW • Retirement
CUST204557,58018.0,6.79,356276.0,Emergency_Fund,2,Low NW • Education
CUST204558,899170.0,19.0,4012743.0,Education,2,Low NW • Education
CUST204559,5510056.0,11.68,2334005.0,Retirement,3,Mid NW • Retirement
CUST204560,-81443.0,2.37,194701.0,Emergency_Fund,2,Low NW • Education
CUST204561,10472648.0,23.24,4773271.0,Retirement,3,Mid NW • Retirement
CUST204562,68259.0,7.4,165555.0,Emergency_Fund,2,Low NW • Education
CUST204563,1055236.0,26.96,730639.0,House,0,Mid NW • House
CUST204564,73057.0,5.58,160805.0,Emergency_Fund,2,Low NW • Education
CUST204565,3974540.0,10.59,1347045.0,Retirement,3,Mid NW • Retirement
CUST204566,100388.0,17.22,2295501.0,Retirement,3,Mid NW • Retirement
CUST204567,46672798.0,54.14,14548968.0,House,4,High NW • Wealth (modest goals)
CUST204568,2618044.0,28.29,1375462.0,Retirement,3,Mid NW • Retirement
CUST204569,1624580.0,24.77,4220377.0,Education,2,Low NW • Education
CUST204570,1409530.0,18.7,4654992.0,House,0,Mid NW • House
CUST204571,43487323.0,40.48,7227638.0,Retirement,4,High NW • Wealth (modest goals)
CUST204572,1964414.0,17.11,2721397.0,House,0,Mid NW • House
CUST204573,12015440.0,38.56,10339623.0,Retirement,1,High NW • Wealth (large goals)
CUST204574,8893796.0,29.12,3933122.0,House,0,Mid NW • House
CUST204575,8623368.0,27.23,2774434.0,House,0,Mid NW • House
CUST204576,333623.0,11.84,4728802.0,Retirement,3,Mid NW • Retirement
CUST204577,5601905.0,48.06,10053710.0,Wealth,1,High NW • Wealth (large goals)
CUST204578,16487164.0,47.16,25578271.0,Wealth,1,High NW • Wealth (large goals)
CUST204579,2945427.0,14.12,2055011.0,Education,2,Low NW • Education
CUST204580,2464919.0,19.05,5140732.0,House,0,Mid NW • House
CUST204581,2311942.0,10.82,2448971.0,Retirement,3,Mid NW • Retirement
CUST204582,1223167.0,22.04,1070813.0,Education,2,Low NW • Education
CUST204583,1024035.0,14.93,595704.0,Education,2,Low NW • Education
CUST204584,2114421.0,25.26,2249528.0,Education,2,Low NW • Education
CUST204585,1691156.0,12.15,2006418.0,Education,2,Low NW • Education
CUST204586,8926669.0,29.9,3399325.0,Education,2,Low NW • Education
CUST204587,14999937.0,28.48,2353099.0,Retirement,3,Mid NW • Retirement
CUST204588,9859601.0,18.69,603996.0,House,0,Mid NW • House
CUST204589,14324919.0,51.7,14947534.0,Wealth,1,High NW • Wealth (large goals)
CUST204590,471112.0,16.64,2042562.0,House,0,Mid NW • House
CUST204591,12698800.0,29.8,906066.0,Retirement,3,Mid NW • Retirement
CUST204592,4747307.0,31.12,20306018.0,Wealth,1,High NW • Wealth (large goals)
CUST204593,2129124.0,21.34,4527630.0,House,0,Mid NW • House
CUST204594,5161824.0,21.47,2181103.0,Retirement,3,Mid NW • Retirement
CUST204595,1053871.0,19.61,4353578.0,Retirement,3,Mid NW • Retirement
CUST204596,2275449.0,14.14,1144429.0,Retirement,3,Mid NW • Retirement
CUST204597,-754100.0,11.49,3011940.0,House,0,Mid NW • House
CUST204598,2826185.0,24.84,544610.0,Retirement,3,Mid NW • Retirement
CUST204599,48785294.0,57.08,3708927.0,Retirement,4,High NW • Wealth (modest goals)
CUST204600,42676326.0,51.64,10860934.0,Wealth,4,High NW • Wealth (modest goals)
CUST204601,31711754.0,42.5,28300359.0,Wealth,1,High NW • Wealth (large goals)
CUST204602,5238839.0,23.23,3063233.0,Education,2,Low NW • Education
CUST204603,1428903.0,14.63,2895321.0,House,0,Mid NW • House
CUST204604,2448396.0,20.53,3769884.0,House,0,Mid NW • House
CUST204605,625261.0,11.88,5926238.0,House,0,Mid NW • House
CUST204606,8496008.0,28.97,3719994.0,House,0,Mid NW • House
CUST204607,-133444.0,6.03,107835.0,Education,2,Low NW • Education
CUST204608,1941329.0,11.41,5433627.0,House,0,Mid NW • House
CUST204609,4706186.0,13.52,2846524.0,House,0,Mid NW • House
CUST204610,3509873.0,12.01,3206271.0,Retirement,3,Mid NW • Retirement
CUST204611,3012850.0,18.29,601210.0,Education,2,Low NW • Education
CUST204612,7576020.0,22.38,4552630.0,House,0,Mid NW • House
CUST204613,52772687.0,57.38,13935004.0,Retirement,4,High NW • Wealth (modest goals)
CUST204614,2369384.0,27.84,768822.0,Retirement,3,Mid NW • Retirement
CUST204615,451113.0,8.53,322940.0,Education,2,Low NW • Education
CUST204616,2333761.0,22.89,4751917.0,Education,2,Low NW • Education
CUST204617,56428.0,13.89,1535068.0,House,0,Mid NW • House
CUST204618,6430295.0,22.31,3444398.0,House,0,Mid NW • House
CUST204619,6046190.0,15.91,934911.0,House,0,Mid NW • House
CUST204620,2335570.0,18.88,4704592.0,Retirement,3,Mid NW • Retirement
CUST204621,3507515.0,23.13,3212633.0,House,0,Mid NW • House
CUST204622,3537803.0,13.81,3598529.0,Retirement,3,Mid NW • Retirement
CUST204623,4461712.0,24.15,5907707.0,Retirement,3,Mid NW • Retirement
CUST204624,4380017.0,11.81,5195573.0,House,0,Mid NW • House
CUST204625,2555292.0,24.01,3761668.0,House,0,Mid NW • House
CUST204626,5539351.0,25.62,4488871.0,House,0,Mid NW • House
CUST204627,8132983.0,55.13,10789519.0,Wealth,1,High NW • Wealth (large goals)
CUST204628,12398723.0,26.12,4982123.0,House,0,Mid NW • House
CUST204629,5172123.0,23.18,5319967.0,Retirement,3,Mid NW • Retirement
CUST204630,4972294.0,28.89,5494754.0,Retirement,3,Mid NW • Retirement
CUST204631,7239698.0,23.16,3612212.0,Education,2,Low NW • Education
CUST204632,31407619.0,44.48,12310044.0,Retirement,4,High NW • Wealth (modest goals)
CUST204633,532549.0,8.83,377490.0,Education,2,Low NW • Education
CUST204634,2874383.0,10.57,5097054.0,House,0,Mid NW • House
CUST204635,520962.0,11.6,4905797.0,House,0,Mid NW • House
CUST204636,1764.0,22.54,1808696.0,Education,2,Low NW • Education
CUST204637,1758886.0,14.63,764949.0,Retirement,3,Mid NW • Retirement
CUST204638,5973212.0,24.59,2603607.0,Education,2,Low NW • Education
CUST204639,-6899.0,47.54,26886356.0,Retirement,1,High NW • Wealth (large goals)
CUST204640,22400537.0,54.38,28200557.0,Retirement,1,High NW • Wealth (large goals)
CUST204641,1526668.0,20.0,3129478.0,Retirement,3,Mid NW • Retirement
CUST204642,7122544.0,18.31,5097471.0,Retirement,3,Mid NW • Retirement
CUST204643,31483428.0,45.26,18593849.0,Wealth,4,High NW • Wealth (modest goals)
CUST204644,11330186.0,41.23,17941901.0,Wealth,1,High NW • Wealth (large goals)
CUST204645,62607.0,16.6,5588206.0,Education,2,Low NW • Education
CUST204646,11362102.0,22.26,5809804.0,Retirement,3,Mid NW • Retirement
CUST204647,1189287.0,15.0,3618380.0,Retirement,3,Mid NW • Retirement
CUST204648,1168518.0,13.31,2277747.0,Education,2,Low NW • Education
CUST204649,22723313.0,53.78,8931159.0,Wealth,4,High NW • Wealth (modest goals)
CUST204650,1009769.0,26.86,1546092.0,Retirement,3,Mid NW • Retirement
CUST204651,3784018.0,15.81,5381139.0,House,0,Mid NW • House
CUST204652,5027797.0,30.91,20255836.0,Retirement,1,High NW • Wealth (large goals)
CUST204653,4970977.0,26.63,2005541.0,Retirement,3,Mid NW • Retirement
CUST204654,2066405.0,27.05,3555071.0,House,0,Mid NW • House
CUST204655,469693.0,12.53,1808527.0,House,0,Mid NW • House
CUST204656,1663855.0,22.13,728994.0,Retirement,3,Mid NW • Retirement
CUST204657,629626.0,15.17,2669586.0,Retirement,3,Mid NW • Retirement
CUST204658,668822.0,12.03,5787192.0,House,0,Mid NW • House
CUST204659,963491.0,17.53,4793028.0,Education,2,Low NW • Education
CUST204660,8058073.0,24.69,1518566.0,House,0,Mid NW • House
CUST204661,2848127.0,11.68,5938269.0,Education,2,Low NW • Education
CUST204662,39837351.0,40.39,25078654.0,Wealth,4,High NW • Wealth (modest goals)
CUST204663,2093254.0,10.94,2734104.0,Retirement,3,Mid NW • Retirement
CUST204664,6710654.0,21.06,5625250.0,House,0,Mid NW • House
CUST204665,1333250.0,10.32,4353822.0,Retirement,3,Mid NW • Retirement
CUST204666,2697362.0,10.55,1761247.0,Retirement,3,Mid NW • Retirement
CUST204667,5060956.0,14.14,2957262.0,Retirement,3,Mid NW • Retirement
CUST204668,1971360.0,18.46,808342.0,Retirement,3,Mid NW • Retirement
CUST204669,10916451.0,36.92,26917637.0,Retirement,1,High NW • Wealth (large goals)
CUST204670,2448868.0,19.8,5946683.0,Retirement,3,Mid NW • Retirement
CUST204671,4713319.0,10.23,4660288.0,Retirement,3,Mid NW • Retirement
CUST204672,4439337.0,10.87,1673368.0,House,0,Mid NW • House
CUST204673,972749.0,24.16,3896388.0,House,0,Mid NW • House
CUST204674,8873108.0,23.7,1549627.0,House,0,Mid NW • House
CUST204675,157253.0,17.21,3121378.0,House,0,Mid NW • House
CUST204676,298660.0,22.34,3605121.0,House,0,Mid NW • House
CUST204677,54516225.0,56.73,11127659.0,Wealth,4,High NW • Wealth (modest goals)
CUST204678,-150034.0,6.54,469133.0,Emergency_Fund,2,Low NW • Education
CUST204679,-282958.0,3.52,450069.0,Education,2,Low NW • Education
CUST204680,4344848.0,26.81,1230728.0,Retirement,3,Mid NW • Retirement
CUST204681,2124204.0,25.07,3730693.0,House,0,Mid NW • House
CUST204682,900408.0,10.07,3633186.0,Retirement,3,Mid NW • Retirement
CUST204683,1104723.0,29.3,1131770.0,House,0,Mid NW • House
CUST204684,729577.0,12.67,1244963.0,Retirement,3,Mid NW • Retirement
CUST204685,19937702.0,37.85,22552762.0,Retirement,1,High NW • Wealth (large goals)
CUST204686,3046739.0,21.43,4971285.0,Retirement,3,Mid NW • Retirement
CUST204687,390619.0,29.5,3814057.0,House,0,Mid NW • House
CUST204688,70021.0,13.32,1258792.0,Retirement,3,Mid NW • Retirement
CUST204689,1795407.0,20.48,1848121.0,House,0,Mid NW • House
CUST204690,1159644.0,11.71,4712565.0,House,0,Mid NW • House
CUST204691,5464803.0,24.54,5829065.0,Retirement,3,Mid NW • Retirement
CUST204692,3587798.0,26.97,3311580.0,House,0,Mid NW • House
CUST204693,2611765.0,12.1,1755018.0,Education,2,Low NW • Education
CUST204694,32114433.0,47.55,22902550.0,Wealth,1,High NW • Wealth (large goals)
CUST204695,171851.0,19.4,4669654.0,Education,2,Low NW • Education
CUST204696,3342198.0,14.02,4151026.0,Education,2,Low NW • Education
CUST204697,968105.0,27.42,5181697.0,Retirement,3,Mid NW • Retirement
CUST204698,-77498.0,5.77,75360.0,Emergency_Fund,2,Low NW • Education
CUST204699,10586114.0,36.3,15743054.0,Wealth,1,High NW • Wealth (large goals)
CUST204700,23375881.0,58.98,28505885.0,Wealth,1,High NW • Wealth (large goals)
CUST204701,1218268.0,15.86,5700449.0,Education,2,Low NW • Education
CUST204702,1080040.0,11.39,3298057.0,Retirement,3,Mid NW • Retirement
CUST204703,2390472.0,17.77,3033636.0,Education,2,Low NW • Education
CUST204704,23025720.0,44.03,5291206.0,Wealth,4,High NW • Wealth (modest goals)
CUST204705,2168141.0,26.38,2361034.0,House,0,Mid NW • House
CUST204706,1003704.0,15.04,3906034.0,Retirement,3,Mid NW • Retirement
CUST204707,3622255.0,13.04,3138316.0,Education,2,Low NW • Education
CUST204708,63322.0,57.69,7566593.0,Retirement,1,High NW • Wealth (large goals)
CUST204709,-485268.0,6.85,297684.0,Education,2,Low NW • Education
CUST204710,-99326.0,14.34,3902103.0,House,0,Mid NW • House
CUST204711,-300429.0,38.0,28272145.0,Retirement,1,High NW • Wealth (large goals)
CUST204712,620314.0,26.43,3623630.0,Education,2,Low NW • Education
CUST204713,6344702.0,17.49,3942097.0,House,0,Mid NW • House
CUST204714,1453801.0,15.88,674701.0,Retirement,3,Mid NW • Retirement
CUST204715,-7294.0,12.79,4884477.0,Retirement,3,Mid NW • Retirement
CUST204716,3660374.0,21.82,2760968.0,House,0,Mid NW • House
CUST204717,728718.0,18.62,1801587.0,House,0,Mid NW • House
CUST204718,2239404.0,13.68,2033514.0,Education,2,Low NW • Education
CUST204719,15063998.0,29.0,4835935.0,Education,2,Low NW • Education
CUST204720,125401.0,27.3,3339811.0,Education,2,Low NW • Education
CUST204721,31256697.0,39.06,29632975.0,Wealth,1,High NW • Wealth (large goals)
CUST204722,3742701.0,24.0,1300085.0,House,0,Mid NW • House
CUST204723,1294666.0,18.77,5140775.0,House,0,Mid NW • House
CUST204724,3333468.0,14.63,4613483.0,Retirement,3,Mid NW • Retirement
CUST204725,273763.0,14.58,3948699.0,Retirement,3,Mid NW • Retirement
CUST204726,1460700.0,24.7,5715443.0,Retirement,3,Mid NW • Retirement
CUST204727,-40456.0,14.6,4434122.0,Retirement,3,Mid NW • Retirement
CUST204728,921590.0,29.74,4877584.0,House,0,Mid NW • House
CUST204729,32773508.0,34.78,6294063.0,Wealth,4,High NW • Wealth (modest goals)
CUST204730,3450604.0,17.61,3945838.0,House,0,Mid NW • House
CUST204731,2227034.0,15.44,3690468.0,Retirement,3,Mid NW • Retirement
CUST204732,7480651.0,27.96,1674577.0,Education,2,Low NW • Education
CUST204733,12425921.0,50.79,26686244.0,House,1,High NW • Wealth (large goals)
CUST204734,15620481.0,45.27,5726298.0,Wealth,1,High NW • Wealth (large goals)
CUST204735,2702817.0,17.72,1947163.0,House,0,Mid NW • House
CUST204736,-58687.0,11.96,4249138.0,House,0,Mid NW • House
CUST204737,5914769.0,12.68,1230819.0,Retirement,3,Mid NW • Retirement
CUST204738,4935082.0,18.73,1716009.0,Education,2,Low NW • Education
CUST204739,55033700.0,56.62,29113347.0,Retirement,4,High NW • Wealth (modest goals)
CUST204740,805547.0,12.46,2357869.0,House,0,Mid NW • House
CUST204741,2862851.0,16.14,5909876.0,Retirement,3,Mid NW • Retirement
CUST204742,5917974.0,26.68,3416183.0,House,0,Mid NW • House
CUST204743,999059.0,16.12,4149057.0,Education,2,Low NW • Education
CUST204744,6124681.0,12.02,2961949.0,Retirement,3,Mid NW • Retirement
CUST204745,-111118.0,4.21,97705.0,Emergency_Fund,2,Low NW • Education
CUST204746,1120512.0,19.2,3135986.0,Education,2,Low NW • Education
CUST204747,3178735.0,41.64,17681329.0,Wealth,1,High NW • Wealth (large goals)
CUST204748,7295926.0,22.9,5548369.0,House,0,Mid NW • House
CUST204749,2073247.0,19.59,4742359.0,House,0,Mid NW • House
CUST204750,4536080.0,23.66,2466785.0,Retirement,3,Mid NW • Retirement
CUST204751,5146413.0,10.95,2862603.0,House,0,Mid NW • House
CUST204752,2958.0,13.44,5537156.0,Retirement,3,Mid NW • Retirement
CUST204753,13400391.0,47.82,14578191.0,House,1,High NW • Wealth (large goals)
CUST204754,10302327.0,21.38,875631.0,Retirement,3,Mid NW • Retirement
CUST204755,114228.0,52.91,4481637.0,Retirement,3,Mid NW • Retirement
CUST204756,8273749.0,19.49,5263519.0,House,0,Mid NW • House
CUST204757,-311576.0,10.75,2584531.0,Education,2,Low NW • Education
CUST204758,-299049.0,26.87,4540429.0,Education,2,Low NW • Education
CUST204759,36809653.0,54.8,22360884.0,Retirement,4,High NW • Wealth (modest goals)
CUST204760,2157405.0,27.91,5521444.0,Education,2,Low NW • Education
CUST204761,9678485.0,29.08,5835934.0,Education,2,Low NW • Education
CUST204762,97010.0,41.34,12907457.0,Retirement,1,High NW • Wealth (large goals)
CUST204763,3402306.0,14.03,1683543.0,Retirement,3,Mid NW • Retirement
CUST204764,16068180.0,44.35,8903451.0,Wealth,1,High NW • Wealth (large goals)
CUST204765,3014408.0,12.09,4941041.0,Retirement,3,Mid NW • Retirement
CUST204766,666950.0,11.35,3906828.0,Education,2,Low NW • Education
CUST204767,3407898.0,23.6,750941.0,House,0,Mid NW • House
CUST204768,4373949.0,26.87,3202394.0,House,0,Mid NW • House
CUST204769,7400635.0,11.89,824520.0,Retirement,3,Mid NW • Retirement
CUST204770,3035162.0,18.44,4479424.0,Retirement,3,Mid NW • Retirement
CUST204771,20481526.0,39.68,29461638.0,Wealth,1,High NW • Wealth (large goals)
CUST204772,1495927.0,14.81,4334786.0,House,0,Mid NW • House
CUST204773,49818.0,22.35,1572073.0,Retirement,3,Mid NW • Retirement
CUST204774,2326730.0,15.28,3308365.0,Retirement,3,Mid NW • Retirement
CUST204775,3896606.0,29.4,2517889.0,Retirement,3,Mid NW • Retirement
CUST204776,855457.0,13.71,3674695.0,House,0,Mid NW • House
CUST204777,14041346.0,23.89,3730517.0,House,0,Mid NW • House
CUST204778,13589.0,6.12,532864.0,Emergency_Fund,2,Low NW • Education
CUST204779,1711293.0,25.17,5866372.0,Retirement,3,Mid NW • Retirement
CUST204780,5289977.0,18.93,4000129.0,Education,2,Low NW • Education
CUST204781,1446044.0,26.93,3070803.0,Retirement,3,Mid NW • Retirement
CUST204782,3318897.0,25.3,582100.0,Education,2,Low NW • Education
CUST204783,5230124.0,27.75,3217703.0,Retirement,3,Mid NW • Retirement
CUST204784,5501855.0,14.58,2043276.0,House,0,Mid NW • House
CUST204785,-478475.0,4.19,207533.0,Education,2,Low NW • Education
CUST204786,738523.0,10.37,2550410.0,House,0,Mid NW • House
CUST204787,1666388.0,23.9,2832457.0,Retirement,3,Mid NW • Retirement
CUST204788,398158.0,15.38,1610178.0,Retirement,3,Mid NW • Retirement
CUST204789,2821155.0,26.86,1841815.0,Retirement,3,Mid NW • Retirement
CUST204790,17439633.0,29.01,3497376.0,Retirement,3,Mid NW • Retirement
CUST204791,23499047.0,50.76,15104117.0,Retirement,1,High NW • Wealth (large goals)
CUST204792,20952314.0,47.72,20820806.0,Retirement,1,High NW • Wealth (large goals)
CUST204793,34658269.0,32.93,17537205.0,Retirement,4,High NW • Wealth (modest goals)
CUST204794,42461.0,14.55,848969.0,Retirement,3,Mid NW • Retirement
CUST204795,51143562.0,51.23,26604061.0,Wealth,4,High NW • Wealth (modest goals)
CUST204796,2877826.0,14.77,4753732.0,Education,2,Low NW • Education
CUST204797,3057200.0,20.67,3325764.0,House,0,Mid NW • House
CUST204798,277437.0,21.96,5055890.0,Education,2,Low NW • Education
CUST204799,-373743.0,12.41,5189590.0,House,0,Mid NW • House
CUST204800,5353941.0,10.01,5794593.0,Retirement,3,Mid NW • Retirement
CUST204801,5283798.0,24.45,965007.0,Education,2,Low NW • Education
CUST204802,13568752.0,43.71,15350616.0,Wealth,1,High NW • Wealth (large goals)
CUST204803,35413398.0,45.35,11915443.0,Wealth,4,High NW • Wealth (modest goals)
CUST204804,1189195.0,28.28,751329.0,Retirement,3,Mid NW • Retirement
CUST204805,6448954.0,17.71,1454002.0,Retirement,3,Mid NW • Retirement
CUST204806,17642179.0,49.45,3244540.0,Wealth,4,High NW • Wealth (modest goals)
CUST204807,8462117.0,52.15,13756439.0,Retirement,1,High NW • Wealth (large goals)
CUST204808,4996591.0,29.38,2705509.0,Retirement,3,Mid NW • Retirement
CUST204809,67826231.0,59.02,25999139.0,Wealth,4,High NW • Wealth (modest goals)
CUST204810,3542999.0,10.42,1113498.0,Retirement,3,Mid NW • Retirement
CUST204811,3351874.0,16.93,1969437.0,Retirement,3,Mid NW • Retirement
CUST204812,47242.0,13.25,1509732.0,House,0,Mid NW • House
CUST204813,5384742.0,26.03,5008537.0,Education,2,Low NW • Education
CUST204814,9301131.0,26.04,4345826.0,House,0,Mid NW • House
CUST204815,3158497.0,25.77,793160.0,Retirement,3,Mid NW • Retirement
CUST204816,-70019.0,25.48,4428788.0,House,0,Mid NW • House
CUST204817,7049609.0,26.5,609961.0,Retirement,3,Mid NW • Retirement
CUST204818,3058583.0,17.44,1613398.0,House,0,Mid NW • House
CUST204819,9570561.0,29.16,4574230.0,House,0,Mid NW • House
CUST204820,5470062.0,16.6,5143301.0,Education,2,Low NW • Education
CUST204821,4525524.0,22.71,4001089.0,House,0,Mid NW • House
CUST204822,2149078.0,24.76,2253880.0,Retirement,3,Mid NW • Retirement
CUST204823,3823983.0,23.95,1774605.0,Retirement,3,Mid NW • Retirement
CUST204824,7160704.0,29.05,4387031.0,Education,2,Low NW • Education
CUST204825,14090428.0,46.13,6139956.0,Retirement,1,High NW • Wealth (large goals)
CUST204826,1452133.0,21.44,2708765.0,Education,2,Low NW • Education
CUST204827,1449573.0,23.31,4165806.0,Retirement,3,Mid NW • Retirement
CUST204828,1770221.0,14.91,5478576.0,Retirement,3,Mid NW • Retirement
CUST204829,1601416.0,14.94,773327.0,House,0,Mid NW • House
CUST204830,9013407.0,29.48,1775426.0,Education,2,Low NW • Education
CUST204831,309778.0,11.49,2933497.0,Retirement,3,Mid NW • Retirement
CUST204832,2462380.0,11.5,2442463.0,House,0,Mid NW • House
CUST204833,6588497.0,35.02,20585349.0,Wealth,1,High NW • Wealth (large goals)
CUST204834,256242.0,14.28,1948619.0,House,0,Mid NW • House
CUST204835,3014245.0,19.97,4406088.0,House,0,Mid NW • House
CUST204836,1579587.0,23.34,1291970.0,House,0,Mid NW • House
CUST204837,2260565.0,16.44,3473735.0,House,0,Mid NW • House
CUST204838,2151228.0,23.94,3419152.0,Retirement,3,Mid NW • Retirement
CUST204839,7972101.0,27.16,3811095.0,House,0,Mid NW • House
CUST204840,13937202.0,29.85,2764470.0,Retirement,3,Mid NW • Retirement
CUST204841,1045772.0,17.56,5554608.0,Retirement,3,Mid NW • Retirement
CUST204842,13388048.0,26.45,4960272.0,Education,2,Low NW • Education
CUST204843,969127.0,27.06,2354953.0,Education,2,Low NW • Education
CUST204844,253587.0,13.59,1734187.0,Retirement,3,Mid NW • Retirement
CUST204845,1701903.0,17.53,3341808.0,House,0,Mid NW • House
CUST204846,526270.0,38.62,6892301.0,House,0,Mid NW • House
CUST204847,457709.0,14.49,724758.0,Education,2,Low NW • Education
CUST204848,9258331.0,27.54,5220597.0,House,0,Mid NW • House
CUST204849,1311648.0,16.06,5703056.0,Retirement,3,Mid NW • Retirement
CUST204850,11822405.0,43.07,17616154.0,Wealth,1,High NW • Wealth (large goals)
CUST204851,780556.0,23.68,622680.0,House,0,Mid NW • House
CUST204852,35354135.0,54.41,6190762.0,Retirement,4,High NW • Wealth (modest goals)
CUST204853,3615506.0,10.21,2271049.0,House,0,Mid NW • House
CUST204854,17490.0,25.01,3822816.0,Retirement,3,Mid NW • Retirement
CUST204855,-373937.0,27.07,2889722.0,Retirement,3,Mid NW • Retirement
CUST204856,43079512.0,52.17,21830852.0,Retirement,4,High NW • Wealth (modest goals)
CUST204857,-9298.0,15.59,1047482.0,House,0,Mid NW • House
CUST204858,470335.0,30.65,17548620.0,Retirement,1,High NW • Wealth (large goals)
CUST204859,3226699.0,22.48,3081912.0,Education,2,Low NW • Education
CUST204860,6055777.0,23.13,550760.0,House,0,Mid NW • House
CUST204861,18820598.0,28.13,1598527.0,Education,2,Low NW • Education
CUST204862,2208466.0,13.93,5561905.0,House,0,Mid NW • House
CUST204863,6223830.0,58.17,26837476.0,Wealth,1,High NW • Wealth (large goals)
CUST204864,2077975.0,21.38,4547844.0,House,0,Mid NW • House
CUST204865,280828.0,15.63,3090721.0,Education,2,Low NW • Education
CUST204866,4853211.0,16.52,4724880.0,Retirement,3,Mid NW • Retirement
CUST204867,26584784.0,32.55,11669727.0,Retirement,4,High NW • Wealth (modest goals)
CUST204868,-39060.0,5.24,429524.0,Emergency_Fund,2,Low NW • Education
CUST204869,5736361.0,16.92,2172865.0,Education,2,Low NW • Education
CUST204870,3577789.0,21.49,4562455.0,House,0,Mid NW • House
CUST204871,26817104.0,58.82,25641130.0,Wealth,1,High NW • Wealth (large goals)
CUST204872,14152.0,10.05,945161.0,Retirement,3,Mid NW • Retirement
CUST204873,28980.0,17.75,859505.0,Retirement,3,Mid NW • Retirement
CUST204874,47933672.0,41.54,8710278.0,House,4,High NW • Wealth (modest goals)
CUST204875,2216779.0,24.26,4171349.0,Education,2,Low NW • Education
CUST204876,3325997.0,16.5,5015271.0,Retirement,3,Mid NW • Retirement
CUST204877,4439892.0,15.17,2785010.0,Retirement,3,Mid NW • Retirement
CUST204878,-640216.0,12.91,5908445.0,House,0,Mid NW • House
CUST204879,-276445.0,15.49,3025168.0,Education,2,Low NW • Education
CUST204880,2493388.0,10.58,3166695.0,Retirement,3,Mid NW • Retirement
CUST204881,832717.0,17.89,893803.0,House,0,Mid NW • House
CUST204882,1775113.0,19.82,4469906.0,House,0,Mid NW • House
CUST204883,4698723.0,29.75,3014031.0,House,0,Mid NW • House
CUST204884,2521232.0,15.62,4221001.0,House,0,Mid NW • House
CUST204885,1614964.0,20.26,1042052.0,Retirement,3,Mid NW • Retirement
CUST204886,9357278.0,28.42,3969067.0,House,0,Mid NW • House
CUST204887,34307103.0,46.1,22315970.0,Retirement,4,High NW • Wealth (modest goals)
CUST204888,3435503.0,12.79,1008408.0,Education,2,Low NW • Education
CUST204889,367404.0,10.61,763733.0,Retirement,3,Mid NW • Retirement
CUST204890,46277.0,1.54,397370.0,Emergency_Fund,2,Low NW • Education
CUST204891,1879030.0,14.24,3504285.0,Retirement,3,Mid NW • Retirement
CUST204892,3972581.0,16.93,1895383.0,Retirement,3,Mid NW • Retirement
CUST204893,1451782.0,17.56,1619329.0,Retirement,3,Mid NW • Retirement
CUST204894,3215105.0,19.02,4554621.0,Retirement,3,Mid NW • Retirement
CUST204895,1443894.0,14.46,4160814.0,Retirement,3,Mid NW • Retirement
CUST204896,36383438.0,36.88,22135266.0,Retirement,4,High NW • Wealth (modest goals)
CUST204897,1560218.0,15.34,5342424.0,Retirement,3,Mid NW • Retirement
CUST204898,2949897.0,16.81,3409143.0,Education,2,Low NW • Education
CUST204899,-250880.0,13.45,5096731.0,Retirement,3,Mid NW • Retirement
CUST204900,365448.0,24.99,3408009.0,Retirement,3,Mid NW • Retirement
CUST204901,19556486.0,46.94,6464008.0,Wealth,4,High NW • Wealth (modest goals)
CUST204902,7503098.0,20.67,5555728.0,House,0,Mid NW • House
CUST204903,3444277.0,25.27,3774739.0,Retirement,3,Mid NW • Retirement
CUST204904,408164.0,12.29,1550477.0,Education,2,Low NW • Education
CUST204905,4060191.0,20.69,5099151.0,Retirement,3,Mid NW • Retirement
CUST204906,35984423.0,45.5,23360180.0,Wealth,4,High NW • Wealth (modest goals)
CUST204907,167462.0,24.21,5799077.0,Education,2,Low NW • Education
CUST204908,1185515.0,10.72,3381094.0,Retirement,3,Mid NW • Retirement
CUST204909,31930716.0,35.71,15424224.0,House,4,High NW • Wealth (modest goals)
CUST204910,509075.0,10.65,610081.0,House,0,Mid NW • House
CUST204911,2664522.0,14.99,3833544.0,Retirement,3,Mid NW • Retirement
CUST204912,5092921.0,25.54,5102043.0,Retirement,3,Mid NW • Retirement
CUST204913,1388749.0,27.53,5233452.0,House,0,Mid NW • House
CUST204914,27763579.0,43.67,3618494.0,Retirement,4,High NW • Wealth (modest goals)
CUST204915,143353.0,1.44,150434.0,Emergency_Fund,2,Low NW • Education
CUST204916,5034334.0,10.71,573759.0,House,0,Mid NW • House
CUST204917,5376555.0,35.8,2720884.0,Retirement,3,Mid NW • Retirement
CUST204918,3709173.0,24.4,5820489.0,Retirement,3,Mid NW • Retirement
CUST204919,771100.0,56.77,29372519.0,Retirement,1,High NW • Wealth (large goals)
CUST204920,3321726.0,11.76,2528161.0,Retirement,3,Mid NW • Retirement
CUST204921,7781374.0,25.77,1453477.0,Education,2,Low NW • Education
CUST204922,12612476.0,29.59,4164162.0,Retirement,3,Mid NW • Retirement
CUST204923,2520227.0,18.46,1425988.0,Retirement,3,Mid NW • Retirement
CUST204924,19871708.0,56.07,12166354.0,Retirement,1,High NW • Wealth (large goals)
CUST204925,-193079.0,21.17,934148.0,House,0,Mid NW • House
CUST204926,6911824.0,28.02,2442207.0,House,0,Mid NW • House
CUST204927,46000013.0,35.26,5812772.0,House,4,High NW • Wealth (modest goals)
CUST204928,148882.0,29.84,1371201.0,Retirement,3,Mid NW • Retirement
CUST204929,2735954.0,23.15,5672180.0,House,0,Mid NW • House
CUST204930,4253048.0,12.43,3089839.0,Retirement,3,Mid NW • Retirement
CUST204931,3187495.0,12.61,4040571.0,House,0,Mid NW • House
CUST204932,16048.0,4.9,174188.0,Education,2,Low NW • Education
CUST204933,3593297.0,18.03,548158.0,House,0,Mid NW • House
CUST204934,52821.0,17.73,3118664.0,House,0,Mid NW • House
CUST204935,3689398.0,13.23,1691033.0,Retirement,3,Mid NW • Retirement
CUST204936,3571252.0,12.11,5945372.0,House,0,Mid NW • House
CUST204937,3790146.0,14.13,2838463.0,House,0,Mid NW • House
CUST204938,15546503.0,44.05,12647867.0,Wealth,1,High NW • Wealth (large goals)
CUST204939,12220341.0,25.53,4848856.0,House,0,Mid NW • House
CUST204940,1465779.0,14.7,1997008.0,Retirement,3,Mid NW • Retirement
CUST204941,7270205.0,28.21,1401488.0,Education,2,Low NW • Education
CUST204942,4862640.0,29.78,3977708.0,Retirement,3,Mid NW • Retirement
CUST204943,2210253.0,12.53,3799100.0,Retirement,3,Mid NW • Retirement
CUST204944,1533199.0,15.29,5719690.0,Education,2,Low NW • Education
CUST204945,40864249.0,40.62,11720139.0,Wealth,4,High NW • Wealth (modest goals)
CUST204946,963980.0,20.45,1147621.0,Retirement,3,Mid NW • Retirement
CUST204947,1619096.0,24.56,5066155.0,Retirement,3,Mid NW • Retirement
CUST204948,2191196.0,25.3,1814318.0,Retirement,3,Mid NW • Retirement
CUST204949,2094791.0,25.24,5111431.0,Education,2,Low NW • Education
CUST204950,183688.0,16.48,4333008.0,Retirement,3,Mid NW • Retirement
CUST204951,1070468.0,13.27,1730375.0,Retirement,3,Mid NW • Retirement
CUST204952,528993.0,26.1,4889357.0,House,0,Mid NW • House
CUST204953,3877942.0,20.82,4190362.0,Retirement,3,Mid NW • Retirement
CUST204954,1859794.0,14.71,1152412.0,Retirement,3,Mid NW • Retirement
CUST204955,9120137.0,22.78,4950698.0,Retirement,3,Mid NW • Retirement
CUST204956,2114095.0,11.76,2231802.0,Retirement,3,Mid NW • Retirement
CUST204957,929114.0,17.04,2309789.0,Education,2,Low NW • Education
CUST204958,1449969.0,12.66,545342.0,Retirement,3,Mid NW • Retirement
CUST204959,3053717.0,17.71,2477182.0,Education,2,Low NW • Education
CUST204960,2168577.0,20.57,1026696.0,Retirement,3,Mid NW • Retirement
CUST204961,3486474.0,37.73,27374005.0,Retirement,1,High NW • Wealth (large goals)
CUST204962,3315007.0,10.94,5539189.0,House,0,Mid NW • House
CUST204963,3162150.0,21.71,1192228.0,Education,2,Low NW • Education
CUST204964,617762.0,14.34,1620234.0,Retirement,3,Mid NW • Retirement
CUST204965,-6855.0,8.76,487136.0,Education,2,Low NW • Education
CUST204966,63440.0,27.17,4496956.0,Retirement,3,Mid NW • Retirement
CUST204967,2324586.0,28.13,5591198.0,House,0,Mid NW • House
CUST204968,792323.0,17.13,2615385.0,House,0,Mid NW • House
CUST204969,2143976.0,29.02,5551941.0,Education,2,Low NW • Education
CUST204970,2567653.0,26.95,733282.0,House,0,Mid NW • House
CUST204971,-560752.0,14.88,4110547.0,House,0,Mid NW • House
CUST204972,5580190.0,19.16,5674236.0,House,0,Mid NW • House
CUST204973,33149631.0,53.9,16038462.0,Wealth,4,High NW • Wealth (modest goals)
CUST204974,135841.0,19.82,3600545.0,Retirement,3,Mid NW • Retirement
CUST204975,1985677.0,16.96,1391953.0,House,0,Mid NW • House
CUST204976,2963665.0,17.95,4287267.0,House,0,Mid NW • House
CUST204977,146607.0,4.29,453721.0,Emergency_Fund,2,Low NW • Education
CUST204978,7758588.0,20.92,1939181.0,House,0,Mid NW • House
CUST204979,47381187.0,44.2,5409303.0,Retirement,4,High NW • Wealth (modest goals)
CUST204980,3651979.0,18.8,793584.0,Retirement,3,Mid NW • Retirement
CUST204981,1746996.0,18.68,4827298.0,House,0,Mid NW • House
CUST204982,4293161.0,17.28,3301034.0,Retirement,3,Mid NW • Retirement
CUST204983,775440.0,10.54,5409424.0,Retirement,3,Mid NW • Retirement
CUST204984,25375126.0,45.1,9388562.0,Retirement,4,High NW • Wealth (modest goals)
CUST204985,29602.0,20.85,834418.0,House,0,Mid NW • House
CUST204986,8069452.0,28.05,5993231.0,House,0,Mid NW • House
CUST204987,2075169.0,18.43,4912982.0,Retirement,3,Mid NW • Retirement
CUST204988,22261168.0,42.29,12928192.0,Retirement,1,High NW • Wealth (large goals)
CUST204989,9280980.0,15.71,1103404.0,Retirement,3,Mid NW • Retirement
CUST204990,21980109.0,36.87,13488266.0,Wealth,1,High NW • Wealth (large goals)
CUST204991,213033.0,21.06,4940025.0,Retirement,3,Mid NW • Retirement
CUST204992,22377553.0,38.01,8150219.0,House,4,High NW • Wealth (modest goals)
CUST204993,25584493.0,53.41,19901112.0,Wealth,1,High NW • Wealth (large goals)
CUST204994,5580041.0,22.72,5502518.0,Education,2,Low NW • Education
CUST204995,2379365.0,13.06,1552135.0,House,0,Mid NW • House
CUST204996,475522.0,23.31,5289285.0,Retirement,3,Mid NW • Retirement
CUST204997,6480530.0,20.1,3677611.0,Retirement,3,Mid NW • Retirement
CUST204998,18383538.0,24.55,4412250.0,House,0,Mid NW • House
CUST204999,547270.0,11.95,5709550.0,Retirement,3,Mid NW • Retirement
